category,prod_name,prod_price,product_picture,run_date
Espumantes,VINO CELLA BOTELLA 750 CC TINTO,Gs   69.750,https://www.stock.com.py/images/thumbs/0180670_500.jpeg,5/12/24
Espumantes,VINO ESPUMANTE DRY SEC 3x200ML HENKELL PACK,Gs   72.400,https://www.stock.com.py/images/thumbs/0179761_500.jpeg,5/12/24
Alfajores,ALFAJOR ALFANUT BLANCO TATAKUA 30GR,Gs   7.500,https://www.stock.com.py/images/thumbs/0208549_500.jpeg,5/12/24
Alfajores,ALFAJOR PARAGUAYOITE/FORTIN TATAKUA 35GR,Gs   6.000,https://www.stock.com.py/images/thumbs/0208548_500.jpeg,5/12/24
Alfajores,ALFAJOR PROTEICO BANOFFEE LANDERFIT 50GR,Gs   13.800,https://www.stock.com.py/images/thumbs/0207638_500.jpeg,5/12/24
Alfajores,ALFAJOR COOKIES AND CREAM LANDERFIT 50GR,Gs   13.800,https://www.stock.com.py/images/thumbs/0207637_500.jpeg,5/12/24
Alfajores,ALFAJOR PROTEICO RED BERRY LANDERFIT 50G,Gs   13.800,https://www.stock.com.py/images/thumbs/0207636_500.jpeg,5/12/24
Alfajores,MAZZEI ALFAJOR TRIPLE RELLENO CON DULCE DE LECHE COBERTURA CHOCOLATE BLANCO 65 GR,Gs   2.500,https://www.stock.com.py/images/thumbs/0206342_500.jpeg,5/12/24
Alfajores,MAZZEI ALFAJOR TRIPLE RELLENO CON DULCE DE LECHE COBERTURA CHOCOLATE NEGRO 65 GR,Gs   2.500,https://www.stock.com.py/images/thumbs/0206341_500.jpeg,5/12/24
Alfajores,ALFAJOR NEVARES D. DE LECHE BLANCO 40X45G.,Gs   1.500,https://www.stock.com.py/images/thumbs/0204777_500.jpeg,5/12/24
Alfajores,ALFAJOR NEVARES D. DE LECHE NEGRO 40X45G.,Gs   1.500,https://www.stock.com.py/images/thumbs/0204776_500.jpeg,5/12/24
Alfajores,ALFAJOR FANTASIO TRES BLANCO 70GR PLAST,Gs   2.800,https://www.stock.com.py/images/thumbs/0204462_500.jpeg,5/12/24
Alfajores,AGUILA MINI TORTA BROWNIE 71.5 GR,Gs   7.000,https://www.stock.com.py/images/thumbs/0199664_500.jpeg,5/12/24
Alfajores,MINI TORTA RAPSODIA 24X80G.,Gs   2.950,https://www.stock.com.py/images/thumbs/0191393_500.jpeg,5/12/24
Alfajores,ALFAJORES MILKA 4UN CAJA,Gs   26.400,https://www.stock.com.py/images/thumbs/0183752_500.jpeg,5/12/24
Alfajores,ALFAJORES TRIPLE MOUSSE BLANCO 6UN MILKA 55GR CJA,Gs   36.900,https://www.stock.com.py/images/thumbs/0182212_500.jpeg,5/12/24
Alfajores,ALFAJOR BON O BON CHOC NEGRO AGRUP 240 GR X UN,Gs   21.000,https://www.stock.com.py/images/thumbs/0178550_500.jpeg,5/12/24
Alfajores,ALFAJOR BON O BON TRIPLE 60 GR BON O BON,Gs   6.000,https://www.stock.com.py/images/thumbs/0174878_500.jpeg,5/12/24
Alfajores,ALFAJOR BON O BON NEGRO 60 GR,Gs   4.300,https://www.stock.com.py/images/thumbs/0174877_500.jpeg,5/12/24
Alfajores,ALFAJOR NEVARES TRIPLE BLANCO 24X70G.,Gs   2.550,https://www.stock.com.py/images/thumbs/0174213_500.jpeg,5/12/24
Alfajores,ALFAJOR NEVARES TRIPLE NEGRO 24X70G.,Gs   2.550,https://www.stock.com.py/images/thumbs/0174212_500.jpeg,5/12/24
Alfajores,ALFAJOR ARTESANAL CHOCO NEGRO TATAKUA 80GR PLAST,Gs   12.000,https://www.stock.com.py/images/thumbs/0172351_500.jpeg,5/12/24
Alfajores,ALFAJOR ARTESANAL CHOCO BLANCO TATAKUA 70GR PLAST,Gs   12.000,https://www.stock.com.py/images/thumbs/0172348_500.jpeg,5/12/24
Alfajores,ALFAJOR OREO 61GR MILKA DISP,Gs   4.950,https://www.stock.com.py/images/thumbs/0169192_500.jpeg,5/12/24
Otras Frutas,CEREZA ROJA FALCON X KG,Gs   154.900,https://www.stock.com.py/images/thumbs/0139714_500.jpeg,5/12/24
Otras Frutas,ALMENDRA GRA 1 KG,Gs   163.950,https://www.stock.com.py/images/thumbs/0138497_500.jpeg,5/12/24
Otras Frutas,CIRUELA SECA CON CAROZO SANTA ANA .,Gs   60.750,https://www.stock.com.py/images/thumbs/0138370_500.jpeg,5/12/24
Pan de Molde,PAN DULCE C/FRUTAS Y ALMEN MAZZEI 400GR,Gs   59.900,https://www.stock.com.py/images/thumbs/0212594_500.jpeg,5/12/24
Pan de Molde,PANETTONE CON FRUTAS BAUDUCCO 80 GR,Gs   7.700,https://www.stock.com.py/images/thumbs/0212328_500.jpeg,5/12/24
Pan de Molde,PANETTONE SABOR CHOCOLATE BAUDUCCO 80GR,Gs   7.700,https://www.stock.com.py/images/thumbs/0212327_500.jpeg,5/12/24
Pan de Molde,BIMBO ARTESANO BRIOCHE PAN PARA HAMBURGUESA 340 GR 4 UNIDADES,Gs   10.900,https://www.stock.com.py/images/thumbs/0209681_500.png,5/12/24
Pan de Molde,PAN DE HAMBURGUESA ARTESANO BIMBO 4UNID.,Gs   9.900,https://www.stock.com.py/images/thumbs/0209674_500.png,5/12/24
Pan de Molde,PAN ARTESANO BIMBO 500GR BSA ,Gs   13.900,https://www.stock.com.py/images/thumbs/0209670_500.png,5/12/24
Pan de Molde,PAN LACTEADO CHICO BIMBO 400GR,Gs   10.900,https://www.stock.com.py/images/thumbs/0209664_500.jpeg,5/12/24
Pan de Molde,PAN DE HAMBURGUESA PANTODOS PAQUETE 6 UN X 340 GR,Gs   7.900,https://www.stock.com.py/images/thumbs/0209662_500.png,5/12/24
Pan de Molde,PAN SANDWICH LACTEADO PAQUETE 600 GR.,Gs   12.500,https://www.stock.com.py/images/thumbs/0209660_500.png,5/12/24
Pan de Molde,PAN DE VIENA PANTODOS BOLSA 12 UN,Gs   8.900,https://www.stock.com.py/images/thumbs/0209657_500.png,5/12/24
Pan de Molde,PAN PARA SANDWICH PANTODOS BOLSA 46,Gs   8.900,https://www.stock.com.py/images/thumbs/0209656_500.png,5/12/24
Pan de Molde,PAN PARA SANDWICH PANTODOS 850GR,Gs   15.900,https://www.stock.com.py/images/thumbs/0209655_500.png,5/12/24
Pan de Molde,EL GERMANO PANCITOS CHIP 350 GR,Gs   13.100,https://www.stock.com.py/images/thumbs/0207613_500.jpeg,5/12/24
Pan de Molde,PANETTONE C/GOTAS DE CHOC BAUDUCCO 680GR,Gs   58.700,https://www.stock.com.py/images/thumbs/0207474_500.jpeg,5/12/24
Pan de Molde,PANETTONE CON FRUTAS BAUDUCCO 680 GR,Gs   58.700,https://www.stock.com.py/images/thumbs/0207473_500.jpeg,5/12/24
Pan de Molde,PANETTONE BAUDUCCO SAB/VAINILLAMINI 80GR,Gs   7.700,https://www.stock.com.py/images/thumbs/0207278_500.jpeg,5/12/24
Pan de Molde,PANDULCE TRADICIONAL C/FRUT VENETO 400GR,Gs   13.900,https://www.stock.com.py/images/thumbs/0206854_500.jpeg,5/12/24
Pan de Molde,EDWARD DOBLE SALVADO PAN CON SALVADO 400 GR,Gs   10.900,https://www.stock.com.py/images/thumbs/0205496_500.jpeg,5/12/24
Pan de Molde,PAN P/SUPER PANCHO 6UN MY FRIEND PAQ,Gs   7.200,https://www.stock.com.py/images/thumbs/0205490_500.jpeg,5/12/24
Pan de Molde,EDWARD PAN DE GLUTEN 400 GR,Gs   10.900,https://www.stock.com.py/images/thumbs/0203745_500.jpeg,5/12/24
Pan de Molde,PAN DULCE CON CHIPS DE CHOCOLATE ARCOIRIS 400GR,Gs   22.000,https://www.stock.com.py/images/thumbs/0199097_500.jpeg,5/12/24
Pan de Molde,PAN DE HAMBURGUESA EL GERMANO 350GR,Gs   9.600,https://www.stock.com.py/images/thumbs/0198732_500.jpeg,5/12/24
Pan de Molde,PAN DE GLUTEN CON SEMILLAS EL GERMANO 300GR,Gs   21.400,https://www.stock.com.py/images/thumbs/0194955_500.jpeg,5/12/24
Pan de Molde,ARCOIRIS PAN DULCE CON FRUTAS 800 GR,Gs   33.300,https://www.stock.com.py/images/thumbs/0192409_500.jpeg,5/12/24
Pan de Molde,PAN PARA SANDWICH BLANCO 450 GR LA NEGRITA BSA,Gs   8.550,https://www.stock.com.py/images/thumbs/0192156_500.jpeg,5/12/24
Pan de Molde,PAN PARA HAMBURGUESA EDWARD,Gs   8.900,https://www.stock.com.py/images/thumbs/0192118_500.jpeg,5/12/24
Pan de Molde,PANCITO DE VIENA EDWARD 12UN,Gs   8.900,https://www.stock.com.py/images/thumbs/0192117_500.jpeg,5/12/24
Pan de Molde,PAN DE GLUTEN EL GERMANO 300GR,Gs   20.200,https://www.stock.com.py/images/thumbs/0187174_500.jpeg,5/12/24
Margarina,DELICATA MARGARINA CREMA VEGETAL 250 GR,Gs   6.450,https://www.stock.com.py/images/thumbs/0183231_500.jpeg,5/12/24
Margarina,DELICATA MARGARINA CREMA VEGETAL 500 GR,Gs   11.700,https://www.stock.com.py/images/thumbs/0183230_500.jpeg,5/12/24
Margarina,MARGARINA SADIA QUALY ISTITUCIONA X KG,Gs   31.600,https://www.stock.com.py/images/thumbs/0173578_500.jpeg,5/12/24
Margarina,GRASA VEGETAL OK POTE 500GR ,Gs   11.700,https://www.stock.com.py/images/thumbs/0173558_500.jpeg,5/12/24
Margarina,MARGARINA OK P/COCINAR 500GR POT,Gs   10.750,https://www.stock.com.py/images/thumbs/0173557_500.jpeg,5/12/24
Margarina,MARGARINA OK P/COCINAR 250GR POT,Gs   5.900,https://www.stock.com.py/images/thumbs/0173556_500.jpeg,5/12/24
A Granel,JAMONADA GRANDE KG.,Gs   18.900,https://www.stock.com.py/images/thumbs/0211711_500.jpeg,5/12/24
A Granel,SALAME LA CASONA TIPO MILAN X KG,Gs   117.100,https://www.stock.com.py/images/thumbs/0211528_500.jpeg,5/12/24
A Granel,SALAME LA CASONA PEPPERONI X KG,Gs   121.400,https://www.stock.com.py/images/thumbs/0211517_500.jpeg,5/12/24
A Granel,FIAMBRE UPISA CERVECERO X KG,Gs   34.900,https://www.stock.com.py/images/thumbs/0208304_500.jpeg,5/12/24
A Granel,PANCETA AHUMADA X KG UPISA,Gs   59.500,https://www.stock.com.py/images/thumbs/0207018_500.jpeg,5/12/24
A Granel,SALAME TIPO MILAN CHACRA xKG,Gs   53.950,https://www.stock.com.py/images/thumbs/0198472_500.jpeg,5/12/24
A Granel,SALAME TIPO MILAN CAGNOLI XKG S/E,Gs   71.350,https://www.stock.com.py/images/thumbs/0198471_500.png,5/12/24
A Granel,JAMONADA FRIMESA xKG,Gs   36.900,https://www.stock.com.py/images/thumbs/0187848_500.jpeg,5/12/24
A Granel,CHORIZO PARRILLERO SIN PICANTE FRANZ xKG,Gs   29.900,https://www.stock.com.py/images/thumbs/0185562_500.jpeg,5/12/24
A Granel,JAMONADA SADIA X KG,Gs   37.200,https://www.stock.com.py/images/thumbs/0173834_500.jpeg,5/12/24
A Granel,PECHUGA DE PAVO SADIA X KG,Gs   132.900,https://www.stock.com.py/images/thumbs/0173751_500.jpeg,5/12/24
A Granel,PALETA COCIDA DE JAMON CERDO SADIA ,Gs   57.800,https://www.stock.com.py/images/thumbs/0173750_500.jpeg,5/12/24
A Granel,JAMON COCIDO FRANZ X KG,Gs   63.500,https://www.stock.com.py/images/thumbs/0166602_500.png,5/12/24
A Granel,CHORIZO DE VIENA FRANZ X KG,Gs   29.900,https://www.stock.com.py/images/thumbs/0161471_500.jpeg,5/12/24
A Granel,PANCHO FRANZ X KG,Gs   30.900,https://www.stock.com.py/images/thumbs/0161470_500.jpeg,5/12/24
A Granel,SALAMITOS PAQUETE 4 UN,Gs   78.900,https://www.stock.com.py/images/thumbs/0159372_500.png,5/12/24
A Granel,FIAMBRE SURTIDO OCHSI X KG,Gs   39.900,https://www.stock.com.py/images/thumbs/0157732_500.jpeg,5/12/24
A Granel,PANCETA AHUMADA OCHSI X KG,Gs   67.900,https://www.stock.com.py/images/thumbs/0157729_500.jpeg,5/12/24
A Granel,JAMON CRUDO OCHSI 1 KG,Gs   73.900,https://www.stock.com.py/images/thumbs/0157723_500.jpeg,5/12/24
A Granel,MORTADELA ESPECIAL FRANZ X KG,Gs   34.450,https://www.stock.com.py/images/thumbs/0140385_500.jpeg,5/12/24
A Granel,FIAMBRE SURTIDOS FRANZ X KG ,Gs   31.950,https://www.stock.com.py/images/thumbs/0140368_500.jpeg,5/12/24
A Granel,JAMONADA FRANZ X KG,Gs   29.900,https://www.stock.com.py/images/thumbs/0140366_500.jpeg,5/12/24
A Granel,SALAME CHORTI TIPO PEPERONI X KL,Gs   79.900,https://www.stock.com.py/images/thumbs/0140346_500.jpeg,5/12/24
A Granel,PANCETA AHUMADA CHORTI X KG,Gs   60.900,https://www.stock.com.py/images/thumbs/0139530_500.jpeg,5/12/24
A Granel,FIAMBRE SURTIDO GRANDE X KG . GRANDE,Gs   21.900,https://www.stock.com.py/images/thumbs/0139409_500.jpeg,5/12/24
A Granel,JAMON CRUDO CHORTI X KG,Gs   62.900,https://www.stock.com.py/images/thumbs/0139268_500.jpeg,5/12/24
A Granel,JAMONADA CHORTI GRA 1 KL,Gs   36.500,https://www.stock.com.py/images/thumbs/0138729_500.jpeg,5/12/24
Cubiertos,JUEGO TRINCHANTE 2 PIEZAS TRAMONTINA,Gs   34.600,https://www.stock.com.py/images/thumbs/0201212_500.jpeg,5/12/24
Cubiertos,JUEGO MARTINAZZO PARA ASADOR MADER 5 PIEZAS,Gs   191.000,https://www.stock.com.py/images/thumbs/0200760_500.jpeg,5/12/24
Cubiertos,JUEGO ASADOR MARTINAZZO 2 PIEZAS MANGO MADERA,Gs   69.900,https://www.stock.com.py/images/thumbs/0200758_500.jpeg,5/12/24
Cubiertos,JUEGO MARTINAZZO PARA ASAD MANG MADERA 2 PIEZAS,Gs   52.600,https://www.stock.com.py/images/thumbs/0200757_500.jpeg,5/12/24
Cubiertos,TRAMONTINA CUCHARA ANGRA PARA TE,Gs   4.200,https://www.stock.com.py/images/thumbs/0200643_500.jpeg,5/12/24
Cubiertos,TRAMONTINA CUCHILLO ANGRA PARA ASADO,Gs   7.200,https://www.stock.com.py/images/thumbs/0200642_500.jpeg,5/12/24
Cubiertos,TRAMONTINA JUEGO ASADOR CON CHAIRA 2 PIEZAS,Gs   48.900,https://www.stock.com.py/images/thumbs/0200601_500.jpeg,5/12/24
Cubiertos,TRAMONTINA PINCHO DOBLE DE ACERO INOXIDABLE,Gs   60.800,https://www.stock.com.py/images/thumbs/0200599_500.jpeg,5/12/24
Cubiertos,TRAMONTINA ESPETO FINO PARA ASADO 85 CM,Gs   31.900,https://www.stock.com.py/images/thumbs/0200597_500.jpeg,5/12/24
Cubiertos,TRAMONTINA CHURRASCO JUEGO ASADOR CON TABLA 3 PIEZAS,Gs   111.200,https://www.stock.com.py/images/thumbs/0200594_500.jpeg,5/12/24
Cubiertos,TRAMONTINA CHURRASCO CEPILLO PARA LIMPIAR PARRILLA,Gs   82.500,https://www.stock.com.py/images/thumbs/0200592_500.jpeg,5/12/24
Cubiertos,JUEGO CUBIERTOS P/ASADO MG MADERA 12 PZ TRAMONTINA CJA,Gs   199.900,https://www.stock.com.py/images/thumbs/0200579_500.jpeg,5/12/24
Cubiertos,JGO CUBIERTOS PLASTICO NEGRO NEW COLOR TRAMONTINA 3 PZ BLIS ,Gs   15.500,https://www.stock.com.py/images/thumbs/0193127_500.jpeg,5/12/24
Cubiertos,TENEDOR/CUCHILLO PARA ASADO,Gs   64.600,https://www.stock.com.py/images/thumbs/0193124_500.jpeg,5/12/24
Cubiertos,TABLA P/ PICAR DE MADERA PEQ ESL S/E,Gs   35.500,https://www.stock.com.py/images/thumbs/0192876_500.jpeg,5/12/24
Cubiertos,TABLA P/ PICAR DE MADERA 20 X 30 CM REF 2302 ,Gs   33.300,https://www.stock.com.py/images/thumbs/0192740_500.jpeg,5/12/24
Cubiertos,CUCHARON INOX S/E DAYO REF KT0029 ,Gs   10.700,https://www.stock.com.py/images/thumbs/0189612_500.jpeg,5/12/24
Cubiertos,CUCHARA GRANDE NYLON S/E DAYO REF KT0028A,Gs   11.200,https://www.stock.com.py/images/thumbs/0189611_500.jpeg,5/12/24
Cubiertos,TABLA P/ PICAR DE MADERA GDE ESL S/E ,Gs   44.500,https://www.stock.com.py/images/thumbs/0183001_500.jpeg,5/12/24
Cubiertos,CUCHILLO CARNICERO 7PULG MANGO BLANCO SUPERUTIL BLIS,Gs   30.600,https://www.stock.com.py/images/thumbs/0182897_500.jpeg,5/12/24
Cubiertos,TABLA PARA PIZZA DE MADERA 34 CM,Gs   72.700,https://www.stock.com.py/images/thumbs/0181809_500.jpeg,5/12/24
Cubiertos,CUCHARA TRAMONTINA ,Gs   30.600,https://www.stock.com.py/images/thumbs/0181534_500.jpeg,5/12/24
Cubiertos,PUZZLEZ TABLA DE PICAR CON RANURA CHICA,Gs   24.150,https://www.stock.com.py/images/thumbs/0178086_500.jpeg,5/12/24
Cubiertos,PORTA LLAVES PUZZLEZ MADERA,Gs   8.550,https://www.stock.com.py/images/thumbs/0178082_500.jpeg,5/12/24
Cubiertos,PUZZLEZ TABLA DE PICAR CON RANURA  MEDIANA,Gs   27.000,https://www.stock.com.py/images/thumbs/0178074_500.jpeg,5/12/24
Cubiertos,PUZZLEZ TABLA DE PICAR CON AGARRADERA DOBLE GRANDE,Gs   44.750,https://www.stock.com.py/images/thumbs/0178072_500.jpeg,5/12/24
Cubiertos,CUCHARA TRAMONTINA AZUL NEW KOLOR 1UN,Gs   2.500,https://www.stock.com.py/images/thumbs/0154301_500.jpeg,5/12/24
Cubiertos,TENEDOR TRAMONTINA AZUL NEW KOLOR 1UN,Gs   2.500,https://www.stock.com.py/images/thumbs/0154298_500.jpeg,5/12/24
Abono/Semillas,ABONO ORGANICO BOLSA 1 UN 12 KI,Gs   26.900,https://www.stock.com.py/images/thumbs/0206313_500.jpeg,5/12/24
Abono/Semillas,AGROJARDIN CORTEZA DE PINO 1 KG,Gs   32.000,https://www.stock.com.py/images/thumbs/0200054_500.jpeg,5/12/24
Abono/Semillas,AGROJARDIN FERTILIZANTE PARA HELECHOS 450 ML,Gs   26.800,https://www.stock.com.py/images/thumbs/0200053_500.jpeg,5/12/24
Abono/Semillas,AGROJARDIN FERTILIZANTE PARA ROSA DEL DESIERTO 450 ML,Gs   27.400,https://www.stock.com.py/images/thumbs/0200052_500.jpeg,5/12/24
Abono/Semillas,AGROJARDIN FERTILIZANTE PARA ORQUIDEAS 450 ML,Gs   27.400,https://www.stock.com.py/images/thumbs/0200051_500.jpeg,5/12/24
Abono/Semillas,FERTILIZANTE CRECE MAS 1 U,Gs   33.500,https://www.stock.com.py/images/thumbs/0190713_500.jpeg,5/12/24
Abono/Semillas,CRECE MAS BRILLO PARA HOJAS SPRAY,Gs   37.700,https://www.stock.com.py/images/thumbs/0190712_500.jpeg,5/12/24
Abono/Semillas,ABONO ORGANICO PARA PLANTAS REF. 3124 X 345 CC DENUCIO BOT,Gs   33.500,https://www.stock.com.py/images/thumbs/0190710_500.jpeg,5/12/24
Abono/Semillas,INCENTIVADOR CRECE MAS EP 1 UN,Gs   35.500,https://www.stock.com.py/images/thumbs/0190708_500.jpeg,5/12/24
Abono/Semillas,FERTIFIELD GARDEN LINE ORQUIDEAS X 100 GR,Gs   22.000,https://www.stock.com.py/images/thumbs/0185197_500.jpeg,5/12/24
Abono/Semillas,FERTILIZANTE FERTIFIELD ABONO FOLIAR X 250 CC,Gs   9.000,https://www.stock.com.py/images/thumbs/0185195_500.jpeg,5/12/24
Abono/Semillas,FERTILIZANTE UREA AGRICOLA 1 KG AGROFIELD,Gs   23.500,https://www.stock.com.py/images/thumbs/0185193_500.jpeg,5/12/24
Abono/Semillas,HUMUS DE LOMBRIS ROJA CALIFORNIANA NUEVA TIERRA 2KG,Gs   11.000,https://www.stock.com.py/images/thumbs/0173707_500.jpeg,5/12/24
Abono/Semillas,ABONO DE CONTENIDO RUMINAL BOVINO NUEVA TIERRA 2.5KG,Gs   9.000,https://www.stock.com.py/images/thumbs/0173706_500.jpeg,5/12/24
Abono/Semillas,ABONO DE CONTENIDO RUMINAL BOVINO NUEVA TIERRA 15KG,Gs   31.350,https://www.stock.com.py/images/thumbs/0167700_500.jpeg,5/12/24
Abono/Semillas,FERTIFIELD 15-15-15 X 1 K AGRO,Gs   18.000,https://www.stock.com.py/images/thumbs/0158314_500.jpeg,5/12/24
Abono/Semillas,FERTILIZANTE GARDEN LINE HELECHOS X 300 CC,Gs   18.500,https://www.stock.com.py/images/thumbs/0153567_500.jpeg,5/12/24
Abono/Semillas,FERTILIZANTE GARDEN LINE FLORES 300 CC AGROFIELD,Gs   18.500,https://www.stock.com.py/images/thumbs/0153565_500.jpeg,5/12/24
Abono/Semillas,GARDEN LINE FRUTAS Y RAICES,Gs   22.000,https://www.stock.com.py/images/thumbs/0153556_500.jpeg,5/12/24
Abono/Semillas,ABONOS HUMUS DE LOMBRIZ,Gs   8.000,https://www.stock.com.py/images/thumbs/0150358_500.jpeg,5/12/24
Abono/Semillas,ABONO AGROJARDIN 600 GR HA,Gs   8.800,https://www.stock.com.py/images/thumbs/0150351_500.jpeg,5/12/24
Abono/Semillas,CAL AGRICOLA AGROJARDIN 600 GR CA,Gs   7.300,https://www.stock.com.py/images/thumbs/0150350_500.jpeg,5/12/24
Abono/Semillas,TROZO DE XAXIM CAJA 500 GR FERT,Gs   12.400,https://www.stock.com.py/images/thumbs/0150349_500.jpeg,5/12/24
Abono/Semillas,POLVO DE XAXIM CAJA 500 GR FERT,Gs   12.400,https://www.stock.com.py/images/thumbs/0150348_500.jpeg,5/12/24
Abono/Semillas,ABONO AGROJARDIN 600 GR OR,Gs   5.900,https://www.stock.com.py/images/thumbs/0150347_500.jpeg,5/12/24
Abono/Semillas,UREA AGROJARDIN 1 UN PARA CES,Gs   20.000,https://www.stock.com.py/images/thumbs/0150346_500.jpeg,5/12/24
Cremas para Manos,CREMA HIDRATANTE MANOS Y UN?AS ALGABO 90M,Gs   12.400,https://www.stock.com.py/images/thumbs/0204936_500.jpeg,5/12/24
Cremas para Manos,CREMA D/MANOS CONCHA NACAR ACLAR GRISI 80ML FCO,Gs   26.100,https://www.stock.com.py/images/thumbs/0202382_500.jpeg,5/12/24
Cremas para Manos,CREMA PARA MANOS PERAS & SENSUAL MUSK SWEET CARE 59ML,Gs   20.900,https://www.stock.com.py/images/thumbs/0198556_500.jpeg,5/12/24
Aperitivos sin Alcohol,"AMARGO CITRUS TERMA 1,35LT",Gs   15.500,https://www.stock.com.py/images/thumbs/0207046_500.jpeg,5/12/24
Aperitivos sin Alcohol,"AMARGO MANZANA CERO TERMA 1,35LT",Gs   15.500,https://www.stock.com.py/images/thumbs/0207045_500.jpeg,5/12/24
Aperitivos sin Alcohol,"AMARGO PEPERINA & CORIANDRO TERMA 1,35LT",Gs   15.500,https://www.stock.com.py/images/thumbs/0207044_500.jpeg,5/12/24
Aperitivos sin Alcohol,"AMARGO PATAGONICO TERMA 1,35LT",Gs   15.500,https://www.stock.com.py/images/thumbs/0207043_500.jpeg,5/12/24
Aperitivos sin Alcohol,"AMARGO CUYANO CERO TERMA 1,35LT",Gs   15.500,https://www.stock.com.py/images/thumbs/0207042_500.jpeg,5/12/24
Aperitivos sin Alcohol,"AMARGO CUYANO TERMA 1,35LT",Gs   15.500,https://www.stock.com.py/images/thumbs/0207041_500.jpeg,5/12/24
Aperitivos sin Alcohol,"AMARGO SERRANO CERO TERMA 1,35LT",Gs   15.500,https://www.stock.com.py/images/thumbs/0207040_500.jpeg,5/12/24
Aperitivos sin Alcohol,"AMARGO SERRANO TERMA 1,35LT",Gs   15.500,https://www.stock.com.py/images/thumbs/0207039_500.jpeg,5/12/24
Aperitivos sin Alcohol,"AMARGO LIMON CERO TERMA 1,35LT",Gs   15.500,https://www.stock.com.py/images/thumbs/0207038_500.jpeg,5/12/24
Aperitivos sin Alcohol,"AMARGO LIMON TERMA 1,35LT",Gs   15.500,https://www.stock.com.py/images/thumbs/0207037_500.jpeg,5/12/24
Aperitivos sin Alcohol,"AMARGO POMELO ROSADO TERMA 1,75LT",Gs   19.500,https://www.stock.com.py/images/thumbs/0207036_500.jpeg,5/12/24
Aperitivos sin Alcohol,"AMARGO SERRANO TERMA 1,75LT",Gs   19.500,https://www.stock.com.py/images/thumbs/0207035_500.jpeg,5/12/24
Aperitivos sin Alcohol,ENERGIZANTE SABOR MANZ VERDE 473ML BALY,Gs   13.300,https://www.stock.com.py/images/thumbs/0205339_500.jpeg,5/12/24
Aperitivos sin Alcohol,CERVEZA STELLA ARTOIS SIN ALCOHOL BOT 330CC STELLA ARTOIS x 24,Gs   7.500,https://www.stock.com.py/images/thumbs/0196748_500.jpeg,5/12/24
Aperitivos sin Alcohol,"AMARGO POMELO TERMA 1,35LT",Gs   15.500,https://www.stock.com.py/images/thumbs/0196007_500.jpeg,5/12/24
Normal,GASEOSA COLA PEPSI 250ML,Gs   3.000,https://www.stock.com.py/images/thumbs/0209775_500.jpeg,5/12/24
Normal,GASEOSA COLA SIN AZUCAR PEPSI BLACK 500ML,Gs   5.500,https://www.stock.com.py/images/thumbs/0209774_500.jpeg,5/12/24
Normal,GASEOSA COLA PEPSI 3LT,Gs   14.400,https://www.stock.com.py/images/thumbs/0209773_500.jpeg,5/12/24
Normal,GASEOSA PEPSI COLA 2 LITROS BOTELLA,Gs   12.000,https://www.stock.com.py/images/thumbs/0209772_500.jpeg,5/12/24
Normal,GASEOSA PEPSI COLA 500 ML BOTELLA,Gs   5.500,https://www.stock.com.py/images/thumbs/0209771_500.jpeg,5/12/24
Normal,GASEOSA COLA SIN AZUCAR PEPSI BLACK 2LT,Gs   12.000,https://www.stock.com.py/images/thumbs/0209770_500.jpeg,5/12/24
Normal,GASEOSA SABOR POMELO PASO DE LOS TOROS 3LT,Gs   14.400,https://www.stock.com.py/images/thumbs/0209528_500.jpeg,5/12/24
Normal,GASEOSA SABOR POMELO PASO DE LOS TOROS 2LTS,Gs   12.000,https://www.stock.com.py/images/thumbs/0209525_500.jpeg,5/12/24
Normal,GASEOSA SABOR POMELO PASO DE LOS TOROS 500ML,Gs   5.500,https://www.stock.com.py/images/thumbs/0209524_500.jpeg,5/12/24
Normal,AGUA TONICA 2 LTS SCHWEPPES PET,Gs   12.900,https://www.stock.com.py/images/thumbs/0208787_500.jpeg,5/12/24
Normal,GASEOSA CITRUS SCHWEPPES BOTELLA 500CC,Gs   6.000,https://www.stock.com.py/images/thumbs/0208785_500.jpeg,5/12/24
Normal,GASEOSA CITRUS SCHWEPPES BOTELLA 2,Gs   12.900,https://www.stock.com.py/images/thumbs/0208784_500.jpeg,5/12/24
Normal,DE LA COSTA GASEOSA SABOR GUARANA 269 ML,Gs   3.500,https://www.stock.com.py/images/thumbs/0206703_500.jpeg,5/12/24
Normal,GASEOSA COLA DE LA COSTA 269 ML 6UN,Gs   3.500,https://www.stock.com.py/images/thumbs/0206702_500.jpeg,5/12/24
Normal,GASEOSA PIÑA 3L NIKO BOT,Gs   7.500,https://www.stock.com.py/images/thumbs/0206701_500.jpeg,5/12/24
Normal,DE LA COSTA GASEOSA SABOR GUARANA 3 LITROS,Gs   6.500,https://www.stock.com.py/images/thumbs/0206697_500.jpeg,5/12/24
Normal,GASEOSA NIKP GUARANA 3LT PEP,Gs   7.500,https://www.stock.com.py/images/thumbs/0206696_500.jpeg,5/12/24
Normal,GASEOSA LIMON 2LT DE LA COSTA BOT,Gs   5.000,https://www.stock.com.py/images/thumbs/0206685_500.jpeg,5/12/24
Normal,GASEOSA NIKO LIMA LIMON DESC 2LT,Gs   5.500,https://www.stock.com.py/images/thumbs/0206677_500.jpeg,5/12/24
Normal,GASEOSA GUARANA NIKO BOTELLA 1 LT.,Gs   3.500,https://www.stock.com.py/images/thumbs/0206676_500.jpeg,5/12/24
Normal,GASEOSA NIKO GUARANA DESC 2LT,Gs   5.500,https://www.stock.com.py/images/thumbs/0206675_500.jpeg,5/12/24
Normal,GASEOSA NIKO POMELO DESC 2LT,Gs   5.500,https://www.stock.com.py/images/thumbs/0206674_500.jpeg,5/12/24
Normal,GASEOSA NIKO GUARANA DESC 330ML,Gs   2.000,https://www.stock.com.py/images/thumbs/0206673_500.jpeg,5/12/24
Normal,GASEOSA S/LIMA LIMON SPRITE MEGAPACK 1LT,Gs   22.000,https://www.stock.com.py/images/thumbs/0206481_500.jpeg,5/12/24
Normal,GASEOSA SABOR NARANJA FANTA MEGAPACK 1LT,Gs   22.000,https://www.stock.com.py/images/thumbs/0206480_500.jpeg,5/12/24
Normal,GASEOSA SABOR GUARANA FANTA MINI 250ML,Gs   17.500,https://www.stock.com.py/images/thumbs/0205314_500.jpeg,5/12/24
Normal,"ENVASE BOTELLON ""BES"" 20LTS ",Gs   38.000,https://www.stock.com.py/images/thumbs/0205254_500.jpeg,5/12/24
Normal,COCA-COLA GASEOSA SABOR ORIGINAL MENOS AZUCARES 1 LITRO,Gs   8.000,https://www.stock.com.py/images/thumbs/0203716_500.jpeg,5/12/24
Cereales,CEREAL DE TRIGO CON LECHE INFANTIL NESTUM 250GR,Gs   28.100,https://www.stock.com.py/images/thumbs/0179106_500.png,5/12/24
Cereales,CEREAL A BASE DE HARINA DE ARROZ INFANTIL NESTUM 350GR,Gs   45.300,https://www.stock.com.py/images/thumbs/0179105_500.jpeg,5/12/24
Cereales,CEREAL TRIGO Y FRUTAS INFANTIL NESTUM 200GR,Gs   30.950,https://www.stock.com.py/images/thumbs/0179104_500.jpeg,5/12/24
Cereales,CEREAL TRIGO-MIEL INFANTIL NESTUM 200GR,Gs   30.950,https://www.stock.com.py/images/thumbs/0179103_500.png,5/12/24
Cereales,CEREAL 5 CEREALES INFANTIL NESTUM 200GR,Gs   30.950,https://www.stock.com.py/images/thumbs/0179102_500.png,5/12/24
De Frutos,ZAPALLITO ITALIANO EN BANDEJA 1 KG,Gs   5.550,https://www.stock.com.py/images/thumbs/0208445_500.jpeg,5/12/24
De Frutos,TOMATES CHERRY BOMBS DON BERNARDINO 300GR POT,Gs   23.450,https://www.stock.com.py/images/thumbs/0207176_500.jpeg,5/12/24
De Frutos,LOCOTE ROJO IMPORTADO 1KG,Gs   23.300,https://www.stock.com.py/images/thumbs/0185564_500.jpeg,5/12/24
De Frutos,TOMATE SANTA CRUZ POR KILO,Gs   6.100,https://www.stock.com.py/images/thumbs/0167505_500.jpeg,5/12/24
De Frutos,ZAPALLITO DE TRONCO X KG,Gs   7.100,https://www.stock.com.py/images/thumbs/0167434_500.jpeg,5/12/24
De Frutos,PEPINO 1 KG NACIONAL,Gs   5.800,https://www.stock.com.py/images/thumbs/0167433_500.jpeg,5/12/24
De Frutos,CALABACITA 1 KG BRAZIL,Gs   10.650,https://www.stock.com.py/images/thumbs/0167432_500.jpeg,5/12/24
De Frutos,BERENJENA X KG,Gs   6.100,https://www.stock.com.py/images/thumbs/0167431_500.jpeg,5/12/24
De Frutos,ZAPALLITO 1 KG ITALIANO,Gs   4.550,https://www.stock.com.py/images/thumbs/0167427_500.jpeg,5/12/24
De Frutos,LOCOTE VERDE EXTRA EN BANDEJA,Gs   6.900,https://www.stock.com.py/images/thumbs/0167425_500.jpeg,5/12/24
De Frutos,LOCOTE 1 KG AMARILLO,Gs   30.400,https://www.stock.com.py/images/thumbs/0167423_500.jpeg,5/12/24
De Frutos,LOCOTE VERDE POR KILO,Gs   6.000,https://www.stock.com.py/images/thumbs/0167421_500.jpeg,5/12/24
De Frutos,TOMATE LISA 1 KG x 1,Gs   10.150,https://www.stock.com.py/images/thumbs/0167418_500.jpeg,5/12/24
De Frutos,ZAPALLO 1 KG NACIONAL,Gs   2.550,https://www.stock.com.py/images/thumbs/0163758_500.jpeg,5/12/24
De Frutos,AJI ROJO POR KILO,Gs   30.400,https://www.stock.com.py/images/thumbs/0163162_500.png,5/12/24
De Frutos,AJO A GRANEL,Gs   3.000,https://www.stock.com.py/images/thumbs/0163149_500.png,5/12/24
De Frutos,ZAPALLO BRASILERO POR KILO,Gs   5.050,https://www.stock.com.py/images/thumbs/0157663_500.jpeg,5/12/24
De Frutos,CALABAZA 1 KG,Gs   4.050,https://www.stock.com.py/images/thumbs/0138598_500.jpeg,5/12/24
De Frutos,TOMATE SANTA CRUZ EXTRA EN BANDEJA,Gs   10.050,https://www.stock.com.py/images/thumbs/0138381_500.jpeg,5/12/24
Finos Tintos,VINO TINTO BAD BROTHERS 750ML,Gs   150.000,https://www.stock.com.py/images/thumbs/0207507_500.jpeg,5/12/24
Finos Tintos,VINO TINTO MALBEC DOMINGO MOLINA 750ML,Gs   125.000,https://www.stock.com.py/images/thumbs/0207484_500.jpeg,5/12/24
Finos Tintos,VINO TINTO MALBEC DOMINGO MOLINA M2 750M,Gs   250.000,https://www.stock.com.py/images/thumbs/0207482_500.jpeg,5/12/24
Finos Tintos,VINO TINTO CONCHA Y TORO EXPORTAC 750ML,Gs   17.800,https://www.stock.com.py/images/thumbs/0207300_500.jpeg,5/12/24
Finos Tintos,MILLA CALA VINO VIK MILLAHUE 2017 750 ML,Gs   250.000,https://www.stock.com.py/images/thumbs/0205302_500.jpeg,5/12/24
Finos Tintos,VINO TINTO LUIGI BOSCA SANG MALBEC 750ML,Gs   130.000,https://www.stock.com.py/images/thumbs/0205283_500.jpeg,5/12/24
Finos Tintos,VINO MALBEC RUTINI WINES 375ML TRUMPETER BOT,Gs   37.500,https://www.stock.com.py/images/thumbs/0205278_500.jpeg,5/12/24
Finos Tintos,SANTA CLAUDIA VINO TINTO DULCE 750 ML,Gs   21.000,https://www.stock.com.py/images/thumbs/0205271_500.jpeg,5/12/24
Finos Tintos,SANTA HELENA VINO BLANCO DULCE 750 ML,Gs   25.500,https://www.stock.com.py/images/thumbs/0203656_500.jpeg,5/12/24
Finos Tintos,VINO TINTO SUAVE RES SANTA CAROLINA 750M,Gs   35.000,https://www.stock.com.py/images/thumbs/0203151_500.jpeg,5/12/24
Finos Tintos,VINO TINTO MALBEC RUCA MALEN AIME 750ML,Gs   44.250,https://www.stock.com.py/images/thumbs/0203120_500.jpeg,5/12/24
Finos Tintos,VINO FINO TINTO PUGLIA AVELIUM 750ML,Gs   89.900,https://www.stock.com.py/images/thumbs/0202866_500.jpeg,5/12/24
Finos Tintos,VINO FIN TINTO CAS TRE MARI VERITAS 750M,Gs   119.000,https://www.stock.com.py/images/thumbs/0202864_500.jpeg,5/12/24
Finos Tintos,VINO FIN TINT DELL ROC MONT NOBILE 750ML,Gs   72.900,https://www.stock.com.py/images/thumbs/0202852_500.jpeg,5/12/24
Finos Tintos,VINO FINO TINTO L APPASSIONE 750ML,Gs   96.700,https://www.stock.com.py/images/thumbs/0202846_500.jpeg,5/12/24
Finos Tintos,VINO FINO TINTO TOSC ARBOS SANGIOV 750ML,Gs   93.250,https://www.stock.com.py/images/thumbs/0202824_500.jpeg,5/12/24
Finos Tintos,SANTA HELENA VINO TINTO GRAN CABERNET SAUVIGNON 750 ML,Gs   28.500,https://www.stock.com.py/images/thumbs/0202055_500.jpeg,5/12/24
Finos Tintos,FINCA LA LINDA MALBEC 12X750ML,Gs   51.900,https://www.stock.com.py/images/thumbs/0202024_500.jpeg,5/12/24
Finos Tintos,VINO TINTO MALBEC MARTIR 750ML,Gs   140.000,https://www.stock.com.py/images/thumbs/0201876_500.png,5/12/24
Finos Tintos,VINO TINTO MALBEC LORENZO  LOSagrado 750ML,Gs   195.000,https://www.stock.com.py/images/thumbs/0201875_500.png,5/12/24
Finos Tintos,VINO TINTO MALBEC LORENZO LOBendito 750ML,Gs   195.000,https://www.stock.com.py/images/thumbs/0201874_500.png,5/12/24
Finos Tintos,VINO TINO MALBEC 2019 750ML CASA PETRINI,Gs   132.000,https://www.stock.com.py/images/thumbs/0201115_500.jpeg,5/12/24
Finos Tintos,BRICCOTONDO PIEMONTE BARBERA 2020 VINO TINTO 750 ML,Gs   110.700,https://www.stock.com.py/images/thumbs/0200863_500.jpeg,5/12/24
Finos Tintos,VINO TINTO CABERNET PERRO CALLEJERO 750ML,Gs   104.000,https://www.stock.com.py/images/thumbs/0199974_500.jpeg,5/12/24
Finos Tintos,VINO TINTO CAB/SAUV 750ML CORDERO,Gs   72.950,https://www.stock.com.py/images/thumbs/0199973_500.jpeg,5/12/24
Finos Tintos,VINO TINTO MALBEC 750ML PERRO CALLEJERO,Gs   104.000,https://www.stock.com.py/images/thumbs/0199970_500.jpeg,5/12/24
Finos Tintos,VICENTIN MALDITO VINO TINTO MALBEC 750 ML,Gs   295.000,https://www.stock.com.py/images/thumbs/0199952_500.jpeg,5/12/24
Finos Tintos,LA POSTA DOMINGO FAZZIO MALBEC VINO TINTO 750 ML,Gs   85.700,https://www.stock.com.py/images/thumbs/0199951_500.jpeg,5/12/24
Repelentes,APARATO PARA TABLETAS MATA MOSQUITOS RAID,Gs   30.900,https://www.stock.com.py/images/thumbs/0212528_500.jpeg,5/12/24
Repelentes,OFF! KIDS CREMA REPELENTE DE INSECTOS 100 GR,Gs   29.900,https://www.stock.com.py/images/thumbs/0212521_500.jpeg,5/12/24
Repelentes,OFF! FAMILY REPELENTE DE INSECTOS EN CREMA 196 GR,Gs   25.500,https://www.stock.com.py/images/thumbs/0212520_500.jpeg,5/12/24
Repelentes,RAID TABLETAS INSECTICIDA REPELENTES CONTRA MOSQUITOS Y ZANCUDOS 12 NOCHES,Gs   11.500,https://www.stock.com.py/images/thumbs/0212488_500.jpeg,5/12/24
Repelentes,TABLETAS CONTRA MOSQUITOS Y ZANCUDOS RAID 24UNID,Gs   20.900,https://www.stock.com.py/images/thumbs/0212487_500.jpeg,5/12/24
Repelentes,OFF! FAMILY AEROSOL REPELENTE DE INSECTOS 223 GR,Gs   58.900,https://www.stock.com.py/images/thumbs/0212459_500.jpeg,5/12/24
Repelentes,OFF! EXTRA DURACION REPELENTE DE INSECTOS EN AEROSOL 142 GR,Gs   58.900,https://www.stock.com.py/images/thumbs/0212458_500.jpeg,5/12/24
Repelentes,OFF! FAMILY REPELENTE DE INSECTOS EN AEROSOL 131 GR,Gs   41.500,https://www.stock.com.py/images/thumbs/0212454_500.jpeg,5/12/24
Repelentes,ESPIRAL DOBLE ACCION 150GR RAID CJA,Gs   7.900,https://www.stock.com.py/images/thumbs/0212428_500.jpeg,5/12/24
Repelentes,ESPIRAL DOBLE ACCION 150GR RAID CJA,Gs   6.500,https://www.stock.com.py/images/thumbs/0212427_500.jpeg,5/12/24
Repelentes,REPELENTE DE INSECTOS EN CREMA OFF! 60GR,Gs   12.800,https://www.stock.com.py/images/thumbs/0212415_500.jpeg,5/12/24
Repelentes,TRAMPA ADHESIVA P/RATAS POLIFOAM CARTON,Gs   12.000,https://www.stock.com.py/images/thumbs/0202590_500.jpeg,5/12/24
Repelentes,STICKS PALILLOS REP ANTI MOSQUITOS CITRONELLA MATIRIS 4UN CJA,Gs   13.900,https://www.stock.com.py/images/thumbs/0202474_500.jpeg,5/12/24
Repelentes,REPELENTE CREMA BABY BLUE 100ml,Gs   13.400,https://www.stock.com.py/images/thumbs/0201513_500.png,5/12/24
Repelentes,MATIRIS PALILLOS REPELENTES ANTIMOSQUITOS ESENCIA DE ROSAS 4 UNIDADES 140 GR,Gs   13.900,https://www.stock.com.py/images/thumbs/0201089_500.jpeg,5/12/24
Repelentes,ESPIRALES IRIS BRISA D/CAMPO 12UND MATIRIS CJA,Gs   7.250,https://www.stock.com.py/images/thumbs/0201082_500.jpeg,5/12/24
Repelentes,PALILLOS REPELENTES DE MOSQUITOS IRIS CAJA X 4UND. ,Gs   13.900,https://www.stock.com.py/images/thumbs/0201080_500.jpeg,5/12/24
Repelentes,REPELENTE DE INSECTOS POCKET 60CC AUT AER,Gs   12.450,https://www.stock.com.py/images/thumbs/0201079_500.jpeg,5/12/24
Repelentes,ESPIRALES LAS LILAS 12UND MATIRIS CJA,Gs   7.250,https://www.stock.com.py/images/thumbs/0201078_500.jpeg,5/12/24
Repelentes,TABLETAS MATA MOSQUITOS BRISA DEL CAMPO 12UN MATIRIS CAJ ,Gs   7.950,https://www.stock.com.py/images/thumbs/0201070_500.jpeg,5/12/24
Repelentes,ESPIRAL CINTRONELLA 12UN MATIRIS CJA,Gs   7.250,https://www.stock.com.py/images/thumbs/0201066_500.jpeg,5/12/24
Repelentes,PASTILLA MATA MOSQUITO 30UND MATIRIS CJA,Gs   14.500,https://www.stock.com.py/images/thumbs/0201065_500.jpeg,5/12/24
Repelentes,TABLETAS INSECTICIDA MATAMOSQUITOS 12UN MATIRIS CAJA,Gs   7.950,https://www.stock.com.py/images/thumbs/0201064_500.jpeg,5/12/24
Repelentes,MATIRIS ESPIRALES 3 EN 1 PERFUMADAS BRISA DEL CAMPO 12 UNIDADES 150 GR,Gs   7.250,https://www.stock.com.py/images/thumbs/0201063_500.jpeg,5/12/24
Repelentes,MATIRIS ESPIRALES 3 EN 1 PERFUMADAS LAS LILAS 12 UNIDADES 150 GR,Gs   7.250,https://www.stock.com.py/images/thumbs/0201062_500.jpeg,5/12/24
Repelentes,APARATO ELECT P/TABLETAS MATAMOSQUITOS MATIRIS PAQ,Gs   26.500,https://www.stock.com.py/images/thumbs/0201061_500.jpeg,5/12/24
Repelentes,TABLETAS MATA MOSQUITOS BRISAS DEL CAMPO MATIRIS 8 UNIDADES,Gs   4.950,https://www.stock.com.py/images/thumbs/0201048_500.jpeg,5/12/24
Repelentes,TABLETAS MATA MOSQUITOS RELAX MATIRIS 8 UNIDADES PLAST,Gs   4.950,https://www.stock.com.py/images/thumbs/0201042_500.jpeg,5/12/24
Cubiertos,JUEGO TRINCHANTE 2 PIEZAS TRAMONTINA,Gs   34.600,https://www.stock.com.py/images/thumbs/0201212_500.jpeg,5/12/24
Cubiertos,JUEGO MARTINAZZO PARA ASADOR MADER 5 PIEZAS,Gs   191.000,https://www.stock.com.py/images/thumbs/0200760_500.jpeg,5/12/24
Cubiertos,JUEGO ASADOR MARTINAZZO 2 PIEZAS MANGO MADERA,Gs   69.900,https://www.stock.com.py/images/thumbs/0200758_500.jpeg,5/12/24
Cubiertos,JUEGO MARTINAZZO PARA ASAD MANG MADERA 2 PIEZAS,Gs   52.600,https://www.stock.com.py/images/thumbs/0200757_500.jpeg,5/12/24
Cubiertos,TRAMONTINA CUCHARA ANGRA PARA TE,Gs   4.200,https://www.stock.com.py/images/thumbs/0200643_500.jpeg,5/12/24
Cubiertos,TRAMONTINA CUCHILLO ANGRA PARA ASADO,Gs   7.200,https://www.stock.com.py/images/thumbs/0200642_500.jpeg,5/12/24
Cubiertos,TRAMONTINA JUEGO ASADOR CON CHAIRA 2 PIEZAS,Gs   48.900,https://www.stock.com.py/images/thumbs/0200601_500.jpeg,5/12/24
Cubiertos,TRAMONTINA PINCHO DOBLE DE ACERO INOXIDABLE,Gs   60.800,https://www.stock.com.py/images/thumbs/0200599_500.jpeg,5/12/24
Cubiertos,TRAMONTINA ESPETO FINO PARA ASADO 85 CM,Gs   31.900,https://www.stock.com.py/images/thumbs/0200597_500.jpeg,5/12/24
Cubiertos,TRAMONTINA CHURRASCO JUEGO ASADOR CON TABLA 3 PIEZAS,Gs   111.200,https://www.stock.com.py/images/thumbs/0200594_500.jpeg,5/12/24
Cubiertos,TRAMONTINA CHURRASCO CEPILLO PARA LIMPIAR PARRILLA,Gs   82.500,https://www.stock.com.py/images/thumbs/0200592_500.jpeg,5/12/24
Cubiertos,JUEGO CUBIERTOS P/ASADO MG MADERA 12 PZ TRAMONTINA CJA,Gs   199.900,https://www.stock.com.py/images/thumbs/0200579_500.jpeg,5/12/24
Cubiertos,JGO CUBIERTOS PLASTICO NEGRO NEW COLOR TRAMONTINA 3 PZ BLIS ,Gs   15.500,https://www.stock.com.py/images/thumbs/0193127_500.jpeg,5/12/24
Cubiertos,TENEDOR/CUCHILLO PARA ASADO,Gs   64.600,https://www.stock.com.py/images/thumbs/0193124_500.jpeg,5/12/24
Cubiertos,TABLA P/ PICAR DE MADERA PEQ ESL S/E,Gs   35.500,https://www.stock.com.py/images/thumbs/0192876_500.jpeg,5/12/24
Cubiertos,TABLA P/ PICAR DE MADERA 20 X 30 CM REF 2302 ,Gs   33.300,https://www.stock.com.py/images/thumbs/0192740_500.jpeg,5/12/24
Cubiertos,CUCHARON INOX S/E DAYO REF KT0029 ,Gs   10.700,https://www.stock.com.py/images/thumbs/0189612_500.jpeg,5/12/24
Cubiertos,CUCHARA GRANDE NYLON S/E DAYO REF KT0028A,Gs   11.200,https://www.stock.com.py/images/thumbs/0189611_500.jpeg,5/12/24
Cubiertos,TABLA P/ PICAR DE MADERA GDE ESL S/E ,Gs   44.500,https://www.stock.com.py/images/thumbs/0183001_500.jpeg,5/12/24
Cubiertos,CUCHILLO CARNICERO 7PULG MANGO BLANCO SUPERUTIL BLIS,Gs   30.600,https://www.stock.com.py/images/thumbs/0182897_500.jpeg,5/12/24
Cubiertos,TABLA PARA PIZZA DE MADERA 34 CM,Gs   72.700,https://www.stock.com.py/images/thumbs/0181809_500.jpeg,5/12/24
Cubiertos,CUCHARA TRAMONTINA ,Gs   30.600,https://www.stock.com.py/images/thumbs/0181534_500.jpeg,5/12/24
Cubiertos,PUZZLEZ TABLA DE PICAR CON RANURA CHICA,Gs   24.150,https://www.stock.com.py/images/thumbs/0178086_500.jpeg,5/12/24
Cubiertos,PORTA LLAVES PUZZLEZ MADERA,Gs   8.550,https://www.stock.com.py/images/thumbs/0178082_500.jpeg,5/12/24
Cubiertos,PUZZLEZ TABLA DE PICAR CON RANURA  MEDIANA,Gs   27.000,https://www.stock.com.py/images/thumbs/0178074_500.jpeg,5/12/24
Cubiertos,PUZZLEZ TABLA DE PICAR CON AGARRADERA DOBLE GRANDE,Gs   44.750,https://www.stock.com.py/images/thumbs/0178072_500.jpeg,5/12/24
Cubiertos,CUCHARA TRAMONTINA AZUL NEW KOLOR 1UN,Gs   2.500,https://www.stock.com.py/images/thumbs/0154301_500.jpeg,5/12/24
Cubiertos,TENEDOR TRAMONTINA AZUL NEW KOLOR 1UN,Gs   2.500,https://www.stock.com.py/images/thumbs/0154298_500.jpeg,5/12/24
Varios snacks,CASTAÑAS DE CAJU CON SAL NUTRINUTS 100GR,Gs   27.800,https://www.stock.com.py/images/thumbs/0195898_500.jpeg,5/12/24
Varios snacks,SNACK YES YES QUESO 25GR,Gs   650,https://www.stock.com.py/images/thumbs/0191828_500.jpeg,5/12/24
Varios snacks,TOSTADITAS SABOR PIZZA MARETTI 70GR BSA,Gs   8.900,https://www.stock.com.py/images/thumbs/0183598_500.jpeg,5/12/24
Varios snacks,CEBOLLITA CEPERA FRASCO 200 GR EN,Gs   24.600,https://www.stock.com.py/images/thumbs/0168943_500.jpeg,5/12/24
Galleta Molida,GALLETA MOLIDA MICKEY 800GR,Gs   11.050,https://www.stock.com.py/images/thumbs/0186540_500.jpeg,5/12/24
Galleta Molida,GALLETA MOLIDA MICKEY 400GR,Gs   5.750,https://www.stock.com.py/images/thumbs/0186539_500.jpeg,5/12/24
Galleta Molida,GALLETA MOLIDA 400GR HILDEBRAND PLAST,Gs   5.650,https://www.stock.com.py/images/thumbs/0160833_500.jpeg,5/12/24
Galleta Molida,GALLETA MOLIDA 200GR HILDEBRAND PLAST,Gs   3.300,https://www.stock.com.py/images/thumbs/0160832_500.jpeg,5/12/24
Galleta Molida,GALLETA MOLIDA 800GR HILDEBRAND PLAST,Gs   9.900,https://www.stock.com.py/images/thumbs/0160652_500.jpeg,5/12/24
Galleta Molida,GALLETA MOLIDA ARCO IRIS PAQUETE 800 GR x 10,Gs   13.250,https://www.stock.com.py/images/thumbs/0152496_500.jpeg,5/12/24
Galleta Molida,GALLETA MOLIDA ARCO IRIS PAQUETE 4,Gs   8.000,https://www.stock.com.py/images/thumbs/0152495_500.jpeg,5/12/24
Galleta Molida,GALLETA MOLIDA ARCO IRIS PAQUETE 2,Gs   4.550,https://www.stock.com.py/images/thumbs/0152494_500.jpeg,5/12/24
Galleta Molida,GALLETA MOLIDA PRIMICIA 80,Gs   9.850,https://www.stock.com.py/images/thumbs/0149542_500.jpeg,5/12/24
Galleta Molida,GALLETA MOLIDA PRIMICIA 40,Gs   5.400,https://www.stock.com.py/images/thumbs/0149541_500.jpeg,5/12/24
Galleta Molida,GALLETA MOLIDA BOLSA 5 KG,Gs   60.100,https://www.stock.com.py/images/thumbs/0149518_500.jpeg,5/12/24
Galleta Molida,GALLETA MOLIDA PRIMICIA PAQUETE 200 GR,Gs   2.950,https://www.stock.com.py/images/thumbs/0149517_500.jpeg,5/12/24
Fijadores,GEL ALGABO FIJADOR EXTRA,Gs   10.400,https://www.stock.com.py/images/thumbs/0211596_500.jpeg,5/12/24
Fijadores,GEL CAPILAR FUERTE FIJACION CAREY 150GR,Gs   11.700,https://www.stock.com.py/images/thumbs/0208424_500.jpeg,5/12/24
Fijadores,GEL CAPILAR ULTRA FUERTE CAREY 150GR,Gs   11.700,https://www.stock.com.py/images/thumbs/0208423_500.jpeg,5/12/24
Fijadores,GEL CAPILAR EFECTO HUMEDO CAREY 150GR,Gs   11.700,https://www.stock.com.py/images/thumbs/0208422_500.jpeg,5/12/24
Fijadores,GEL ALGABO FIJACION FUERTE 150 POMO,Gs   10.000,https://www.stock.com.py/images/thumbs/0204939_500.jpeg,5/12/24
Fijadores,GEL ALGABO EFECTO HUMEDO 150ML POMO,Gs   10.000,https://www.stock.com.py/images/thumbs/0204938_500.jpeg,5/12/24
Fijadores,TRESEMME SPRAY FIJADOR PARA TODO TIPO DE CABELLO 300 ML,Gs   33.150,https://www.stock.com.py/images/thumbs/0201887_500.jpeg,5/12/24
Fijadores,LACA SPRAY EXTRA FUERTE CAREY 410ML,Gs   34.100,https://www.stock.com.py/images/thumbs/0185614_500.jpeg,5/12/24
Fijadores,GEL ALGABO EFECTO HUMEDO,Gs   10.800,https://www.stock.com.py/images/thumbs/0144682_500.jpeg,5/12/24
Fijadores,GEL CAPILAR ALGABO FRASCO 150 GR,Gs   10.400,https://www.stock.com.py/images/thumbs/0144671_500.jpeg,5/12/24
Fijadores,GEL CAPILAR ALGABO FRASCO 150 GR,Gs   10.400,https://www.stock.com.py/images/thumbs/0144664_500.jpeg,5/12/24
Fijadores,GEL ALGABO CAP.EFECTO HUMEDO *500,Gs   20.000,https://www.stock.com.py/images/thumbs/noDefaultImage_stock_500.gif,5/12/24
Cubiertos,JUEGO TRINCHANTE 2 PIEZAS TRAMONTINA,Gs   34.600,https://www.stock.com.py/images/thumbs/0201212_500.jpeg,5/12/24
Cubiertos,JUEGO MARTINAZZO PARA ASADOR MADER 5 PIEZAS,Gs   191.000,https://www.stock.com.py/images/thumbs/0200760_500.jpeg,5/12/24
Cubiertos,JUEGO ASADOR MARTINAZZO 2 PIEZAS MANGO MADERA,Gs   69.900,https://www.stock.com.py/images/thumbs/0200758_500.jpeg,5/12/24
Cubiertos,JUEGO MARTINAZZO PARA ASAD MANG MADERA 2 PIEZAS,Gs   52.600,https://www.stock.com.py/images/thumbs/0200757_500.jpeg,5/12/24
Cubiertos,TRAMONTINA CUCHARA ANGRA PARA TE,Gs   4.200,https://www.stock.com.py/images/thumbs/0200643_500.jpeg,5/12/24
Cubiertos,TRAMONTINA CUCHILLO ANGRA PARA ASADO,Gs   7.200,https://www.stock.com.py/images/thumbs/0200642_500.jpeg,5/12/24
Cubiertos,TRAMONTINA JUEGO ASADOR CON CHAIRA 2 PIEZAS,Gs   48.900,https://www.stock.com.py/images/thumbs/0200601_500.jpeg,5/12/24
Cubiertos,TRAMONTINA PINCHO DOBLE DE ACERO INOXIDABLE,Gs   60.800,https://www.stock.com.py/images/thumbs/0200599_500.jpeg,5/12/24
Cubiertos,TRAMONTINA ESPETO FINO PARA ASADO 85 CM,Gs   31.900,https://www.stock.com.py/images/thumbs/0200597_500.jpeg,5/12/24
Cubiertos,TRAMONTINA CHURRASCO JUEGO ASADOR CON TABLA 3 PIEZAS,Gs   111.200,https://www.stock.com.py/images/thumbs/0200594_500.jpeg,5/12/24
Cubiertos,TRAMONTINA CHURRASCO CEPILLO PARA LIMPIAR PARRILLA,Gs   82.500,https://www.stock.com.py/images/thumbs/0200592_500.jpeg,5/12/24
Cubiertos,JUEGO CUBIERTOS P/ASADO MG MADERA 12 PZ TRAMONTINA CJA,Gs   199.900,https://www.stock.com.py/images/thumbs/0200579_500.jpeg,5/12/24
Cubiertos,JGO CUBIERTOS PLASTICO NEGRO NEW COLOR TRAMONTINA 3 PZ BLIS ,Gs   15.500,https://www.stock.com.py/images/thumbs/0193127_500.jpeg,5/12/24
Cubiertos,TENEDOR/CUCHILLO PARA ASADO,Gs   64.600,https://www.stock.com.py/images/thumbs/0193124_500.jpeg,5/12/24
Cubiertos,TABLA P/ PICAR DE MADERA PEQ ESL S/E,Gs   35.500,https://www.stock.com.py/images/thumbs/0192876_500.jpeg,5/12/24
Cubiertos,TABLA P/ PICAR DE MADERA 20 X 30 CM REF 2302 ,Gs   33.300,https://www.stock.com.py/images/thumbs/0192740_500.jpeg,5/12/24
Cubiertos,CUCHARON INOX S/E DAYO REF KT0029 ,Gs   10.700,https://www.stock.com.py/images/thumbs/0189612_500.jpeg,5/12/24
Cubiertos,CUCHARA GRANDE NYLON S/E DAYO REF KT0028A,Gs   11.200,https://www.stock.com.py/images/thumbs/0189611_500.jpeg,5/12/24
Cubiertos,TABLA P/ PICAR DE MADERA GDE ESL S/E ,Gs   44.500,https://www.stock.com.py/images/thumbs/0183001_500.jpeg,5/12/24
Cubiertos,CUCHILLO CARNICERO 7PULG MANGO BLANCO SUPERUTIL BLIS,Gs   30.600,https://www.stock.com.py/images/thumbs/0182897_500.jpeg,5/12/24
Cubiertos,TABLA PARA PIZZA DE MADERA 34 CM,Gs   72.700,https://www.stock.com.py/images/thumbs/0181809_500.jpeg,5/12/24
Cubiertos,CUCHARA TRAMONTINA ,Gs   30.600,https://www.stock.com.py/images/thumbs/0181534_500.jpeg,5/12/24
Cubiertos,PUZZLEZ TABLA DE PICAR CON RANURA CHICA,Gs   24.150,https://www.stock.com.py/images/thumbs/0178086_500.jpeg,5/12/24
Cubiertos,PORTA LLAVES PUZZLEZ MADERA,Gs   8.550,https://www.stock.com.py/images/thumbs/0178082_500.jpeg,5/12/24
Cubiertos,PUZZLEZ TABLA DE PICAR CON RANURA  MEDIANA,Gs   27.000,https://www.stock.com.py/images/thumbs/0178074_500.jpeg,5/12/24
Cubiertos,PUZZLEZ TABLA DE PICAR CON AGARRADERA DOBLE GRANDE,Gs   44.750,https://www.stock.com.py/images/thumbs/0178072_500.jpeg,5/12/24
Cubiertos,CUCHARA TRAMONTINA AZUL NEW KOLOR 1UN,Gs   2.500,https://www.stock.com.py/images/thumbs/0154301_500.jpeg,5/12/24
Cubiertos,TENEDOR TRAMONTINA AZUL NEW KOLOR 1UN,Gs   2.500,https://www.stock.com.py/images/thumbs/0154298_500.jpeg,5/12/24
Fijadores,GEL ALGABO FIJADOR EXTRA,Gs   10.400,https://www.stock.com.py/images/thumbs/0211596_500.jpeg,5/12/24
Fijadores,GEL CAPILAR FUERTE FIJACION CAREY 150GR,Gs   11.700,https://www.stock.com.py/images/thumbs/0208424_500.jpeg,5/12/24
Fijadores,GEL CAPILAR ULTRA FUERTE CAREY 150GR,Gs   11.700,https://www.stock.com.py/images/thumbs/0208423_500.jpeg,5/12/24
Fijadores,GEL CAPILAR EFECTO HUMEDO CAREY 150GR,Gs   11.700,https://www.stock.com.py/images/thumbs/0208422_500.jpeg,5/12/24
Fijadores,GEL ALGABO FIJACION FUERTE 150 POMO,Gs   10.000,https://www.stock.com.py/images/thumbs/0204939_500.jpeg,5/12/24
Fijadores,GEL ALGABO EFECTO HUMEDO 150ML POMO,Gs   10.000,https://www.stock.com.py/images/thumbs/0204938_500.jpeg,5/12/24
Fijadores,TRESEMME SPRAY FIJADOR PARA TODO TIPO DE CABELLO 300 ML,Gs   33.150,https://www.stock.com.py/images/thumbs/0201887_500.jpeg,5/12/24
Fijadores,LACA SPRAY EXTRA FUERTE CAREY 410ML,Gs   34.100,https://www.stock.com.py/images/thumbs/0185614_500.jpeg,5/12/24
Fijadores,GEL ALGABO EFECTO HUMEDO,Gs   10.800,https://www.stock.com.py/images/thumbs/0144682_500.jpeg,5/12/24
Fijadores,GEL CAPILAR ALGABO FRASCO 150 GR,Gs   10.400,https://www.stock.com.py/images/thumbs/0144671_500.jpeg,5/12/24
Fijadores,GEL CAPILAR ALGABO FRASCO 150 GR,Gs   10.400,https://www.stock.com.py/images/thumbs/0144664_500.jpeg,5/12/24
Fijadores,GEL ALGABO CAP.EFECTO HUMEDO *500,Gs   20.000,https://www.stock.com.py/images/thumbs/noDefaultImage_stock_500.gif,5/12/24
Líquido,JUGO S/UVA DEL VALLE KAPO PACK 200ML 6UN,Gs   17.500,https://www.stock.com.py/images/thumbs/0207994_500.jpeg,5/12/24
Líquido,JUGO SABOR UVA DEL VALLE KAPO 200ML,Gs   3.500,https://www.stock.com.py/images/thumbs/0207993_500.jpeg,5/12/24
Líquido,JUGO MULTIFRUTA ARCOR 200 ML,Gs   3.300,https://www.stock.com.py/images/thumbs/0207971_500.jpeg,5/12/24
Líquido,JUGO S/MANZ DEL VALLE KAPO PACK 200ML 6U,Gs   17.500,https://www.stock.com.py/images/thumbs/0207952_500.jpeg,5/12/24
Líquido,JUGO S/NAR DEL VALLE KAPO PACK 6UN 200ML,Gs   17.500,https://www.stock.com.py/images/thumbs/0207951_500.jpeg,5/12/24
Líquido,JUGO DE MANZANA BC LA CAMPAGNOLA 1LITRO,Gs   13.000,https://www.stock.com.py/images/thumbs/0207353_500.png,5/12/24
Líquido,BEBIDA SAB/MBUR/NAR/MANGO KAMPITO 250ML,Gs   2.500,https://www.stock.com.py/images/thumbs/0206693_500.jpeg,5/12/24
Líquido,BEBIDA SAB/NAR/MANDAD/LIM KAMPITO 250ML,Gs   2.500,https://www.stock.com.py/images/thumbs/0206692_500.jpeg,5/12/24
Líquido,DEL VALLE FRESH BEBIDA SABOR NARANJA 500 ML,Gs   4.500,https://www.stock.com.py/images/thumbs/0206632_500.jpeg,5/12/24
Líquido,"DEL VALLE FRESH JUGO DE FRUTAS SABOR FRUTAS TROPICALES 1,5 LITROS",Gs   10.000,https://www.stock.com.py/images/thumbs/0206631_500.jpeg,5/12/24
Líquido,"DEL VALLE FRESH JUGO DE FRUTAS SABOR NARANJA 1,5 LITROS",Gs   10.000,https://www.stock.com.py/images/thumbs/0206630_500.jpeg,5/12/24
Líquido,DEL VALLE JUGO DE FRUTILLA Y MANGO 200 ML,Gs   4.000,https://www.stock.com.py/images/thumbs/0206629_500.jpeg,5/12/24
Líquido,DEL VALLE JUGO DE FRUTILLA Y MANGO 1 LITRO,Gs   10.900,https://www.stock.com.py/images/thumbs/0206628_500.jpeg,5/12/24
Líquido,JUGO NECTAR DE NARANJA DEL VALLE 200ML,Gs   4.000,https://www.stock.com.py/images/thumbs/0206627_500.jpeg,5/12/24
Líquido,JUGO NECTAR DE NARANJA DEL VALLE 1LT,Gs   10.900,https://www.stock.com.py/images/thumbs/0206626_500.jpeg,5/12/24
Líquido,JUGO DE NARANJA DEL VALLE 1.5 LT,Gs   13.900,https://www.stock.com.py/images/thumbs/0206625_500.jpeg,5/12/24
Líquido,JUGO NECTAR DE MANZANA DEL VALLE 200ML,Gs   4.000,https://www.stock.com.py/images/thumbs/0206624_500.jpeg,5/12/24
Líquido,JUGO NECTAR DE MANZANA DEL VALLE 1LT,Gs   10.900,https://www.stock.com.py/images/thumbs/0206623_500.jpeg,5/12/24
Líquido,JUGO NECTAR DE DURAZNO DEL VALLE 1.5LT,Gs   13.900,https://www.stock.com.py/images/thumbs/0206622_500.jpeg,5/12/24
Líquido,JUGO NECTAR DE DURAZNO DEL VALLE 200ML,Gs   4.000,https://www.stock.com.py/images/thumbs/0206621_500.jpeg,5/12/24
Líquido,JUGO NECTAR DE DURAZNO DEL VALLE 1LT,Gs   10.900,https://www.stock.com.py/images/thumbs/0206620_500.jpeg,5/12/24
Líquido,DEL VALLE NECTAR DE NARANJA SIN AZUCAR 1 LITRO,Gs   10.900,https://www.stock.com.py/images/thumbs/0206619_500.jpeg,5/12/24
Líquido,DEL VALLE NECTAR SABOR DURAZNO 1 LITRO,Gs   10.900,https://www.stock.com.py/images/thumbs/0206618_500.jpeg,5/12/24
Líquido,JUGO DE SOJA FRUTOS TROPICALES 1LT ADES TETRA,Gs   12.000,https://www.stock.com.py/images/thumbs/0206613_500.jpeg,5/12/24
Líquido,JUGO LIQUIDO SOJA NARANJA 1LT ADES TETRA,Gs   12.000,https://www.stock.com.py/images/thumbs/0206611_500.jpeg,5/12/24
Líquido,JUGO LIQUIDO MANZANA 1LT ADES TETRA,Gs   12.000,https://www.stock.com.py/images/thumbs/0206610_500.jpeg,5/12/24
Líquido,JUGO LIQUIDO SOJA DURAZNO 1L ADES TETRA,Gs   12.000,https://www.stock.com.py/images/thumbs/0206609_500.jpeg,5/12/24
Líquido,JUGO DE SOJA FRUTAS TROPICAL MULTI 10 200ML ADES TETRA,Gs   4.000,https://www.stock.com.py/images/thumbs/0206608_500.jpeg,5/12/24
Papelería/Sobres,RESMA REPORT OFICIO UNIDAD,Gs   43.250,https://www.stock.com.py/images/thumbs/0208070_500.jpeg,5/12/24
Papelería/Sobres,INFORME RESMA A4 UNIDAD,Gs   37.750,https://www.stock.com.py/images/thumbs/0208069_500.jpeg,5/12/24
Papelería/Sobres,HOJAS CAMBIABLES OFICIO CUADRICULADO X 50 ALAMO           x 10,Gs   12.050,https://www.stock.com.py/images/thumbs/0206039_500.jpeg,5/12/24
Papelería/Sobres,SUPER CELOFAN P/ASADOS ROLLO 45CM X 4 M,Gs   12.200,https://www.stock.com.py/images/thumbs/0202795_500.jpeg,5/12/24
Papelería/Sobres,CARTULINA OSCURA A4 X 10 HOJAS ALAMO,Gs   7.600,https://www.stock.com.py/images/thumbs/0192028_500.jpeg,5/12/24
Papelería/Sobres,HOJA P/DIBUJO 25 HOJAS N2 BORDES NO MILIMETRADOS ALAMO,Gs   10.150,https://www.stock.com.py/images/thumbs/0192018_500.jpeg,5/12/24
Papelería/Sobres,PALITOS GOMA EVA TORRE EST 1UN,Gs   11.350,https://www.stock.com.py/images/thumbs/0184355_500.jpeg,5/12/24
Papelería/Sobres,NUMEROS DE GOMA EVA ADHESIVOS TORRE,Gs   13.450,https://www.stock.com.py/images/thumbs/0184341_500.jpeg,5/12/24
Papelería/Sobres,HOJAS CAMBIABLES X50UN 2 RAYAS OFICIO ALAMO BLIS,Gs   10.800,https://www.stock.com.py/images/thumbs/0184138_500.jpeg,5/12/24
Papelería/Sobres,HOJA DOBLE OFICIO X25UN 1 RAYA ALAMO BLIS,Gs   10.050,https://www.stock.com.py/images/thumbs/0184137_500.jpeg,5/12/24
Papelería/Sobres,CARTULINA DE HILO ROSA DUSON PAQ 25 UN ,Gs   26.850,https://www.stock.com.py/images/thumbs/0183977_500.jpeg,5/12/24
Papelería/Sobres,CARTON CORRUGADO VRIOS COL 50X70CM ALAMO BLI,Gs   7.850,https://www.stock.com.py/images/thumbs/0183893_500.jpeg,5/12/24
Papelería/Sobres,HOJA D/DIBUJO N2 25UN ALAMO BLIS,Gs   10.150,https://www.stock.com.py/images/thumbs/0166422_500.jpeg,5/12/24
Papelería/Sobres,CARTULINA OFICIO COLOR SURTIDO 10UN DUSON BLIS,Gs   10.950,https://www.stock.com.py/images/thumbs/0166375_500.jpeg,5/12/24
Papelería/Sobres,CARTULINA CLARA 44X63CM ALAMO BLI,Gs   3.650,https://www.stock.com.py/images/thumbs/0166374_500.jpeg,5/12/24
Papelería/Sobres,CARTULINA BLANCA 44X63CM ALAMO BLI,Gs   3.200,https://www.stock.com.py/images/thumbs/0166372_500.jpeg,5/12/24
Papelería/Sobres,GOMA EVA TOHALLADA 40X50 CM ALAMO BLIS,Gs   10.300,https://www.stock.com.py/images/thumbs/0166367_500.jpeg,5/12/24
Papelería/Sobres,LAPIZ PAPEL BIC EVOL CON GOM.BL,Gs   7.100,https://www.stock.com.py/images/thumbs/0166348_500.png,5/12/24
Papelería/Sobres,LAPIZ DE PAPEL 1 UN,Gs   6.300,https://www.stock.com.py/images/thumbs/0166333_500.png,5/12/24
Papelería/Sobres,BLISTER HOJA CAMBIABLE,Gs   13.250,https://www.stock.com.py/images/thumbs/0166331_500.png,5/12/24
Papelería/Sobres,HOJAS REPUESTO DUSON UNIVERSITARIO 50HS3 AGUJEROS,Gs   10.300,https://www.stock.com.py/images/thumbs/0151537_500.jpeg,5/12/24
Papelería/Sobres,BLISTER HOJA CAMBIABLE CUADRICULADA DUSON,Gs   13.250,https://www.stock.com.py/images/thumbs/0151528_500.jpeg,5/12/24
Papelería/Sobres,MULTI PAPEL DUSON COLOR X25UNI,Gs   20.700,https://www.stock.com.py/images/thumbs/0151492_500.jpeg,5/12/24
Papelería/Sobres,HOJAS DOBLE OFICIO CUADRICULAD,Gs   21.650,https://www.stock.com.py/images/thumbs/0151429_500.jpeg,5/12/24
Papelería/Sobres,HOJA CAMBIABLE OFICIO 1 RAYA 50UN ALAMO BLIS,Gs   11.350,https://www.stock.com.py/images/thumbs/0115317_500.jpeg,5/12/24
Papelería/Sobres,CARTULINA DE HILO BLANCO DUSON PAQ 25 UN ,Gs   22.300,https://www.stock.com.py/images/thumbs/noDefaultImage_stock_500.gif,5/12/24
Papelería/Sobres,SEÑALADORES AUTOADHESIVOS VAR COL 5UN H TONE BLIS,Gs   7.000,https://www.stock.com.py/images/thumbs/noDefaultImage_stock_500.gif,5/12/24
Papelería/Sobres,GOMA ADHESIVA DIS FLOR MERLETTO 4639383,Gs   8.500,https://www.stock.com.py/images/thumbs/noDefaultImage_stock_500.gif,5/12/24
Manzana/Pera,MANZANA COLEGIALA,Gs   13.950,https://www.stock.com.py/images/thumbs/0208314_500.jpeg,5/12/24
Manzana/Pera,PERA DE AGUA EXTRA EN BANDEJA,Gs   14.500,https://www.stock.com.py/images/thumbs/0167517_500.jpeg,5/12/24
Manzana/Pera,MANZANA 1 KG VERDEVERDE,Gs   17.900,https://www.stock.com.py/images/thumbs/0167515_500.jpeg,5/12/24
Manzana/Pera,PERA ARGENTINA POR KILO,Gs   11.000,https://www.stock.com.py/images/thumbs/0167413_500.jpeg,5/12/24
Manzana/Pera,MANZANA 1 KG ROJA,Gs   15.200,https://www.stock.com.py/images/thumbs/0167412_500.jpeg,5/12/24
Manzana/Pera,MANZANA VERDE EXTRA EN BANDEJA,Gs   20.550,https://www.stock.com.py/images/thumbs/0157636_500.jpeg,5/12/24
Manzana/Pera,MANZANA COLEGIALA EN BANDEJA 6 UNIDADES POR KILO,Gs   16.250,https://www.stock.com.py/images/thumbs/0138894_500.jpeg,5/12/24
Manzana/Pera,MANZANA EN BANDEJA xKG,Gs   17.450,https://www.stock.com.py/images/thumbs/0138363_500.jpeg,5/12/24
Merenderos/Termos/Papelera,PORTA SAN REMO MERIENDA685E,Gs   9.200,https://www.stock.com.py/images/thumbs/0183347_500.jpeg,5/12/24
Merenderos/Termos/Papelera,BOTELLA SAN REMO CON PICO CON VALV 754/20E,Gs   7.700,https://www.stock.com.py/images/thumbs/0155982_500.jpeg,5/12/24
Merenderos/Termos/Papelera,BOTELLA SAN REMO CON PICO 500ML 756/20E,Gs   8.600,https://www.stock.com.py/images/thumbs/0155937_500.jpeg,5/12/24
Merenderos/Termos/Papelera,BOTELLA SAN REMO DEP 500ML 756/30E,Gs   8.600,https://www.stock.com.py/images/thumbs/0155889_500.jpeg,5/12/24
Merenderos/Termos/Papelera,PAPELERA SAN REMO 20.5LT 280E,Gs   59.900,https://www.stock.com.py/images/thumbs/0155886_500.jpeg,5/12/24
Tempero,MISTURA TEMPERO SALADA X60GR F,Gs   4.700,https://www.stock.com.py/images/thumbs/0211768_500.png,5/12/24
Tempero,CONDIMENTO ZAELI AJO Y SAL POTE 300GR,Gs   6.650,https://www.stock.com.py/images/thumbs/0211754_500.png,5/12/24
Tempero,CONDIMENTO COMPLETO SIN PIMIENTA ZAELI 300GR,Gs   6.650,https://www.stock.com.py/images/thumbs/0211753_500.png,5/12/24
Tempero,CONDIMENTO AMACIANTE DE CARNE 30 GRS,Gs   12.600,https://www.stock.com.py/images/thumbs/0181691_500.jpeg,5/12/24
Tempero,CONDIMENTO NESTLE FRASCO 120 GR,Gs   12.600,https://www.stock.com.py/images/thumbs/0181690_500.jpeg,5/12/24
Tempero,CONDIMENTO NESTLE FRASCO 120 GR,Gs   12.600,https://www.stock.com.py/images/thumbs/0181689_500.jpeg,5/12/24
Tempero,TEMPERO SAZON X 60 GR.,Gs   7.550,https://www.stock.com.py/images/thumbs/0178691_500.jpeg,5/12/24
Tempero,TEMPERO EN POLVO SAZON AMARILLO 60G,Gs   7.550,https://www.stock.com.py/images/thumbs/0178662_500.jpeg,5/12/24
Tempero,TEMPERO COMPLETO S/PIMIENTA,Gs   26.250,https://www.stock.com.py/images/thumbs/0175259_500.jpeg,5/12/24
Plumeros,PLUMERO NRO 8 LAVA MIL,Gs   40.300,https://www.stock.com.py/images/thumbs/0202559_500.jpeg,5/12/24
Plumeros,PLUMERO NRO 2 LAVA MIL,Gs   23.200,https://www.stock.com.py/images/thumbs/0202557_500.jpeg,5/12/24
Plumeros,PLUMERO NRO 10 LAVA MIL,Gs   54.300,https://www.stock.com.py/images/thumbs/0192341_500.jpeg,5/12/24
Plumeros,PLUMERO GRANDE HOME THINGS 1UN S/E,Gs   33.900,https://www.stock.com.py/images/thumbs/noDefaultImage_stock_500.gif,5/12/24
Nachos/ Palitos Salados,NACHOS TACO VILLA BOLSA 300 GR,Gs   17.300,https://www.stock.com.py/images/thumbs/0177544_500.jpeg,5/12/24
Nachos/ Palitos Salados,PALITO SALADO DULCESAR PAQUETE 100GR,Gs   4.800,https://www.stock.com.py/images/thumbs/0167706_500.png,5/12/24
Caldos/Sopas/Pure,PURE DE PAPA ORIGINAL MAGGI 125 GR,Gs   15.500,https://www.stock.com.py/images/thumbs/0207980_500.jpeg,5/12/24
Caldos/Sopas/Pure,SOPA CREMA VEGETALES 60GR KNORR,Gs   7.300,https://www.stock.com.py/images/thumbs/0204451_500.jpeg,5/12/24
Caldos/Sopas/Pure,KNORR PURE PAPAS RECETA COMPLETA LISTA 125 GR,Gs   13.700,https://www.stock.com.py/images/thumbs/0203603_500.jpeg,5/12/24
Caldos/Sopas/Pure,CALDO D/VERDURAS DESHIDRATADO 12UN MAGGI,Gs   10.000,https://www.stock.com.py/images/thumbs/0200531_500.jpeg,5/12/24
Caldos/Sopas/Pure,PURE DE PAPAS INSTANTANEO KNORR 125GR,Gs   12.750,https://www.stock.com.py/images/thumbs/0198784_500.jpeg,5/12/24
Caldos/Sopas/Pure,KNORR SOPA CREMA ZAPALLO CON NUEZ MOSCADA 70 GR,Gs   7.300,https://www.stock.com.py/images/thumbs/0196780_500.jpeg,5/12/24
Caldos/Sopas/Pure,"KNORR SOPA DE VEGETALES CON CARACOLITOS TRICOLOR 107,5 GR",Gs   8.950,https://www.stock.com.py/images/thumbs/0196776_500.jpeg,5/12/24
Caldos/Sopas/Pure,CALDO DE GALLINA KNORR 12UNID,Gs   8.350,https://www.stock.com.py/images/thumbs/0195337_500.jpeg,5/12/24
Caldos/Sopas/Pure,CALDO DE GALLINA KNORR 6UNID,Gs   5.000,https://www.stock.com.py/images/thumbs/0195336_500.jpeg,5/12/24
Caldos/Sopas/Pure,CALDO DE CARNE KNORR 12UNID,Gs   8.350,https://www.stock.com.py/images/thumbs/0195329_500.jpeg,5/12/24
Caldos/Sopas/Pure,CALDO DE CARNE KNORR 6UNID,Gs   5.000,https://www.stock.com.py/images/thumbs/0195328_500.jpeg,5/12/24
Caldos/Sopas/Pure,PURE DE PAPAS BIANCA 125GR,Gs   5.300,https://www.stock.com.py/images/thumbs/0188472_500.jpeg,5/12/24
Caldos/Sopas/Pure,PURE DE PAPAS BIANCA 400GR,Gs   13.800,https://www.stock.com.py/images/thumbs/0188470_500.jpeg,5/12/24
Caldos/Sopas/Pure,SOPA D/GALLINA C/FIDEO DESHIDRATADA 60GR MAGGI,Gs   10.800,https://www.stock.com.py/images/thumbs/0181695_500.jpeg,5/12/24
Caldos/Sopas/Pure,SOPA D/CARNE C/FIDEO CARACOLITO DESHIDRATADA 63GR MAGGI,Gs   10.850,https://www.stock.com.py/images/thumbs/0181694_500.jpeg,5/12/24
Caldos/Sopas/Pure,PURE DE PAPAS AMELIA CON LECHE DESHIDRATADO 150 GR,Gs   10.400,https://www.stock.com.py/images/thumbs/0181171_500.jpeg,5/12/24
Caldos/Sopas/Pure,PURE D/PAPAS 125GR AMELIA,Gs   9.000,https://www.stock.com.py/images/thumbs/0159227_500.jpeg,5/12/24
Otras Comidas,SOPA DE VERDURAS TODOGRANJA CJ,Gs   8.300,https://www.stock.com.py/images/thumbs/0208648_500.jpeg,5/12/24
Otras Comidas,LASAGNA DE PECHUGA DE PAVO SADIA 600GR,Gs   41.000,https://www.stock.com.py/images/thumbs/0187736_500.jpeg,5/12/24
Otras Comidas,LASAGNA DE CREMA DE ESPINACA SADIA 600GR,Gs   41.000,https://www.stock.com.py/images/thumbs/0187735_500.jpeg,5/12/24
Otras Comidas,LASAGNA MIX DE QUESOS CONGELADO SADIA 600GR,Gs   41.000,https://www.stock.com.py/images/thumbs/0187734_500.jpeg,5/12/24
Otras Comidas,SOFRITO 150GR FRUTOS DEL MAIPO PAQ,Gs   9.000,https://www.stock.com.py/images/thumbs/0179791_500.jpeg,5/12/24
Otras Comidas,PAN DE AJO LEVEMENTE PICANTE SANTA MASSA 240GR PLAST,Gs   19.900,https://www.stock.com.py/images/thumbs/0173155_500.jpeg,5/12/24
Otras Comidas,PAN DE AJO TRADICIONAL SANTA MASSA 240GR PLAST,Gs   19.900,https://www.stock.com.py/images/thumbs/0173154_500.jpeg,5/12/24
Otras Comidas,PAN DE AJO C/ QUESO TRADICIONAL 300GR ZINHO BJA,Gs   19.950,https://www.stock.com.py/images/thumbs/0171843_500.jpeg,5/12/24
Otras Comidas,LASAGNA BOLOGNESA X 600 GR SADIA PAQ,Gs   41.000,https://www.stock.com.py/images/thumbs/0166120_500.png,5/12/24
Conservadora/Champañera,CONSERVADORA SOPRANO TROPICAL 32L NEGRO,Gs   114.950,https://www.stock.com.py/images/thumbs/0207555_500.jpeg,5/12/24
Conservadora/Champañera,CONSERVADORA SOPRANO TROPICAL 12L NEGRO,Gs   93.950,https://www.stock.com.py/images/thumbs/0207424_500.png,5/12/24
Conservadora/Champañera,BOTELLA TERMICA C/PICO NEG COLEMAN 700ML,Gs   299.000,https://www.stock.com.py/images/thumbs/0207076_500.jpeg,5/12/24
Conservadora/Champañera,COLEMAN VASO TERMICO COLOR BLANCO 600 ML,Gs   199.900,https://www.stock.com.py/images/thumbs/0207031_500.jpeg,5/12/24
Conservadora/Champañera,VASO TERMICO COLOR GRIS COLEMAN 600 ML,Gs   199.900,https://www.stock.com.py/images/thumbs/0207030_500.jpeg,5/12/24
Conservadora/Champañera,VASO TERMICO COLEMAN  PACK 600ML 2UN,Gs   359.900,https://www.stock.com.py/images/thumbs/0207029_500.jpeg,5/12/24
Conservadora/Champañera,VASO TERMICO ROJO/NEGR COLEMAN 600ML 2UN,Gs   359.900,https://www.stock.com.py/images/thumbs/0207028_500.jpeg,5/12/24
Conservadora/Champañera,BOTELLA TERMICA C/PICO CEL COLEMAN 700ML,Gs   299.000,https://www.stock.com.py/images/thumbs/0207027_500.jpeg,5/12/24
Conservadora/Champañera,BOTELLA TERMICA VER/ LIM/COLEMAN 700ML,Gs   299.000,https://www.stock.com.py/images/thumbs/0207026_500.jpeg,5/12/24
Conservadora/Champañera,CONSERVADORA SOPRANO TROPICAL 32L AZUL,Gs   114.950,https://www.stock.com.py/images/thumbs/0202499_500.jpeg,5/12/24
Conservadora/Champañera,MAST VASO DOBLE PARED TERMICO CON ABRIDOR COLORES SURTIDOS 510 ML,Gs   54.900,https://www.stock.com.py/images/thumbs/0201024_500.jpeg,5/12/24
Conservadora/Champañera,MATE BOMBILLA KEEP,Gs   100.000,https://www.stock.com.py/images/thumbs/0199371_500.jpeg,5/12/24
Conservadora/Champañera,BOTELLA TERMICA KEEP 500 ML,Gs   121.000,https://www.stock.com.py/images/thumbs/0199370_500.jpeg,5/12/24
Conservadora/Champañera,TERMO BALA KEEP 500 ML,Gs   135.000,https://www.stock.com.py/images/thumbs/0199368_500.jpeg,5/12/24
Conservadora/Champañera,TAZA KEEP 400 ML,Gs   79.000,https://www.stock.com.py/images/thumbs/0199367_500.jpeg,5/12/24
Conservadora/Champañera,BOTELLA DEP P/AGUA 750ML LIFE Y LIVNG S/E REF XG2626,Gs   29.900,https://www.stock.com.py/images/thumbs/0164428_500.jpeg,5/12/24
Conservadora/Champañera,CONSERVADORA SOPRANO TROPICAL 12L AZUL,Gs   93.950,https://www.stock.com.py/images/thumbs/noDefaultImage_stock_500.gif,5/12/24
Conservadora/Champañera,CONSERVADORA SOPRANO TROPICAL 12L ROJO,Gs   93.950,https://www.stock.com.py/images/thumbs/noDefaultImage_stock_500.gif,5/12/24
Conservadora/Champañera,CONSERVADORA SOPRANO TROPICAL 32L ROJO,Gs   114.950,https://www.stock.com.py/images/thumbs/noDefaultImage_stock_500.gif,5/12/24
Conservadora/Champañera,CONSERVADORA SOPRANO TROPICAL 5L AZUL,Gs   52.300,https://www.stock.com.py/images/thumbs/noDefaultImage_stock_500.gif,5/12/24
Conservadora/Champañera,CONSERVADORA D/ISOPOR 8LITROS,Gs   20.500,https://www.stock.com.py/images/thumbs/noDefaultImage_stock_500.gif,5/12/24
Especiales,QUESO AZUL SHEHUEN xKG,Gs   133.950,https://www.stock.com.py/images/thumbs/0211541_500.jpeg,5/12/24
Especiales,QUESO EN HORMA AZUL SANTA ROSA xKG,Gs   185.250,https://www.stock.com.py/images/thumbs/0187836_500.jpeg,5/12/24
Jabones,JABON INTIMO HERBAL NOSOTRAS 200ML,Gs   49.900,https://www.stock.com.py/images/thumbs/0212355_500.jpeg,5/12/24
Jabones,JABON TOCADOR SENSACION HUMECTANTE PALMOLIVE 150gr,Gs   7.850,https://www.stock.com.py/images/thumbs/0209833_500.jpeg,5/12/24
Jabones,JABÓN LIQUIDO DAILY INTIMO CUIDADO SUAVE 350ML ,Gs   30.900,https://www.stock.com.py/images/thumbs/0208700_500.png,5/12/24
Jabones,JABON FACIAL ANTIACNE TEENAGERS 120ML,Gs   16.500,https://www.stock.com.py/images/thumbs/0208698_500.png,5/12/24
Jabones,JABON ANTIBACT PROTEX AVEN/PROBIOT 270GR,Gs   19.250,https://www.stock.com.py/images/thumbs/0207626_500.jpeg,5/12/24
Jabones,JABON TOC MAR VANILLA TOUCH 3UN DE 125GR,Gs   16.900,https://www.stock.com.py/images/thumbs/0206478_500.jpeg,5/12/24
Jabones,JABON TOC MAR SWEET TEMPTATION 3UN 125GR,Gs   16.900,https://www.stock.com.py/images/thumbs/0206080_500.jpeg,5/12/24
Jabones,MAR JABON DE TOCADOR ROSAS Y CERAMIDAS 3 UNIDADES 125 GR,Gs   16.900,https://www.stock.com.py/images/thumbs/0203701_500.jpeg,5/12/24
Jabones,SIMOND-S DERMO CARE HIPOALERGENICO JABON EN GEL CON GLICERINA CREMOSO 750 ML,Gs   38.150,https://www.stock.com.py/images/thumbs/0203665_500.jpeg,5/12/24
Jabones,SIMOND-S DERMO CARE HIPOALERGENICO JABON EN GEL CON GLICERINA AVENA 750 ML,Gs   38.150,https://www.stock.com.py/images/thumbs/0203664_500.jpeg,5/12/24
Jabones,JABON DE TOCADOR C2 MAGICA ENERGIA 130 G,Gs   5.450,https://www.stock.com.py/images/thumbs/0203204_500.jpeg,5/12/24
Jabones,JABON TOC FLORES AMAR/MIEL SUSI 80GR,Gs   3.100,https://www.stock.com.py/images/thumbs/0203167_500.jpeg,5/12/24
Jabones,JABON TOC FLORES/ROSAS/CEREZAS SUSI 80GR,Gs   3.100,https://www.stock.com.py/images/thumbs/0203166_500.jpeg,5/12/24
Jabones,JABON TOC FLORES D/ALG Y LECHE SUSI 80GR,Gs   3.100,https://www.stock.com.py/images/thumbs/0203165_500.jpeg,5/12/24
Jabones,JABON LIQUIDO CORPORAL NUTRICION INDULGENTE DOVE 250ML,Gs   21.800,https://www.stock.com.py/images/thumbs/0201886_500.jpeg,5/12/24
Jabones,PLUSBELLE ENERGIA JABON DE TOCADOR GUARANA Y FLOR CAPUCHINA 120 GR,Gs   6.500,https://www.stock.com.py/images/thumbs/0201817_500.jpeg,5/12/24
Jabones,JABON LIQ HIG/ORQ PALMOLIVE LUM OILS 250,Gs   20.000,https://www.stock.com.py/images/thumbs/0201686_500.jpeg,5/12/24
Jabones,JABÓN LIQUIDO DAILY PINK ROSE CON DOSIFICADOR 1LT,Gs   30.000,https://www.stock.com.py/images/thumbs/0201253_500.jpeg,5/12/24
Jabones,JABÓN LIQUIDO DAILY CITRUS SUN CON DOSIFICADOR 1LT,Gs   30.000,https://www.stock.com.py/images/thumbs/0201252_500.jpeg,5/12/24
Jabones,JABÓN LIQUIDO DAILY BLUE OCEAN CON DOSIFICADOR 1LT,Gs   30.000,https://www.stock.com.py/images/thumbs/0201251_500.jpeg,5/12/24
Jabones,JABÓN LIQUIDO DAILY CITRUS SUN CON DOSIFICADOR 350ML,Gs   16.500,https://www.stock.com.py/images/thumbs/0201247_500.jpeg,5/12/24
Jabones,JABÓN LIQUIDO DAILY PINK ROSE CON DOSIFICADOR 350ml,Gs   16.500,https://www.stock.com.py/images/thumbs/0201243_500.jpeg,5/12/24
Jabones,COCO CAVALLARO JABON DE TOCADOR FLORAL 270 GR 3 UNIDADES,Gs   13.600,https://www.stock.com.py/images/thumbs/0200060_500.jpeg,5/12/24
Jabones,COCO CAVALLARO JABON DE TOCADOR MARINA 270 GR 3 UNIDADES,Gs   13.600,https://www.stock.com.py/images/thumbs/0200059_500.jpeg,5/12/24
Jabones,COCO CAVALLARO JABON DE TOCADOR VERBENA 270 GR 3 UNIDADES,Gs   13.600,https://www.stock.com.py/images/thumbs/0200058_500.jpeg,5/12/24
Jabones,MAR ANTIBAC CHEF JABON LIQUIDO ANTIBACTERIAL CON CARBON ACTIVADO 300 ML,Gs   14.550,https://www.stock.com.py/images/thumbs/0199995_500.jpeg,5/12/24
Jabones,PLUSBELLE RELAJACION PACK JABON DE TOCADOR MIEL DE LAVANDA Y MACA 3 X 120 GR,Gs   16.900,https://www.stock.com.py/images/thumbs/0199787_500.jpeg,5/12/24
Jabones,JABON D/TOC FRUT SILVEST PLUSBELLE 120GR,Gs   6.500,https://www.stock.com.py/images/thumbs/0199785_500.jpeg,5/12/24
Chocolates,CHOCOLATE RELL D/MANI BON O BON LAT 90GR,Gs   27.000,https://www.stock.com.py/images/thumbs/0211206_500.jpeg,5/12/24
Chocolates,CHOCOLINAS BARR/CHOC/GALLETI COFLER 40GR,Gs   4.500,https://www.stock.com.py/images/thumbs/0208265_500.jpeg,5/12/24
Chocolates,BOMBON RELL/C/DUL/D/LEC BON O BON 480GR,Gs   37.500,https://www.stock.com.py/images/thumbs/0208148_500.jpeg,5/12/24
Chocolates,CHOCOLATE CACAO COFLER 100GR,Gs   15.000,https://www.stock.com.py/images/thumbs/0207534_500.jpeg,5/12/24
Chocolates,ALMENDRAS C/CHOCO C/LECHE COFLER 100GR,Gs   15.000,https://www.stock.com.py/images/thumbs/0207533_500.jpeg,5/12/24
Chocolates,ALMENDRAS C/CHOCOLATE BLANC COFLER 100GR,Gs   15.000,https://www.stock.com.py/images/thumbs/0207532_500.jpeg,5/12/24
Chocolates,MANI C/CHOCO C/LECHE COFLER BLOCK 100GR,Gs   16.000,https://www.stock.com.py/images/thumbs/0207531_500.jpeg,5/12/24
Chocolates,CHOCOLATE C/LECH LACTA DIAMANTE NEG 34GR,Gs   4.900,https://www.stock.com.py/images/thumbs/0206908_500.jpeg,5/12/24
Chocolates,CHOCOLATE RELL D/MANI BON O BON LAT 150G,Gs   43.000,https://www.stock.com.py/images/thumbs/0206482_500.jpeg,5/12/24
Chocolates,CHOCOLATE C/RELL D/MANI BON O BON 95GR,Gs   15.000,https://www.stock.com.py/images/thumbs/0206476_500.jpeg,5/12/24
Chocolates,MILKA CHOCO PAUSE OBLEA RELLENA SABOR CACAO RECUBIERTA CON CHOCOLATE CON LECHE 45 GR,Gs   6.750,https://www.stock.com.py/images/thumbs/0204906_500.jpeg,5/12/24
Chocolates,ALFAJOR FANTASIO TRES NEGRO 70GR PLAST,Gs   2.800,https://www.stock.com.py/images/thumbs/0204461_500.jpeg,5/12/24
Chocolates,ARCOR EL KIOSKO EN CASA BOMBONES CHOCOLATES OBLEAS Y BARRAS SURTIDAS 246 GR,Gs   32.500,https://www.stock.com.py/images/thumbs/0204407_500.jpeg,5/12/24
Chocolates,GAROTO TABLETA DE CHOCOLATE CON CHOCOLATES COLORIDOS 80 GR,Gs   15.000,https://www.stock.com.py/images/thumbs/0203960_500.jpeg,5/12/24
Chocolates,GAROTO TABLETA DE CHOCOLATE CON MANI CROCANTE 80 GR,Gs   15.000,https://www.stock.com.py/images/thumbs/0203959_500.jpeg,5/12/24
Chocolates,GAROTO TABLETA DE CHOCOLATE MEDIO AMARGO 80 GR,Gs   15.000,https://www.stock.com.py/images/thumbs/0203958_500.jpeg,5/12/24
Chocolates,GAROTO TABLETA DE CHOCOLATE CON LECHE 80 GR,Gs   15.000,https://www.stock.com.py/images/thumbs/0203957_500.jpeg,5/12/24
Chocolates,BON O BON BLANCO BOMBONES RELLENOS CON CREMA DE MANI 270 GR,Gs   25.000,https://www.stock.com.py/images/thumbs/0203654_500.jpeg,5/12/24
Chocolates,LACTA DIAMANTE NEGRO TABLETA DE CHOCOLATE CON LECHE CON CROCANTE 80 GR,Gs   13.900,https://www.stock.com.py/images/thumbs/0203399_500.jpeg,5/12/24
Chocolates,TURRON DE MANI CON CHOCOLATE KELWA 40 GR,Gs   3.600,https://www.stock.com.py/images/thumbs/0202600_500.jpeg,5/12/24
Chocolates,TURRON DE MANI CON CHOCO.X200GR KELWA,Gs   28.400,https://www.stock.com.py/images/thumbs/0202362_500.jpeg,5/12/24
Chocolates,CHOCOLATE E/BARRA SNICKERS 45GR PLAST,Gs   7.000,https://www.stock.com.py/images/thumbs/0201768_500.png,5/12/24
Chocolates,BON O BON BOMBONES DE CHOCOLATE CON LECHE 15 GR,Gs   1.500,https://www.stock.com.py/images/thumbs/0201133_500.jpeg,5/12/24
Chocolates,BON O BON BOMBONES DE CHOCOLATE CON MANI 270 GR,Gs   25.000,https://www.stock.com.py/images/thumbs/0201132_500.jpeg,5/12/24
Chocolates,BON O BON BOMBONES DE CHOCOLATE CON LECHE 450 GR,Gs   37.500,https://www.stock.com.py/images/thumbs/0201130_500.jpeg,5/12/24
Chocolates,NESTLE CRUNCH TABLETA DE CHOCOLATE CON LECHE CON COPOS DE ARROZ 80 GR,Gs   14.900,https://www.stock.com.py/images/thumbs/0200540_500.jpeg,5/12/24
Chocolates,NESTLE CHOCOLATE CON LECHE 80 GR,Gs   14.900,https://www.stock.com.py/images/thumbs/0200539_500.jpeg,5/12/24
Chocolates,NESTLE CLASSIC TABLETA DE CHOCOLATE BLANCO 80 GR,Gs   14.900,https://www.stock.com.py/images/thumbs/0200538_500.jpeg,5/12/24
Alcohol,SANITIZANTE LIQ P/MAN ALCOH DAILY 350ML,Gs   16.900,https://www.stock.com.py/images/thumbs/0208982_500.png,5/12/24
Alcohol,SANITIZANTE P/MANOS ALCOHOL 70% GLICERIN,Gs   11.000,https://www.stock.com.py/images/thumbs/0208981_500.png,5/12/24
Alcohol,ALCOHOL RECTIFICADO AL 70PRC 1LT AMITA,Gs   21.550,https://www.stock.com.py/images/thumbs/0184442_500.jpeg,5/12/24
Alcohol,ALCOHOL DESINFECTANTE SPRAY P/MANOS MATHER PARMA 100ML FCO,Gs   6.550,https://www.stock.com.py/images/thumbs/0183767_500.jpeg,5/12/24
Alcohol,ALCOHOL RECTIFICADO AMITA BOTELLA,Gs   20.500,https://www.stock.com.py/images/thumbs/0172854_500.png,5/12/24
Alcohol,ALCOHOL RECTIFICADO AMITA BOTELLA,Gs   11.150,https://www.stock.com.py/images/thumbs/0150107_500.jpeg,5/12/24
Pre-Pizza,PREPIZZA STOCK 220GR PV,Gs   2.450,https://www.stock.com.py/images/thumbs/0209782_500.jpeg,5/12/24
Pre-Pizza,PRE PIZZA TRADICIONAL 200GR PANTODOS BSA,Gs   6.900,https://www.stock.com.py/images/thumbs/0209677_500.png,5/12/24
Pre-Pizza,PRE-PIZZA BLANCA GOURMET EL GERMANO 120GR,Gs   8.100,https://www.stock.com.py/images/thumbs/0187191_500.jpeg,5/12/24
Pre-Pizza,PRE-PIZZA DE GLUTEN EL GERMANO 2UNID,Gs   7.700,https://www.stock.com.py/images/thumbs/0187190_500.jpeg,5/12/24
Pre-Pizza,PIZZETAS MY FRIEND X 4UN ,Gs   5.400,https://www.stock.com.py/images/thumbs/0178004_500.jpeg,5/12/24
Pre-Pizza,PRE PIZZA MY FRIEND 1 UN B,Gs   6.400,https://www.stock.com.py/images/thumbs/0178001_500.jpeg,5/12/24
Toallitas Humedas,TOALLITA HUMEDA PURO & NATURAL HUGGIES 80UNID,Gs   53.250,https://www.stock.com.py/images/thumbs/0209237_500.jpeg,5/12/24
Toallitas Humedas,TOALLITA HUMEDA PURO & NATURAL HUGGIES 48UNID,Gs   35.400,https://www.stock.com.py/images/thumbs/0209236_500.jpeg,5/12/24
Toallitas Humedas,TOALLITA HUMEDA OLEO CALCAREO HUGGIES 48UNID,Gs   33.700,https://www.stock.com.py/images/thumbs/0209235_500.jpeg,5/12/24
Toallitas Humedas,TOALLITA HUMEDA CUIDADO 4 EN 1 HUGGIES 48UNID,Gs   22.350,https://www.stock.com.py/images/thumbs/0209234_500.jpeg,5/12/24
Toallitas Humedas,HUGGIES TRIPLE PROTECCION TOALLITAS HUMEDAS 96 UNIDADES,Gs   23.650,https://www.stock.com.py/images/thumbs/0209233_500.jpeg,5/12/24
Toallitas Humedas,TOALLITA HUM TRIP/PROTECCION 48UN HUGGIE,Gs   13.150,https://www.stock.com.py/images/thumbs/0209232_500.jpeg,5/12/24
Toallitas Humedas,TOALLITAS HUM SURT DODDY PAGUE 2 LLEVE 3,Gs   17.600,https://www.stock.com.py/images/thumbs/0208674_500.jpeg,5/12/24
Toallitas Humedas,TOALLITA HUMED PIEL SENSIBLE DODDY 100UN,Gs   14.800,https://www.stock.com.py/images/thumbs/0208611_500.jpeg,5/12/24
Toallitas Humedas,TOALLITAS HUMEDAS DODDY 50 UNIDADES,Gs   8.800,https://www.stock.com.py/images/thumbs/0208610_500.jpeg,5/12/24
Toallitas Humedas,SPRAY ANTIMOSQUITOS CITRONELA RICITOS DE ORO 100ML FCO,Gs   31.200,https://www.stock.com.py/images/thumbs/0202396_500.jpeg,5/12/24
Toallitas Humedas,JOHNSON-S BABY JABON LIQUIDO PARA BA?O ANTES DE DORMIR 200 ML,Gs   28.800,https://www.stock.com.py/images/thumbs/0199576_500.jpeg,5/12/24
Toallitas Humedas,JOHNSON-S BABY JABON LIQUIDO PARA BA?O CON GLICERINA 200 ML,Gs   18.650,https://www.stock.com.py/images/thumbs/0199575_500.jpeg,5/12/24
Toallitas Humedas,TOALLITAS HUMEDAS PREVEX BABY DERMO 72UNID,Gs   23.000,https://www.stock.com.py/images/thumbs/0198421_500.jpeg,5/12/24
Toallitas Humedas,AGUBABY TOALLITAS HUMEDAS CON ALOE VERA Y MANZANILLA 100 UNIDADES,Gs   13.850,https://www.stock.com.py/images/thumbs/0197020_500.jpeg,5/12/24
Toallitas Humedas,AGUBABY TOALLITAS HUMEDAS CON ALOE VERA Y MANZANILLA 50 UNIDADES,Gs   8.250,https://www.stock.com.py/images/thumbs/0197019_500.jpeg,5/12/24
Toallitas Humedas,JABON PARA BEBE 80 GR ALGABO BABY,Gs   6.400,https://www.stock.com.py/images/thumbs/0191148_500.jpeg,5/12/24
Toallitas Humedas,TOALLITAS HUMEDAS AGUBABY 50UNID,Gs   8.250,https://www.stock.com.py/images/thumbs/0188504_500.jpeg,5/12/24
Toallitas Humedas,JABON LIQ ALGABO BABY TIERNAS COSQUILLAS 200ML FCO,Gs   10.900,https://www.stock.com.py/images/thumbs/0183290_500.jpeg,5/12/24
Toallitas Humedas,TOALLITAS HUMEDAS C/MANZANILLA 100 UN DODDY,Gs   14.800,https://www.stock.com.py/images/thumbs/0173359_500.jpeg,5/12/24
Toallitas Humedas,TOALLITAS HUMEDAS CON VITAMINA E 100UN DODDY PAQ,Gs   14.800,https://www.stock.com.py/images/thumbs/0173356_500.jpeg,5/12/24
Toallitas Humedas,TOALLITAS HUMEDAS CON ALOE VERA 100UN DODDY PAQ,Gs   14.800,https://www.stock.com.py/images/thumbs/0173355_500.jpeg,5/12/24
Toallitas Humedas,TOALLITAS HUMEDAS CON AVENA 50UN DODDY PAQ,Gs   8.800,https://www.stock.com.py/images/thumbs/0173354_500.jpeg,5/12/24
Toallitas Humedas,TOALLITAS HUMEDAS CON VITAMINA E 50UN DODDY PAQ,Gs   8.800,https://www.stock.com.py/images/thumbs/0173353_500.jpeg,5/12/24
Toallitas Humedas,TOALLITAS HUMEDAS CON ALOE VERA 50UN DODDY PAQ,Gs   8.800,https://www.stock.com.py/images/thumbs/0173352_500.jpeg,5/12/24
Toallitas Humedas,TOALLITAS HUMEDAS SIN ALCOHOL 100UN AGUBABY PAQ,Gs   13.850,https://www.stock.com.py/images/thumbs/0165893_500.jpeg,5/12/24
Repelentes,APARATO PARA TABLETAS MATA MOSQUITOS RAID,Gs   30.900,https://www.stock.com.py/images/thumbs/0212528_500.jpeg,5/12/24
Repelentes,OFF! KIDS CREMA REPELENTE DE INSECTOS 100 GR,Gs   29.900,https://www.stock.com.py/images/thumbs/0212521_500.jpeg,5/12/24
Repelentes,OFF! FAMILY REPELENTE DE INSECTOS EN CREMA 196 GR,Gs   25.500,https://www.stock.com.py/images/thumbs/0212520_500.jpeg,5/12/24
Repelentes,RAID TABLETAS INSECTICIDA REPELENTES CONTRA MOSQUITOS Y ZANCUDOS 12 NOCHES,Gs   11.500,https://www.stock.com.py/images/thumbs/0212488_500.jpeg,5/12/24
Repelentes,TABLETAS CONTRA MOSQUITOS Y ZANCUDOS RAID 24UNID,Gs   20.900,https://www.stock.com.py/images/thumbs/0212487_500.jpeg,5/12/24
Repelentes,OFF! FAMILY AEROSOL REPELENTE DE INSECTOS 223 GR,Gs   58.900,https://www.stock.com.py/images/thumbs/0212459_500.jpeg,5/12/24
Repelentes,OFF! EXTRA DURACION REPELENTE DE INSECTOS EN AEROSOL 142 GR,Gs   58.900,https://www.stock.com.py/images/thumbs/0212458_500.jpeg,5/12/24
Repelentes,OFF! FAMILY REPELENTE DE INSECTOS EN AEROSOL 131 GR,Gs   41.500,https://www.stock.com.py/images/thumbs/0212454_500.jpeg,5/12/24
Repelentes,ESPIRAL DOBLE ACCION 150GR RAID CJA,Gs   7.900,https://www.stock.com.py/images/thumbs/0212428_500.jpeg,5/12/24
Repelentes,ESPIRAL DOBLE ACCION 150GR RAID CJA,Gs   6.500,https://www.stock.com.py/images/thumbs/0212427_500.jpeg,5/12/24
Repelentes,REPELENTE DE INSECTOS EN CREMA OFF! 60GR,Gs   12.800,https://www.stock.com.py/images/thumbs/0212415_500.jpeg,5/12/24
Repelentes,TRAMPA ADHESIVA P/RATAS POLIFOAM CARTON,Gs   12.000,https://www.stock.com.py/images/thumbs/0202590_500.jpeg,5/12/24
Repelentes,STICKS PALILLOS REP ANTI MOSQUITOS CITRONELLA MATIRIS 4UN CJA,Gs   13.900,https://www.stock.com.py/images/thumbs/0202474_500.jpeg,5/12/24
Repelentes,REPELENTE CREMA BABY BLUE 100ml,Gs   13.400,https://www.stock.com.py/images/thumbs/0201513_500.png,5/12/24
Repelentes,MATIRIS PALILLOS REPELENTES ANTIMOSQUITOS ESENCIA DE ROSAS 4 UNIDADES 140 GR,Gs   13.900,https://www.stock.com.py/images/thumbs/0201089_500.jpeg,5/12/24
Repelentes,ESPIRALES IRIS BRISA D/CAMPO 12UND MATIRIS CJA,Gs   7.250,https://www.stock.com.py/images/thumbs/0201082_500.jpeg,5/12/24
Repelentes,PALILLOS REPELENTES DE MOSQUITOS IRIS CAJA X 4UND. ,Gs   13.900,https://www.stock.com.py/images/thumbs/0201080_500.jpeg,5/12/24
Repelentes,REPELENTE DE INSECTOS POCKET 60CC AUT AER,Gs   12.450,https://www.stock.com.py/images/thumbs/0201079_500.jpeg,5/12/24
Repelentes,ESPIRALES LAS LILAS 12UND MATIRIS CJA,Gs   7.250,https://www.stock.com.py/images/thumbs/0201078_500.jpeg,5/12/24
Repelentes,TABLETAS MATA MOSQUITOS BRISA DEL CAMPO 12UN MATIRIS CAJ ,Gs   7.950,https://www.stock.com.py/images/thumbs/0201070_500.jpeg,5/12/24
Repelentes,ESPIRAL CINTRONELLA 12UN MATIRIS CJA,Gs   7.250,https://www.stock.com.py/images/thumbs/0201066_500.jpeg,5/12/24
Repelentes,PASTILLA MATA MOSQUITO 30UND MATIRIS CJA,Gs   14.500,https://www.stock.com.py/images/thumbs/0201065_500.jpeg,5/12/24
Repelentes,TABLETAS INSECTICIDA MATAMOSQUITOS 12UN MATIRIS CAJA,Gs   7.950,https://www.stock.com.py/images/thumbs/0201064_500.jpeg,5/12/24
Repelentes,MATIRIS ESPIRALES 3 EN 1 PERFUMADAS BRISA DEL CAMPO 12 UNIDADES 150 GR,Gs   7.250,https://www.stock.com.py/images/thumbs/0201063_500.jpeg,5/12/24
Repelentes,MATIRIS ESPIRALES 3 EN 1 PERFUMADAS LAS LILAS 12 UNIDADES 150 GR,Gs   7.250,https://www.stock.com.py/images/thumbs/0201062_500.jpeg,5/12/24
Repelentes,APARATO ELECT P/TABLETAS MATAMOSQUITOS MATIRIS PAQ,Gs   26.500,https://www.stock.com.py/images/thumbs/0201061_500.jpeg,5/12/24
Repelentes,TABLETAS MATA MOSQUITOS BRISAS DEL CAMPO MATIRIS 8 UNIDADES,Gs   4.950,https://www.stock.com.py/images/thumbs/0201048_500.jpeg,5/12/24
Repelentes,TABLETAS MATA MOSQUITOS RELAX MATIRIS 8 UNIDADES PLAST,Gs   4.950,https://www.stock.com.py/images/thumbs/0201042_500.jpeg,5/12/24
Vidrio,PLATO PLAYO CRISTAL DIAMANTE,Gs   5.950,https://www.stock.com.py/images/thumbs/0212626_500.jpeg,5/12/24
Vidrio,VASO PARA REFRESCO NADIR 1 UN,Gs   4.000,https://www.stock.com.py/images/thumbs/0212624_500.jpeg,5/12/24
Vidrio,VASO PARA CERVEZA MUNICH 300ML NADIR REFERENCIA 7709,Gs   6.750,https://www.stock.com.py/images/thumbs/0212623_500.jpeg,5/12/24
Vidrio,VASO NADIR CLARO PARA REFRESCO,Gs   3.950,https://www.stock.com.py/images/thumbs/0212618_500.jpeg,5/12/24
Vidrio,VASO LARGO ACRI 300ML SAN REMO SR3002/1,Gs   4.900,https://www.stock.com.py/images/thumbs/0209512_500.jpeg,5/12/24
Vidrio,VASO D/VID QUIERO MAS 350ML DAYO BJ147,Gs   6.900,https://www.stock.com.py/images/thumbs/0208266_500.jpeg,5/12/24
Vidrio,MANIJA C/FRASE 385ML DAYO REF ZB11300,Gs   14.900,https://www.stock.com.py/images/thumbs/0207403_500.png,5/12/24
Vidrio,VASOS SAN MARINO DE 270ML DE 6UN SET,Gs   23.200,https://www.stock.com.py/images/thumbs/0207372_500.jpeg,5/12/24
Vidrio,VASOS SAN MARINO DE 270ML DE 6UN SET,Gs   23.200,https://www.stock.com.py/images/thumbs/0207345_500.jpeg,5/12/24
Vidrio,VASO SAN MARINO ARUBA 465 ML,Gs   9.600,https://www.stock.com.py/images/thumbs/0207344_500.jpeg,5/12/24
Vidrio,VASO SAN MARINO BROOKLYN 200 ML,Gs   6.700,https://www.stock.com.py/images/thumbs/0207342_500.jpeg,5/12/24
Vidrio,VASO SAN MARINO BROOKLYN 65 ML,Gs   6.300,https://www.stock.com.py/images/thumbs/0207341_500.jpeg,5/12/24
Vidrio,VASO SAN MARINO FIRENZE 360 ML,Gs   6.300,https://www.stock.com.py/images/thumbs/0207340_500.jpeg,5/12/24
Vidrio,MANIJA P/CERV VIDRIO 360ML DAYO ZB06 300,Gs   14.900,https://www.stock.com.py/images/thumbs/0207325_500.jpeg,5/12/24
Vidrio,SM BUFFET COPAS DE 186 ML 6 UNIDADES,Gs   57.200,https://www.stock.com.py/images/thumbs/0200659_500.jpeg,5/12/24
Vidrio,COZA VASO CONICO CASUAL NEGRO 200 ML,Gs   5.700,https://www.stock.com.py/images/thumbs/0193808_500.jpeg,5/12/24
Vidrio,COZA VASO DE PLASTICO NEGRO 275 ML,Gs   6.500,https://www.stock.com.py/images/thumbs/0193798_500.jpeg,5/12/24
Vidrio,COZA VASO CONICO CASUAL AZUL BALTICO 200 ML,Gs   5.700,https://www.stock.com.py/images/thumbs/0193794_500.jpeg,5/12/24
Vidrio,COZA VASO DE PLASTICO BLANCO 275 ML,Gs   6.500,https://www.stock.com.py/images/thumbs/0193787_500.jpeg,5/12/24
Vidrio,COPA P/AGUA OXFORD CRYSTAL 490 ML REF.7220 ,Gs   32.900,https://www.stock.com.py/images/thumbs/0193396_500.jpeg,5/12/24
Vidrio,VASO LAGER SM 300ML,Gs   5.700,https://www.stock.com.py/images/thumbs/0188813_500.jpeg,5/12/24
Vidrio,COPA DE VIDRIO PARA VINO 455ML DAYO,Gs   9.900,https://www.stock.com.py/images/thumbs/0182043_500.jpeg,5/12/24
Vidrio,COPA PARA HELADO DAYO 198ML,Gs   4.900,https://www.stock.com.py/images/thumbs/0181902_500.jpeg,5/12/24
Vidrio,VASO DE VIDRIO 150 ML DAYO,Gs   1.950,https://www.stock.com.py/images/thumbs/0181901_500.jpeg,5/12/24
Vidrio,VASO DE VIDRIO 260ML LIFE Y LIVING,Gs   5.900,https://www.stock.com.py/images/thumbs/0181900_500.jpeg,5/12/24
Vidrio,VASO D/VIDRIO 310ML LIFE Y LIVING REF PBS53H9 ,Gs   5.900,https://www.stock.com.py/images/thumbs/0180746_500.jpeg,5/12/24
Vidrio,VASO D/VIDRIO P/TRAGO LARGO 340ML LIFE Y LIVING REF PSJ3504B ,Gs   5.900,https://www.stock.com.py/images/thumbs/0180745_500.jpeg,5/12/24
Vidrio,VASO D/VIDRIO 255ML C/ DIS LIFE Y LIVING REF 6901E ,Gs   4.500,https://www.stock.com.py/images/thumbs/0180741_500.jpeg,5/12/24
Colonias,COLONIA SWEET CARE MAGNOLIA BLOOM 60ML,Gs   38.450,https://www.stock.com.py/images/thumbs/0207506_500.jpeg,5/12/24
Colonias,COLONIA SWEET CARE MAGNOLIA BLOOM 140ML,Gs   54.450,https://www.stock.com.py/images/thumbs/0207505_500.jpeg,5/12/24
Colonias,COLONIA SWEET CARE BODY SPLASH 60ML,Gs   38.450,https://www.stock.com.py/images/thumbs/0207504_500.jpeg,5/12/24
Colonias,COLONIA SWEET CARE BODY SPLASH 140ML,Gs   54.450,https://www.stock.com.py/images/thumbs/0207503_500.jpeg,5/12/24
Colonias,COLONIA SWEET CARE RELAXY 30 ML,Gs   32.050,https://www.stock.com.py/images/thumbs/0207502_500.jpeg,5/12/24
Colonias,COLONIA SWEET CARE EAU SWEETY 30 ML,Gs   32.050,https://www.stock.com.py/images/thumbs/0207501_500.jpeg,5/12/24
Colonias,COLONIA SWEET CARE DANCE 100 ML,Gs   88.100,https://www.stock.com.py/images/thumbs/0207500_500.jpeg,5/12/24
Colonias,COLONIA SWEET CARE ROCK 100 ML,Gs   88.100,https://www.stock.com.py/images/thumbs/0207499_500.jpeg,5/12/24
Colonias,COLONIA SWEET CARE KISS 100 ML,Gs   88.100,https://www.stock.com.py/images/thumbs/0207498_500.jpeg,5/12/24
Colonias,COLONIA SWEET CARE TOUCH 100 ML,Gs   88.100,https://www.stock.com.py/images/thumbs/0207497_500.jpeg,5/12/24
Colonias,COLONIA SWEET CARE EAU FANTASY 100ML,Gs   88.100,https://www.stock.com.py/images/thumbs/0207496_500.jpeg,5/12/24
Colonias,COLONIA SWEET CARE IMAGINE 100ML,Gs   88.100,https://www.stock.com.py/images/thumbs/0207495_500.jpeg,5/12/24
Colonias,BODY SPLASH CALL ME TEENAGERS 125ml ,Gs   15.900,https://www.stock.com.py/images/thumbs/0201255_500.png,5/12/24
Colonias,BODY SPLASH SWEET ROSE TEENAGERS 125ml,Gs   15.900,https://www.stock.com.py/images/thumbs/0201254_500.png,5/12/24
Colonias,COLONIA CORPORAL SECRET AIR SWEET CARE 140ML,Gs   50.400,https://www.stock.com.py/images/thumbs/0198552_500.jpeg,5/12/24
Colonias,COLONIA CORPORAL SECRET AIR SWEET CARE 60ML,Gs   35.900,https://www.stock.com.py/images/thumbs/0198551_500.jpeg,5/12/24
Colonias,COLONIA CORPORAL RED KISS SWEET CARE 140ML,Gs   50.400,https://www.stock.com.py/images/thumbs/0198550_500.jpeg,5/12/24
Colonias,URBAN CARE 1 EAU DE TOILETTE UNLIMITED MEN 75 ML,Gs   65.950,https://www.stock.com.py/images/thumbs/0190700_500.jpeg,5/12/24
Colonias,COLONIA BLITZ SMART SWEET CARE 75ML,Gs   20.900,https://www.stock.com.py/images/thumbs/0187248_500.jpeg,5/12/24
Colonias,COLONIA BLITZ FUNNY SWEET CARE 75ML,Gs   20.900,https://www.stock.com.py/images/thumbs/0187246_500.jpeg,5/12/24
Colonias,COLONIA BLITZ BEAUTIFUL SWEET CARE 75ML,Gs   20.900,https://www.stock.com.py/images/thumbs/0187244_500.jpeg,5/12/24
Colonias,COLONIA BLITZ AMAZING SWEET CARE 75ML,Gs   20.900,https://www.stock.com.py/images/thumbs/0187243_500.jpeg,5/12/24
Colonias,BODY SPLASH TROPICAL 110ML LOLI CJA,Gs   17.500,https://www.stock.com.py/images/thumbs/0173393_500.jpeg,5/12/24
Colonias,BODY SPLASH TROPICAL 110ML LOLI FCO,Gs   15.900,https://www.stock.com.py/images/thumbs/0173392_500.jpeg,5/12/24
Colonias,BODY SPLASH VAINILLA 110ML LOLI CJA,Gs   17.500,https://www.stock.com.py/images/thumbs/0173391_500.jpeg,5/12/24
Colonias,BODY SPLASH VAINILLA 110ML LOLI FCO,Gs   15.900,https://www.stock.com.py/images/thumbs/0173390_500.jpeg,5/12/24
Colonias,COLONIA BODY SPLASH LOVE 110ML LOLI CJA ,Gs   16.800,https://www.stock.com.py/images/thumbs/0173389_500.jpeg,5/12/24
Colonias,COLONIA BODY SPLASH MERRY 110ML LOLI CJA,Gs   16.800,https://www.stock.com.py/images/thumbs/0173388_500.jpeg,5/12/24
Tostadas,GALLETAS DE MAIZ HORNEADAS SALMAS 144GR SANISSIMO CJA,Gs   14.300,https://www.stock.com.py/images/thumbs/0212347_500.png,5/12/24
Tostadas,TOSTADAS CLASICAS MAZZEI 142 GR,Gs   7.800,https://www.stock.com.py/images/thumbs/0208088_500.jpeg,5/12/24
Tostadas,AVATINAS GALLETITAS DE MAIZ HORNEADAS 30 UNIDADES 180 GR,Gs   20.000,https://www.stock.com.py/images/thumbs/0205511_500.jpeg,5/12/24
Tostadas,MARETTI TOSTADITAS SABOR AJOS ASADOS 70 GR,Gs   8.900,https://www.stock.com.py/images/thumbs/0205400_500.jpeg,5/12/24
Tostadas,TOSTADA MULTIGRANOS BAUDUCCO 142GR,Gs   7.900,https://www.stock.com.py/images/thumbs/0202709_500.jpeg,5/12/24
Tostadas,TOSTADAS INTEGRAL BAUDUCCO 142GR,Gs   7.900,https://www.stock.com.py/images/thumbs/0193441_500.jpeg,5/12/24
Tostadas,TOSTADA CLASICA BAUDUCCO 142GR,Gs   7.900,https://www.stock.com.py/images/thumbs/0193440_500.jpeg,5/12/24
Tostadas,MARETTI TOSTADITAS SABOR TOMATE OLIVA Y OREGANO 70 GR,Gs   8.900,https://www.stock.com.py/images/thumbs/0189194_500.jpeg,5/12/24
Tostadas,MOLINOS DEL BOSQUE TOSTADAS DE ARROZ SABOR VAINILLA 150 GR,Gs   11.800,https://www.stock.com.py/images/thumbs/0183664_500.jpeg,5/12/24
Tostadas,MOLINOS DEL BOSQUE TOSTADAS DE ARROZ SIN SAL 150 GR,Gs   11.800,https://www.stock.com.py/images/thumbs/0183662_500.jpeg,5/12/24
Tostadas,MOLINOS DEL BOSQUE TOSTADAS DE ARROZ SABOR ORIGINAL 150 GR,Gs   11.800,https://www.stock.com.py/images/thumbs/0183660_500.jpeg,5/12/24
Hilos/Sedas,HILO DENTAL ANTICARIES x2 COLGATE 50m,Gs   18.450,https://www.stock.com.py/images/thumbs/0206574_500.jpeg,5/12/24
Hilos/Sedas,HILO DENTAL FLOUR-MENTA COLGATE 25m,Gs   20.350,https://www.stock.com.py/images/thumbs/0206573_500.jpeg,5/12/24
Hilos/Sedas,HILO DENTAL MENTA COLGATE 50m,Gs   18.450,https://www.stock.com.py/images/thumbs/0206572_500.jpeg,5/12/24
Hilos/Sedas,COLGATE NATURAL EXTRACTS HILO DENTAL CON CARBON 25 METROS,Gs   20.350,https://www.stock.com.py/images/thumbs/0204896_500.jpeg,5/12/24
Hilos/Sedas,HILO DENTAL ESSENCIAL MENTA JOHNSONS 100M,Gs   19.000,https://www.stock.com.py/images/thumbs/0187369_500.jpeg,5/12/24
Hilos/Sedas,HILO DENTAL DE MENTA CON CERA JOHNSONS 50M,Gs   22.850,https://www.stock.com.py/images/thumbs/0187368_500.jpeg,5/12/24
Lavado/Planchado,PALANGANA JAGUAR MINI 1 1/2 LITROS,Gs   4.800,https://www.stock.com.py/images/thumbs/0211561_500.jpeg,5/12/24
Lavado/Planchado,PALANGANA JAGUAR GRANDE 15 LITRO,Gs   19.300,https://www.stock.com.py/images/thumbs/0209582_500.jpeg,5/12/24
Lavado/Planchado,JABONERA JAGUAR,Gs   3.400,https://www.stock.com.py/images/thumbs/0209579_500.jpeg,5/12/24
Lavado/Planchado,JABONERA S/TAPA JAGUAR REF 1795,Gs   2.500,https://www.stock.com.py/images/thumbs/0209577_500.png,5/12/24
Lavado/Planchado,PALANGANA JAGUAR MEDIA 6.7 LITRO,Gs   11.200,https://www.stock.com.py/images/thumbs/0206375_500.jpeg,5/12/24
Lavado/Planchado,PINZA PARA ROPA DE MADERA GINA 12UN,Gs   8.500,https://www.stock.com.py/images/thumbs/0201226_500.jpeg,5/12/24
Lavado/Planchado,GINA PINZA PARA ROPA DE PLASTICO 12 UNIDADES,Gs   10.700,https://www.stock.com.py/images/thumbs/0200720_500.jpeg,5/12/24
Lavado/Planchado,ECO PINZAS GIGANTE MAD P/ROP THEOTO 12UN,Gs   8.100,https://www.stock.com.py/images/thumbs/0193363_500.jpeg,5/12/24
Lavado/Planchado,THEOTO ECO PINZAS DE MADERA PARA ROPA 12 UNIDADES,Gs   5.500,https://www.stock.com.py/images/thumbs/0193362_500.jpeg,5/12/24
Lavado/Planchado,THEOTO ECO PINZAS PARA ROPA 12 UNIDADES,Gs   8.500,https://www.stock.com.py/images/thumbs/0193361_500.jpeg,5/12/24
Lavado/Planchado,CUERDA PARA TENDER RO 15 MT,Gs   7.900,https://www.stock.com.py/images/thumbs/0183018_500.jpeg,5/12/24
Lavado/Planchado,SET DE CUERDA 15 M C/PINZA PLAST 24 PZ BROETTO BLIS,Gs   37.950,https://www.stock.com.py/images/thumbs/0182893_500.jpeg,5/12/24
Lavado/Planchado,SET DE CUERDA 15 M C/PINZA MADERA 24 PZ BROETTO BLIS,Gs   30.000,https://www.stock.com.py/images/thumbs/0182892_500.jpeg,5/12/24
Lavado/Planchado,SET DE CUERDAS SUPERUTIL 1 UN,Gs   25.800,https://www.stock.com.py/images/thumbs/0182891_500.jpeg,5/12/24
Lavado/Planchado,"Palangana SAN REMO 2,7lt. OBA 601/7E",Gs   10.600,https://www.stock.com.py/images/thumbs/0156000_500.jpeg,5/12/24
Lavado/Planchado,CUERDA PARA ROPA 4X15MTS,Gs   20.100,https://www.stock.com.py/images/thumbs/0151867_500.jpeg,5/12/24
Lavado/Planchado,CUERDA SUPERUTIL BLISTER 1 UN,Gs   12.500,https://www.stock.com.py/images/thumbs/0151848_500.jpeg,5/12/24
Lavado/Planchado,PALANGANA JAGUAR 15 L TRANSLUC,Gs   19.300,https://www.stock.com.py/images/thumbs/noDefaultImage_stock_500.gif,5/12/24
Lavado/Planchado,PINZA PARA ROPAS SUPERUTIL SET 1,Gs   12.600,https://www.stock.com.py/images/thumbs/noDefaultImage_stock_500.gif,5/12/24
Lavado/Planchado,PINZA PARA ROPAS SUPERUTIL 2,Gs   18.000,https://www.stock.com.py/images/thumbs/noDefaultImage_stock_500.gif,5/12/24
Lavado/Planchado,PINZAS P/ROPA 24 PZS SAN REMO REF SR900,Gs   10.350,https://www.stock.com.py/images/thumbs/noDefaultImage_stock_500.gif,5/12/24
Lavado/Planchado,TENDEDERO P/ROPA D/TECHO 1.40x0.56 MOR REF 6008,Gs   78.250,https://www.stock.com.py/images/thumbs/noDefaultImage_stock_500.gif,5/12/24
Lavado/Planchado,TENDEDERO SECALUX DE PISO,Gs   120.000,https://www.stock.com.py/images/thumbs/noDefaultImage_stock_500.gif,5/12/24
Lavado/Planchado,GANCHO EXTRA GRAND 1PZA COMMAND BLI 17004SP,Gs   21.300,https://www.stock.com.py/images/thumbs/noDefaultImage_stock_500.gif,5/12/24
Lavado/Planchado,PINZA PARA ROPA PLASTICO C/ GOMA 12 UN PARANA BLIS,Gs   19.600,https://www.stock.com.py/images/thumbs/noDefaultImage_stock_500.gif,5/12/24
Lavado/Planchado,TENDEDERO P/PARED  1M   MOR REF 006022,Gs   99.000,https://www.stock.com.py/images/thumbs/noDefaultImage_stock_500.gif,5/12/24
Lavado/Planchado,UTIMIL TABLA DE PLANCHAR,Gs   321.500,https://www.stock.com.py/images/thumbs/noDefaultImage_stock_500.gif,5/12/24
Lavado/Planchado,PERCHERO MULTIFUNCIONAL TODO X 8000 REF CH9,Gs   5.000,https://www.stock.com.py/images/thumbs/noDefaultImage_stock_500.gif,5/12/24
Yerba,YERBA MATE CLASICA NORTE 250GR,Gs   3.800,https://www.stock.com.py/images/thumbs/0211715_500.jpeg,5/12/24
Yerba,YERBA MATE SIEMPRE VIVE 100GR INDEGA PLA,Gs   2.600,https://www.stock.com.py/images/thumbs/0209191_500.jpeg,5/12/24
Yerba,YERBA MATE SIEMPRE VIVE 500GR INDEGA CJA,Gs   12.550,https://www.stock.com.py/images/thumbs/0209190_500.jpeg,5/12/24
Yerba,YERBA MATE SIEMPREVIVE 250GR INDEGA BSA,Gs   5.850,https://www.stock.com.py/images/thumbs/0209189_500.jpeg,5/12/24
Yerba,YERBA MATE SIEMPRE VIVE 500GR INDEGA BSA,Gs   11.600,https://www.stock.com.py/images/thumbs/0209188_500.jpeg,5/12/24
Yerba,YERBA PANTANO LIMON INDEGA 500GR CJA,Gs   13.600,https://www.stock.com.py/images/thumbs/0209187_500.jpeg,5/12/24
Yerba,YERBA PANTANO LIMON INDEGA 250GR CJA,Gs   7.800,https://www.stock.com.py/images/thumbs/0209186_500.jpeg,5/12/24
Yerba,YERBA MATE MENTA BOLDO 100GR INDEGA PLA,Gs   2.550,https://www.stock.com.py/images/thumbs/0209185_500.jpeg,5/12/24
Yerba,YERBA INDEGA COMP MEDIC MENTA/BOLDO CAJA 250GR,Gs   6.600,https://www.stock.com.py/images/thumbs/0209184_500.jpeg,5/12/24
Yerba,YERBA INDEGA COMP MEDIC MENTA/BOLDO CAJA 500GR,Gs   12.350,https://www.stock.com.py/images/thumbs/0209183_500.jpeg,5/12/24
Yerba,YERBA MATE MENTA BOLDO 250GR INDEGA PAQ,Gs   5.800,https://www.stock.com.py/images/thumbs/0209182_500.jpeg,5/12/24
Yerba,YERBA MENTA BOLDO 500GR INDEGA PAQ ,Gs   11.400,https://www.stock.com.py/images/thumbs/0209181_500.jpeg,5/12/24
Yerba,YERBA MATE MANZANILLA Y ANIS 100GR INDEGA PLA,Gs   2.700,https://www.stock.com.py/images/thumbs/0209180_500.jpeg,5/12/24
Yerba,YERBA C/MANZANILLA/ANIS 500GR INDEGA BSA,Gs   12.550,https://www.stock.com.py/images/thumbs/0209179_500.jpeg,5/12/24
Yerba,YERBA C/MANZANILLA/ANIS 500GR INDEGA CJA,Gs   13.700,https://www.stock.com.py/images/thumbs/0209178_500.jpeg,5/12/24
Yerba,YERBA C/MANZANILLA/ANIS 250GR INDEGA BSA,Gs   6.400,https://www.stock.com.py/images/thumbs/0209177_500.jpeg,5/12/24
Yerba,YERBA C/MANZANILLA/ANIS 250GR INDEGA CJA,Gs   7.100,https://www.stock.com.py/images/thumbs/0209176_500.jpeg,5/12/24
Yerba,YERBA MATE KUÑA GUAPA C/JENGIBRE Y TE VERDE INDEGA 250GR CJA,Gs   8.600,https://www.stock.com.py/images/thumbs/0209175_500.jpeg,5/12/24
Yerba,YERBA MATE KUÑA GUAPA C/JENGIBRE Y TE VERDE INDEGA 500GR CJA,Gs   16.350,https://www.stock.com.py/images/thumbs/0209174_500.jpeg,5/12/24
Yerba,YERBA MATE FRESCA 100GR INDEGA PLA,Gs   2.350,https://www.stock.com.py/images/thumbs/0209152_500.jpeg,5/12/24
Yerba,YERBA MATE FRESCA 500GR INDEGA PAQ,Gs   10.050,https://www.stock.com.py/images/thumbs/0209151_500.jpeg,5/12/24
Yerba,YERBA MATE FRESCA 250GR INDEGA PAQ,Gs   5.100,https://www.stock.com.py/images/thumbs/0209150_500.jpeg,5/12/24
Yerba,YERBA COMPUESTA CAJA FRESCA 250,Gs   5.850,https://www.stock.com.py/images/thumbs/0209149_500.jpeg,5/12/24
Yerba,YERBA COMPUESTA CAJA FRESCA 500,Gs   11.250,https://www.stock.com.py/images/thumbs/0209148_500.jpeg,5/12/24
Yerba,YERBA MATE EN FORMA 100GR INDEGA PLA,Gs   2.450,https://www.stock.com.py/images/thumbs/0209145_500.jpeg,5/12/24
Yerba,YERBA MATE EN FORMA 250GR INDEGA PAQ,Gs   5.550,https://www.stock.com.py/images/thumbs/0209144_500.jpeg,5/12/24
Yerba,YERBA MATE EN FORMA 500GR INDEGA PAQ,Gs   10.900,https://www.stock.com.py/images/thumbs/0209143_500.jpeg,5/12/24
Yerba,YERBA COMPUESTA EN FORMA X500,Gs   12.150,https://www.stock.com.py/images/thumbs/0209142_500.jpeg,5/12/24
carne blanca/Roja,CHIPA GUAZU 1KG LA BANDEJA PLAS,Gs   39.950,https://www.stock.com.py/images/thumbs/0212410_500.jpeg,5/12/24
carne blanca/Roja,SOPA PARAGUAYA 1KG LA BANDEJA PLAS,Gs   32.950,https://www.stock.com.py/images/thumbs/0212407_500.jpeg,5/12/24
carne blanca/Roja,VORI VORI CONGELADO LA BANDEJA 500GR PLAST,Gs   19.450,https://www.stock.com.py/images/thumbs/0212406_500.jpeg,5/12/24
carne blanca/Roja,NUGGETS DE POLLO PERDIX 1KG,Gs   57.600,https://www.stock.com.py/images/thumbs/0211539_500.jpeg,5/12/24
carne blanca/Roja,NUGGETS DE POLLO PERDIX 300GR,Gs   20.200,https://www.stock.com.py/images/thumbs/0211535_500.jpeg,5/12/24
carne blanca/Roja,NUGGETS DE POLLO RIKITOS 1KG,Gs   23.450,https://www.stock.com.py/images/thumbs/0187747_500.jpeg,5/12/24
carne blanca/Roja,NUGGETS DE POLLO CROCANTE SADIA 300GR,Gs   23.900,https://www.stock.com.py/images/thumbs/0187744_500.jpeg,5/12/24
carne blanca/Roja,REBOZADA DE POLLO RELLENA DE JAMON Y QUESO SADINESA SADIA 100GR,Gs   6.050,https://www.stock.com.py/images/thumbs/0187742_500.jpeg,5/12/24
carne blanca/Roja,REBOZADA DE POLLO SADINESA SADIA 100GR,Gs   4.350,https://www.stock.com.py/images/thumbs/0187741_500.jpeg,5/12/24
carne blanca/Roja,WAFFLE CONGELADO TRADICIONAL FORNO DE MINAS 6UNID,Gs   16.500,https://www.stock.com.py/images/thumbs/0187227_500.jpeg,5/12/24
carne blanca/Roja,PAN DE QUESO CONGELADO BRASILEÑO FORNO DE MINAS 400GR,Gs   34.900,https://www.stock.com.py/images/thumbs/0187224_500.jpeg,5/12/24
carne blanca/Roja,PAN DE QUESO CONGELADO BRASILEÑO FORNO DE MINAS 240GR,Gs   29.900,https://www.stock.com.py/images/thumbs/0187223_500.jpeg,5/12/24
carne blanca/Roja,ALBONDIGAS D/CARNE CONGEL.CONCEPCION 800GR PAQ,Gs   20.950,https://www.stock.com.py/images/thumbs/0180738_500.jpeg,5/12/24
carne blanca/Roja,MEZCLA PARA CHIPA GUAZU 1KG BJA,Gs   45.700,https://www.stock.com.py/images/thumbs/0179812_500.jpeg,5/12/24
carne blanca/Roja,MEZCLA PARA SOPA 4 QUESOS 1 KG JAKARU PAQ,Gs   52.850,https://www.stock.com.py/images/thumbs/0173012_500.jpeg,5/12/24
carne blanca/Roja,MASA PREPARADA PARA SOPA PYA 1KG BSA ,Gs   35.800,https://www.stock.com.py/images/thumbs/0167048_500.png,5/12/24
carne blanca/Roja,CARNE D/POLLO REBOZADA 120GR SADIA PACK,Gs   23.450,https://www.stock.com.py/images/thumbs/noDefaultImage_stock_500.gif,5/12/24
carne blanca/Roja,CHORIZOS DE CARNE VACUNA PREMIUM BRANGUS C/P X KG,Gs   22.500,https://www.stock.com.py/images/thumbs/noDefaultImage_stock_500.gif,5/12/24
Limpiadores,LYSOFORM DESINFECTANTE BA?O LIMPIADOR LIQUIDO 500 CC,Gs   30.000,https://www.stock.com.py/images/thumbs/0212522_500.jpeg,5/12/24
Limpiadores,ANTIGRASA LIMPIEZA DIARIA REPUESTO MR. MUSCULO 900ML,Gs   21.900,https://www.stock.com.py/images/thumbs/0212519_500.jpeg,5/12/24
Limpiadores,MR MUSCULO COCINA LIMPIADOR LIQUIDO ANTIGRASA LIMPIEZA DIARIA 450 CM3,Gs   10.250,https://www.stock.com.py/images/thumbs/0212518_500.jpeg,5/12/24
Limpiadores,MR. MUSCULO EXTRA POWER COCINA ANTIGRASA RECARGA 450 ML,Gs   14.900,https://www.stock.com.py/images/thumbs/0212516_500.jpeg,5/12/24
Limpiadores,CERA LIQ CERAMICOS ROJO BLEM REP 450ML,Gs   25.800,https://www.stock.com.py/images/thumbs/0212493_500.jpeg,5/12/24
Limpiadores,CERA LIQ CERAMICOS INCOLORO BLEM REP 450,Gs   25.800,https://www.stock.com.py/images/thumbs/0212492_500.jpeg,5/12/24
Limpiadores,LYSOFORM LIMPIADOR LIQUIDO DESINFECTANTE MULTISUPERFICIES 450 ML,Gs   14.900,https://www.stock.com.py/images/thumbs/0212490_500.jpeg,5/12/24
Limpiadores,LYSOFROM DESINFECTANTE MULTISUPERFICIES 500 CC,Gs   26.500,https://www.stock.com.py/images/thumbs/0212489_500.jpeg,5/12/24
Limpiadores,LYSOFORM DESINFECTANTE DE PISOS LAVANDA 4 LITROS,Gs   58.500,https://www.stock.com.py/images/thumbs/0212486_500.jpeg,5/12/24
Limpiadores,"LYSOFORM DESINFECTANTE DE PISOS SOLUCION TOTAL LAVANDA 1,8 LITROS",Gs   26.500,https://www.stock.com.py/images/thumbs/0212485_500.jpeg,5/12/24
Limpiadores,LYSOFORM DESINFECTANTE DE PISOS FLORAL PERFECTION 900 ML,Gs   15.500,https://www.stock.com.py/images/thumbs/0212484_500.jpeg,5/12/24
Limpiadores,LYSOFORM DESINFECTANTE DE PISOS LAVANDA 900 ML,Gs   15.500,https://www.stock.com.py/images/thumbs/0212482_500.jpeg,5/12/24
Limpiadores,BLEM CERA LIQUIDA PARA CERAMICOS ROJO 800 ML,Gs   41.900,https://www.stock.com.py/images/thumbs/0212481_500.jpeg,5/12/24
Limpiadores,BLEM CERA LIQUIDA PARA CERAMICOS INCOLORO 800 ML,Gs   41.900,https://www.stock.com.py/images/thumbs/0212480_500.jpeg,5/12/24
Limpiadores,PATO PURIFIC MARINA GEL LIMPIADOR DESINFECTANTE PARA INODOROS 500 ML,Gs   40.900,https://www.stock.com.py/images/thumbs/0212479_500.jpeg,5/12/24
Limpiadores,LIMPIADOR LIQ. VIDRIO Y MULTIUSO 500ML MR. MUSCULO GAT. ,Gs   24.900,https://www.stock.com.py/images/thumbs/0212441_500.jpeg,5/12/24
Limpiadores,LIMPIADOR LIQ VID/MULT MR MUSCULO 450ML,Gs   11.200,https://www.stock.com.py/images/thumbs/0212440_500.jpeg,5/12/24
Limpiadores,LIMPIADOR ADHESIVO PATO DURAZNO 24.6GR,Gs   13.900,https://www.stock.com.py/images/thumbs/0212433_500.jpeg,5/12/24
Limpiadores,LIMPIADOR ADHESIVO 4EN1 LAVANDA 24.6GR,Gs   13.900,https://www.stock.com.py/images/thumbs/0212432_500.jpeg,5/12/24
Limpiadores,LIMPIADOR LIQ LAVANDA GLADE 1.8LT MR MUSCULO BOT,Gs   25.700,https://www.stock.com.py/images/thumbs/0212424_500.jpeg,5/12/24
Limpiadores,LIMPIADOR LIQUIDO CAMPOS DE LAVANDA GLADE 900ML,Gs   13.700,https://www.stock.com.py/images/thumbs/0212421_500.jpeg,5/12/24
Limpiadores,LIMPIADOR CREMOSO LYSOFORM 450ML,Gs   21.900,https://www.stock.com.py/images/thumbs/0212418_500.jpeg,5/12/24
Limpiadores,ACTIVO 100 LIMPIADOR AROMATIZANTE PARA SUPERFICIES FLORES DE JARDIN 900 ML,Gs   8.000,https://www.stock.com.py/images/thumbs/0211478_500.jpeg,5/12/24
Limpiadores,ACTIVO 100 LIMPIADOR AROMATIZANTE PARA SUPERFICIES CAMPOS DE ALGODON 900 ML,Gs   8.000,https://www.stock.com.py/images/thumbs/0211476_500.jpeg,5/12/24
Limpiadores,ACTIVO 100 LIMPIADOR AROMATIZANTE PARA SUPERFICIES LAVANDA 900 ML,Gs   8.000,https://www.stock.com.py/images/thumbs/0211475_500.jpeg,5/12/24
Limpiadores,TOALLITAS DESINFECT D/SUPER AYUDIN 36UN,Gs   29.000,https://www.stock.com.py/images/thumbs/0207950_500.jpeg,5/12/24
Limpiadores,LIMPIADOR ANTIHONGOS C/CLOR AYUDIN 450ML,Gs   16.000,https://www.stock.com.py/images/thumbs/0207949_500.jpeg,5/12/24
Limpiadores,LIMPIADOR D/BAN? ACTIV/ANTIS AYUDIN 500ML,Gs   33.200,https://www.stock.com.py/images/thumbs/0207948_500.jpeg,5/12/24
Tapas p/Pascualinas,TAPA P/PASCUALINA HOJALDRADA 2UND QUIERO MAS PAQ,Gs   9.950,https://www.stock.com.py/images/thumbs/0208102_500.jpeg,5/12/24
Tapas p/Pascualinas,TAPA PARA PASCUALINA QUIERO MAS INTEGRAL 500 GR.,Gs   9.950,https://www.stock.com.py/images/thumbs/0208101_500.jpeg,5/12/24
Tapas p/Pascualinas,TAPA PARA PASCUALINA QUIERO MAS B,Gs   9.950,https://www.stock.com.py/images/thumbs/0208100_500.jpeg,5/12/24
Tapas p/Pascualinas,HILDEBRAND PASTAS FRESCAS LASA?A 1 KG,Gs   21.000,https://www.stock.com.py/images/thumbs/0203804_500.jpeg,5/12/24
Tapas p/Pascualinas,HILDEBRAND TAPA PARA PASCUALINA 480 GR 2 UNIDADES,Gs   11.700,https://www.stock.com.py/images/thumbs/0200172_500.jpeg,5/12/24
Tapas p/Pascualinas,TAPA P/LASAGNA EDWAR 1KG BSA,Gs   18.900,https://www.stock.com.py/images/thumbs/0192127_500.jpeg,5/12/24
Tapas p/Pascualinas,RAVIOLITOS D/CARNE/JAMON 500GR EDWARD PQTE,Gs   23.800,https://www.stock.com.py/images/thumbs/0192123_500.jpeg,5/12/24
Tapas p/Pascualinas,TORTELLETIS D/CARNE/JAMON 500GR EDWARD PQTE,Gs   23.800,https://www.stock.com.py/images/thumbs/0192122_500.jpeg,5/12/24
Tapas p/Pascualinas,PASCUALINA MASA CRIOLLA X 480GR EDWARD BSA,Gs   10.100,https://www.stock.com.py/images/thumbs/0192120_500.jpeg,5/12/24
Tapas p/Pascualinas,PASCUALINA BCA RECTANGU 500 GR,Gs   9.950,https://www.stock.com.py/images/thumbs/0192100_500.jpeg,5/12/24
Tapas p/Pascualinas,TAPA PARA PASCUALINA EDWARD 240 GR.,Gs   5.800,https://www.stock.com.py/images/thumbs/0151040_500.jpeg,5/12/24
Tapas p/Pascualinas,TAPAS PARA PASCUALINA EDWARD 450 GR.,Gs   10.200,https://www.stock.com.py/images/thumbs/0151035_500.jpeg,5/12/24
Tapas p/Pascualinas,TAPA PARA PASCUALINA STOCK 500GR,Gs   8.000,https://www.stock.com.py/images/thumbs/0138530_500.jpeg,5/12/24
Tapas p/Pascualinas,TAPA P/PASCUALINA INTEGRAL EDWARD 450GR PAQ,Gs   10.200,https://www.stock.com.py/images/thumbs/noDefaultImage_stock_500.gif,5/12/24
Manicura/Pedicuro,BETER BEAUTY CARE ALICATE DE MANICURA PARA U?AS DE ACERO INOXIDABLE SOBREPUESTO,Gs   73.850,https://www.stock.com.py/images/thumbs/0200908_500.jpeg,5/12/24
Manicura/Pedicuro,BETER BEAUTY CARE ALICATE DE MANICURA PARA PIELES DE ACERO INOXIDABLE SUPERPUESTO,Gs   59.150,https://www.stock.com.py/images/thumbs/0200907_500.jpeg,5/12/24
Manicura/Pedicuro,BETER BEAUTY CARE CORTACALLOS CON 1 HOJA,Gs   73.350,https://www.stock.com.py/images/thumbs/0200903_500.jpeg,5/12/24
Manicura/Pedicuro,BETER MINICURE CORTAU?AS PARA BEBE Y LIMA EXTRASUAVE,Gs   45.600,https://www.stock.com.py/images/thumbs/0200902_500.jpeg,5/12/24
Manicura/Pedicuro,BETER BEAUTY CARE LIMA DE U?AS,Gs   15.150,https://www.stock.com.py/images/thumbs/0200900_500.jpeg,5/12/24
Manicura/Pedicuro,SET MANICURA 1 UN,Gs   12.200,https://www.stock.com.py/images/thumbs/0151781_500.jpeg,5/12/24
Planchado de Ropas,ASI PERFUME DE TELAS BABY DREAM 300 ML,Gs   28.250,https://www.stock.com.py/images/thumbs/0203702_500.jpeg,6/12/24
Planchado de Ropas,ASI PERFUME DE TELAS PINK POWER 300 ML,Gs   28.250,https://www.stock.com.py/images/thumbs/0203700_500.jpeg,6/12/24
Planchado de Ropas,PLANCHA FACIL FLORAL FLORAL 500ML,Gs   14.950,https://www.stock.com.py/images/thumbs/0198913_500.jpeg,6/12/24
Planchado de Ropas,PLANCHA FACIL ARMONIA MARAVILLA 500ML,Gs   14.950,https://www.stock.com.py/images/thumbs/0198912_500.jpeg,6/12/24
Planchado de Ropas,VAIS APRESTO GATILLO EP 500 M,Gs   20.000,https://www.stock.com.py/images/thumbs/0179559_500.jpeg,6/12/24
Planchado de Ropas,PLANCHA FACIL BASE BASE AMARILLO SIN PULV. 500 CC,Gs   11.500,https://www.stock.com.py/images/thumbs/0167072_500.png,6/12/24
Planchado de Ropas,PLANCHA FACIL BASE BASE CELESTE SIN PULV 500 CC,Gs   11.500,https://www.stock.com.py/images/thumbs/0167071_500.png,6/12/24
Planchado de Ropas,APRESTO BASE BASE CELESTE GAT 500ML,Gs   15.300,https://www.stock.com.py/images/thumbs/0166637_500.png,6/12/24
Planchado de Ropas,APRESTO ROBIN REPUESTO DP 900ML,Gs   30.800,https://www.stock.com.py/images/thumbs/0144868_500.jpeg,6/12/24
Planchado de Ropas,APRESTO ROBIN REPUESTO DP 500ML,Gs   16.500,https://www.stock.com.py/images/thumbs/0144525_500.jpeg,6/12/24
Café,NESCAFE DOLCE GUSTO MOCHACC CANELA 275G,Gs   38.500,https://www.stock.com.py/images/thumbs/0211873_500.png,6/12/24
Café,CAFE TOST/MOL BRASILERAS MELITTA 250GR,Gs   49.700,https://www.stock.com.py/images/thumbs/0211643_500.jpeg,6/12/24
Café,CAFE TOST/MOL SUL DE MINAS MELITTA 250GR,Gs   49.700,https://www.stock.com.py/images/thumbs/0211642_500.jpeg,6/12/24
Café,CAFE TOSTADO BRASILERAS MELITTA 250GR,Gs   49.700,https://www.stock.com.py/images/thumbs/0211641_500.jpeg,6/12/24
Café,QUATTRO D CAFE TOSTADO EN GRANO 1 KG,Gs   199.650,https://www.stock.com.py/images/thumbs/0208920_500.png,6/12/24
Café,CAFE DESCAF NESCAFE SOLUBLE GRAN 40 GR,Gs   19.500,https://www.stock.com.py/images/thumbs/0207339_500.jpeg,6/12/24
Café,SOJA TORRADA ARCOIRIS  PAQ 20 X 100GR1,Gs   3.250,https://www.stock.com.py/images/thumbs/0205014_500.jpeg,6/12/24
Café,CAFE CORTADO E/CAPS CABRALES 75GR 12UN,Gs   60.000,https://www.stock.com.py/images/thumbs/0204930_500.jpeg,6/12/24
Café,CAFE E/CAPSULAS LUNGO CABRALES 84GR 12UN           x 6,Gs   60.000,https://www.stock.com.py/images/thumbs/0204929_500.jpeg,6/12/24
Café,CAFE E/CAPSULAS ESPRE. CABRALES 72GR 12UN                x 6,Gs   60.000,https://www.stock.com.py/images/thumbs/0204928_500.jpeg,6/12/24
Café,MALTA SIN CAFEINA EL POCILLO 100GR DOYPACK,Gs   10.500,https://www.stock.com.py/images/thumbs/0204425_500.jpeg,6/12/24
Café,IGUACU CAPPUCCINO SABOR VAINILLA 100 GR 10 UNIDADES,Gs   29.900,https://www.stock.com.py/images/thumbs/0204062_500.jpeg,6/12/24
Café,IGUACU CAPPUCCINO SABOR CHOCOLATE 100 GR 10 UNIDADES,Gs   29.900,https://www.stock.com.py/images/thumbs/0204060_500.jpeg,6/12/24
Café,CAFE MARTINEZ TIPO ITALIANO FUERTE CAFE TOSTADO MOLIDO 330 G,Gs   69.300,https://www.stock.com.py/images/thumbs/0203117_500.jpeg,6/12/24
Café,CAFE MARTINEZ MOKA FRUTADO CAFE TOSTADO MOLIDO 330 GR,Gs   69.300,https://www.stock.com.py/images/thumbs/0203116_500.jpeg,6/12/24
Café,CAFE TOSTAD MOLI COLOM SUAV MARTINEZ 250G,Gs   52.300,https://www.stock.com.py/images/thumbs/0203115_500.jpeg,6/12/24
Café,CAFE MARTINEZ SELECTO EQUILIBRADO CAFE TOSTADO MOLIDO 250 GR,Gs   52.300,https://www.stock.com.py/images/thumbs/0203114_500.jpeg,6/12/24
Café,CAFE MARTINEZ BRASIL MEDIO CAFE TOSTADO Y MOLIDO 250 GR,Gs   52.300,https://www.stock.com.py/images/thumbs/0203113_500.jpeg,6/12/24
Café,IGUACU GOURMET CAFE SOLUBLE LIOFILIZADO 100 GR,Gs   54.900,https://www.stock.com.py/images/thumbs/0201687_500.png,6/12/24
Café,CAFE SOLUBLE GRAN EXT FUER 40GR MELITTA,Gs   13.100,https://www.stock.com.py/images/thumbs/0200753_500.jpeg,6/12/24
Café,CAFE SOLUBLE GRAN TRADIC 40GR MELITTA,Gs   13.100,https://www.stock.com.py/images/thumbs/0200752_500.jpeg,6/12/24
Café,NESCAFE CAPPUCCINO TRADICIONAL INSTANTANEO 180 GR,Gs   25.550,https://www.stock.com.py/images/thumbs/0200545_500.jpeg,6/12/24
Café,QUATTRO D CAFE MOLIDA 250 GR,Gs   48.250,https://www.stock.com.py/images/thumbs/0200279_500.jpeg,6/12/24
Café,CAFE BELEN SELECCION PREMIUM CAFE TOSTADO Y MOLIDO 250 GR,Gs   28.950,https://www.stock.com.py/images/thumbs/0200088_500.jpeg,6/12/24
Café,CAFE BELEN PREMIUM CAFE INSTANTANEO REFINADO 100 GR,Gs   54.900,https://www.stock.com.py/images/thumbs/0200083_500.jpeg,6/12/24
Café,CAFE MARTINEZ CAPSULAS DE CAFE ESPRESSO COLOMBIA 10 UNIDADES,Gs   53.450,https://www.stock.com.py/images/thumbs/0199933_500.jpeg,6/12/24
Café,CAFE MARTINEZ CAPSULAS DE CAFE MOKA ESPRESSO 10 UNIDADES,Gs   53.450,https://www.stock.com.py/images/thumbs/0199932_500.jpeg,6/12/24
Café,CAFE MARTINEZ CAPSULAS DE CAFE ESPRESSO TIPO ITALIANO 10 UNIDADES,Gs   53.450,https://www.stock.com.py/images/thumbs/0199931_500.jpeg,6/12/24
Leche en Polvo/varios,LECHE POLVO DESCRE ILOLAY 400,Gs   35.200,https://www.stock.com.py/images/thumbs/0211547_500.jpeg,6/12/24
Leche en Polvo/varios,LECHE ENTERA EN POLVO ILOLAY C,Gs   33.650,https://www.stock.com.py/images/thumbs/0211457_500.jpeg,6/12/24
Leche en Polvo/varios,LECHE EN POLVO ILOLAY ENTERA PAQUETE 200GR,Gs   17.850,https://www.stock.com.py/images/thumbs/0211456_500.jpeg,6/12/24
Leche en Polvo/varios,LECHE EN POLVO DESCREMADA 300GR ILOLAY VITA PAQ,Gs   27.700,https://www.stock.com.py/images/thumbs/0211455_500.jpeg,6/12/24
Leche en Polvo/varios,LECHE EN POLVO ILOLAY CAJA 30 U,Gs   34.100,https://www.stock.com.py/images/thumbs/0211454_500.jpeg,6/12/24
Leche en Polvo/varios,LECHE ENTERA E/POLVO LA SERENISIMA 400GR,Gs   35.000,https://www.stock.com.py/images/thumbs/0208368_500.jpeg,6/12/24
Leche en Polvo/varios,PARMALAT LECHE CONDENSADA 395 GR,Gs   13.550,https://www.stock.com.py/images/thumbs/0204638_500.jpeg,6/12/24
Leche en Polvo/varios,NESTLE MOCA LECHE CONDENSADA CERO LACTOSA 395 GR,Gs   18.450,https://www.stock.com.py/images/thumbs/0203946_500.jpeg,6/12/24
Leche en Polvo/varios,LECHE CONDENSADA 395GR MOCA PACK,Gs   28.300,https://www.stock.com.py/images/thumbs/0199543_500.jpeg,6/12/24
Leche en Polvo/varios,LECHE CONDENSADA NORTE 395GR,Gs   12.900,https://www.stock.com.py/images/thumbs/0197920_500.jpeg,6/12/24
Leche en Polvo/varios,LECHE CONDENSADA TRADICIONAL NORTE 395GR,Gs   14.000,https://www.stock.com.py/images/thumbs/0197887_500.jpeg,6/12/24
Leche en Polvo/varios,LECHE EN POLVO DESCREMADA SAN REGIM 500GR,Gs   53.950,https://www.stock.com.py/images/thumbs/0195976_500.jpeg,6/12/24
Leche en Polvo/varios,CREMA DE LECHE NESTLE LATA 300,Gs   13.500,https://www.stock.com.py/images/thumbs/0181441_500.jpeg,6/12/24
Leche en Polvo/varios,LECHE CONDENSADA 395GR MOCA TET,Gs   15.450,https://www.stock.com.py/images/thumbs/0181439_500.jpeg,6/12/24
Leche en Polvo/varios,LECHE DESCREMADA INSTANTANEA EN POLVO 400GR TREBOL BSA,Gs   31.900,https://www.stock.com.py/images/thumbs/0181174_500.jpeg,6/12/24
Leche en Polvo/varios,LECHE ENTERA INSTANTANEA EN POLVO 400GR TREBOL BSA,Gs   31.900,https://www.stock.com.py/images/thumbs/0181085_500.jpeg,6/12/24
Leche en Polvo/varios,LECHE ENTERA INSTANTANEA EN POLVO 800GR TREBOL BSA,Gs   53.800,https://www.stock.com.py/images/thumbs/0168456_500.jpeg,6/12/24
Leche en Polvo/varios,LECHE DESCREMADA INSTANTANEA EN POLVO 800GR TREBOL BSA,Gs   53.800,https://www.stock.com.py/images/thumbs/0168454_500.jpeg,6/12/24
Leche en Polvo/varios,LECHE EN POLVO DESCREMADA INSTANTANEA SANCOR 30 STICKS X 5GR CAJA 150GR   ,Gs   25.650,https://www.stock.com.py/images/thumbs/0167762_500.png,6/12/24
Leche en Polvo/varios,LECHE CONDENSADA 395GR PRIMICIA LATA,Gs   15.400,https://www.stock.com.py/images/thumbs/0166258_500.jpeg,6/12/24
Leche en Polvo/varios,LECHE CONDENSADA MOCA 395 GR NESTLE LAT,Gs   15.800,https://www.stock.com.py/images/thumbs/0161741_500.jpeg,6/12/24
Leche en Polvo/varios,LECHE EN POLVO 800GR LACTOLANDA ENTERA PAQ,Gs   50.200,https://www.stock.com.py/images/thumbs/0161556_500.png,6/12/24
Leche en Polvo/varios,LECHE EN POLVO ENTERA  EL TERN,Gs   51.200,https://www.stock.com.py/images/thumbs/0117345_500.jpeg,6/12/24
Plantas/Accesorios,MACETERO CUAD REF T9412 NRO 12 VERDE T.A PLASTIC S/E,Gs   13.200,https://www.stock.com.py/images/thumbs/0203105_500.jpeg,6/12/24
Plantas/Accesorios,BARRILITO REF T050 BARRIL NRO 20 VERDE T.A. PLASTIC S/E,Gs   26.000,https://www.stock.com.py/images/thumbs/0203098_500.jpeg,6/12/24
Plantas/Accesorios,MACETERO CUADRADO PQ REF T9408 NRO 8 VERDE T.A. PLASTIC S/E,Gs   7.900,https://www.stock.com.py/images/thumbs/0202229_500.jpeg,6/12/24
Plantas/Accesorios,MACETERO P/ PARED REF T0068 NRO 22 VERDE T.A PLASTIC S/E,Gs   22.500,https://www.stock.com.py/images/thumbs/0202212_500.jpeg,6/12/24
Plantas/Accesorios,BARRILITO REF T050 BARRIL NRO 20 AMARILLO T.A PLASTIC S/E,Gs   26.000,https://www.stock.com.py/images/thumbs/0202209_500.jpeg,6/12/24
Plantas/Accesorios,BRUMATE VASO TERMICO UNCORK-D NAVY 414 ML,Gs   170.000,https://www.stock.com.py/images/thumbs/0202109_500.png,6/12/24
Plantas/Accesorios,BRUMATE VASO TERMICO UNCORK-D GLITTER PINK 414 ML,Gs   181.500,https://www.stock.com.py/images/thumbs/0202107_500.png,6/12/24
Plantas/Accesorios,BRUMATE VASO TERMICO UNCORK-D GLITTER CHARCOAL 414 ML,Gs   181.500,https://www.stock.com.py/images/thumbs/0202106_500.png,6/12/24
Plantas/Accesorios,BRUMATE VASO TERMICO UNCORK-D BLUSH 414 ML,Gs   170.000,https://www.stock.com.py/images/thumbs/0202105_500.png,6/12/24
Plantas/Accesorios,BRUMATE VASO TERMICO UNCORK-D GLITTER MERMAID 414 ML,Gs   181.500,https://www.stock.com.py/images/thumbs/0202104_500.png,6/12/24
Plantas/Accesorios,BRUMATE VASO TERMICO UNCORK-D AQUA 414 ML,Gs   170.000,https://www.stock.com.py/images/thumbs/0202103_500.png,6/12/24
Plantas/Accesorios,BRUMATE VASO TERMICO IMPERIAL PINT MATTE NAVY 591 ML,Gs   205.000,https://www.stock.com.py/images/thumbs/0202102_500.png,6/12/24
Plantas/Accesorios,BRUMATE VASO TERMICO IMPERIAL PINT MATTE BLACK 591 ML,Gs   205.000,https://www.stock.com.py/images/thumbs/0202100_500.png,6/12/24
Plantas/Accesorios,BRUMATE VASO TERMICO HOPSULATOR TRIO ROYAL BLUE 473 ML,Gs   216.000,https://www.stock.com.py/images/thumbs/0202099_500.png,6/12/24
Plantas/Accesorios,BRUMATE VASO TERMICO HOPSULATOR TRIO MATTE BLACK 473 ML,Gs   216.000,https://www.stock.com.py/images/thumbs/0202098_500.png,6/12/24
Plantas/Accesorios,BRUMATE VASO TERMICO HOPSULATOR TRIO DENIM 473 ML,Gs   216.000,https://www.stock.com.py/images/thumbs/0202097_500.png,6/12/24
Plantas/Accesorios,BRUMATE VASO TERMICO HOPSULATOR TRIO BLUSH 473 ML,Gs   216.000,https://www.stock.com.py/images/thumbs/0202096_500.png,6/12/24
Plantas/Accesorios,BRUMATE VASO TERMICO HOPSULATOR TRIO AQUA 473 ML,Gs   216.000,https://www.stock.com.py/images/thumbs/0202095_500.png,6/12/24
Plantas/Accesorios,BRUMATE VASO TERMICO HOPSULATOR SLIM WALNUT 354 ML,Gs   181.500,https://www.stock.com.py/images/thumbs/0202094_500.png,6/12/24
Plantas/Accesorios,BRUMATE VASO TERMICO HOPSULATOR SLIM PLUM 354 ML,Gs   170.000,https://www.stock.com.py/images/thumbs/0202093_500.png,6/12/24
Plantas/Accesorios,BRUMATE VASO TERMICO HOPSULATOR SLIM OD GREEN 354 ML,Gs   170.000,https://www.stock.com.py/images/thumbs/0202092_500.png,6/12/24
Plantas/Accesorios,BRUMATE VASO TERMICO HOPSULATOR SLIM MATTE NAVY 354 ML,Gs   170.000,https://www.stock.com.py/images/thumbs/0202091_500.png,6/12/24
Plantas/Accesorios,BRUMATE VASO TERMICO HOPSULATOR SLIM MATTE BLACK 354 ML,Gs   170.000,https://www.stock.com.py/images/thumbs/0202090_500.png,6/12/24
Plantas/Accesorios,BRUMATE VASO TERMICO HOPSULATOR SLIM GLITTER MERMAID 354 ML,Gs   181.500,https://www.stock.com.py/images/thumbs/0202089_500.png,6/12/24
Plantas/Accesorios,BRUMATE VASO TERMICO HOPSULATOR SLIM AQUA 354 ML,Gs   181.500,https://www.stock.com.py/images/thumbs/0202088_500.png,6/12/24
Plantas/Accesorios,BRUMATE VASO TERMICO UNCORK-D DENIM 414 ML,Gs   170.000,https://www.stock.com.py/images/thumbs/0202087_500.png,6/12/24
Plantas/Accesorios,BRUMATE VASO TERMICO FLUTE GLITTER MERMAID 354 ML,Gs   181.500,https://www.stock.com.py/images/thumbs/0202086_500.png,6/12/24
Plantas/Accesorios,TERMOLAR COPO TERMICO PUB NARANJA 500 ML,Gs   186.050,https://www.stock.com.py/images/thumbs/0200565_500.jpeg,6/12/24
Cuadernos,CUADERNO UNIV NARANJA 1R 96HOJAS T/DURA ÑANDUTI BLIS,Gs   24.850,https://www.stock.com.py/images/thumbs/0208029_500.jpeg,6/12/24
Cuadernos,CUADERNO UNIV AZUL 1R 96HOJAS T/DURA ÑANDUTI S/E,Gs   24.850,https://www.stock.com.py/images/thumbs/0208028_500.jpeg,6/12/24
Cuadernos,CUADERNO 2R COLOR NARANJA 96 HJS ALAMO,Gs   11.100,https://www.stock.com.py/images/thumbs/0208014_500.jpeg,6/12/24
Cuadernos,CUAD UNIV CUADRIC CON CORDON  96HJ ALAMO,Gs   32.700,https://www.stock.com.py/images/thumbs/0207933_500.jpeg,6/12/24
Cuadernos,CUAD UNIV CUADRIC COLOR VERDE 178H ALAMO,Gs   19.200,https://www.stock.com.py/images/thumbs/0207913_500.jpeg,6/12/24
Cuadernos,CUADERNO 2R COLOR VERDE 96 HOJAS ALAMO,Gs   11.100,https://www.stock.com.py/images/thumbs/0207895_500.jpeg,6/12/24
Cuadernos,CUADERNO 1RAYA COLOR ROJO  96HJS ALAMO,Gs   11.100,https://www.stock.com.py/images/thumbs/0207885_500.jpeg,6/12/24
Cuadernos,CUADERNO 2R COLOR VIOLETA 48HJS ALAMO,Gs   6.800,https://www.stock.com.py/images/thumbs/0207879_500.jpeg,6/12/24
Cuadernos,CUADERNO 1R VERDE LIMON 48HJS ALAMO,Gs   6.800,https://www.stock.com.py/images/thumbs/0207873_500.jpeg,6/12/24
Cuadernos,CUAD UNIV CUADRIC COLOR NEGRO 96H ALAMO,Gs   21.000,https://www.stock.com.py/images/thumbs/0207863_500.jpeg,6/12/24
Cuadernos,CUAD UNIV CUADRI COLOR VIOLETA 96H ALAMO,Gs   21.000,https://www.stock.com.py/images/thumbs/0207859_500.jpeg,6/12/24
Cuadernos,CUADER UNIV CUADRIC COL/NAR 96HJS ALAMO,Gs   21.000,https://www.stock.com.py/images/thumbs/0207855_500.jpeg,6/12/24
Cuadernos,CUADER UNIVER 48HJS 1R COL/TURQUE ALAMO,Gs   15.100,https://www.stock.com.py/images/thumbs/0207831_500.jpeg,6/12/24
Cuadernos,CUAD UNIV 1R COLOR ROJO 48 HOJAS ALAMO,Gs   15.100,https://www.stock.com.py/images/thumbs/0207824_500.jpeg,6/12/24
Cuadernos,ALAMO CUADERNO ESCOLAR TAPA DURA ARA?A 48 HOJAS 1 RAYA AZUL,Gs   7.350,https://www.stock.com.py/images/thumbs/0207789_500.jpeg,6/12/24
Cuadernos,ALAMO CUADERNO ESCOLAR TAPA DURA ARA?A 48 HOJAS 1 RAYA VERDE,Gs   7.350,https://www.stock.com.py/images/thumbs/0207788_500.jpeg,6/12/24
Cuadernos,ALAMO CUADERNO ESCOLAR TAPA DURA ARA?A 48 HOJAS 1 RAYA NARANJA,Gs   7.350,https://www.stock.com.py/images/thumbs/0207787_500.jpeg,6/12/24
Cuadernos,ALAMO CUADERNO UNIVERSITARIO 48 HOJAS 1 RAYA NEGRO,Gs   15.100,https://www.stock.com.py/images/thumbs/0207785_500.jpeg,6/12/24
Cuadernos,TORRE CUADERNO UNIVERSITARIO PARA ZURDOS 96 HOJAS 1 RAYA,Gs   23.750,https://www.stock.com.py/images/thumbs/0203678_500.jpeg,6/12/24
Cuadernos,MAXIMA CUADERNO ESCOLAR TAPA DURA 96 HOJAS 2 RAYAS,Gs   25.100,https://www.stock.com.py/images/thumbs/0192034_500.jpeg,6/12/24
Cuadernos,MAXIMA CUADERNO ESCOLAR TAPA DURA 48 HOJAS 2 RAYAS,Gs   17.300,https://www.stock.com.py/images/thumbs/0192031_500.jpeg,6/12/24
Cuadernos,CUADERNO UNIVERSITARIO 96HOJAS PREMIUN TORRE X UN ,Gs   23.750,https://www.stock.com.py/images/thumbs/0184327_500.jpeg,6/12/24
Cuadernos,CUADERNO UNIVERSITARIO 96HOJAS PREMIUN TORRE X UN,Gs   23.750,https://www.stock.com.py/images/thumbs/0184326_500.jpeg,6/12/24
Cuadernos,CUADERNO TAPA DURA ARAÑA 96H 2RAY VERDE,Gs   11.400,https://www.stock.com.py/images/thumbs/0151455_500.jpeg,6/12/24
Cuadernos,CUADERNO TAPA DURA ARAÑA 48H 2RAY VERDE,Gs   7.100,https://www.stock.com.py/images/thumbs/0151440_500.jpeg,6/12/24
Cuadernos,CUADERNO TAPA DURA ARAÑA 48H 2RAY,Gs   7.100,https://www.stock.com.py/images/thumbs/0151438_500.jpeg,6/12/24
Cuadernos,CUADERNO TAPA DURA ARAÑA 48H 1RAY VERDE,Gs   7.100,https://www.stock.com.py/images/thumbs/0151434_500.jpeg,6/12/24
Cuadernos,"CUAD UNIV ""AVON"" TD ARAÑA ROJOCUADRIC 96H",Gs   24.300,https://www.stock.com.py/images/thumbs/noDefaultImage_stock_500.gif,6/12/24
Dulces Sólidos,"DULCE BATATA ""LOS NIETITOS"" 400 GR.",Gs   32.000,https://www.stock.com.py/images/thumbs/0207992_500.jpeg,6/12/24
Dulces Sólidos,MERMELADA D/NARAN DIET LOS NIETITOS 340G,Gs   28.000,https://www.stock.com.py/images/thumbs/0207390_500.jpeg,6/12/24
Dulces Sólidos,MERMELADA D/FRUT DIET LOS NIETITOS 340GR,Gs   28.000,https://www.stock.com.py/images/thumbs/0207389_500.jpeg,6/12/24
Dulces Sólidos,CAFE E/CAPSULAS CAP. CABRALES 114GR 12UN,Gs   60.000,https://www.stock.com.py/images/thumbs/0204931_500.jpeg,6/12/24
Dulces Sólidos,PRIMICIA DULCE DE MAMON 400 GR,Gs   14.900,https://www.stock.com.py/images/thumbs/0204530_500.jpeg,6/12/24
Dulces Sólidos,DULCE DE MEMBRILLO ORIETA 500GR,Gs   13.900,https://www.stock.com.py/images/thumbs/0203057_500.jpeg,6/12/24
Dulces Sólidos,DULCE DE BATATA DON?A FLORA 200GR,Gs   4.200,https://www.stock.com.py/images/thumbs/0202609_500.jpeg,6/12/24
Dulces Sólidos,DULCE DE BATATA DON?A FLORA 600GR,Gs   10.400,https://www.stock.com.py/images/thumbs/0202607_500.jpeg,6/12/24
Dulces Sólidos,MANI MOLIDO SABORES DE AREGUA 250GR PAQ,Gs   7.150,https://www.stock.com.py/images/thumbs/0201807_500.jpeg,6/12/24
Dulces Sólidos,KAI LADRILLO SABORES DE AREGUA 400 GR,Gs   10.500,https://www.stock.com.py/images/thumbs/0201806_500.jpeg,6/12/24
Dulces Sólidos,DULCE DE MANI SABORES DE AREGUA 200GR,Gs   6.600,https://www.stock.com.py/images/thumbs/0201805_500.jpeg,6/12/24
Dulces Sólidos,DULCE DE BATATA LIGHT SABORES DE AREGUA 460GR,Gs   14.900,https://www.stock.com.py/images/thumbs/0201804_500.jpeg,6/12/24
Dulces Sólidos,DULCE DE BATATA SABORES DE AREGUA 470GR,Gs   10.500,https://www.stock.com.py/images/thumbs/0201803_500.jpeg,6/12/24
Dulces Sólidos,DULCE DE GUAYABA EN BARRA BON GUSTO 400GR,Gs   7.700,https://www.stock.com.py/images/thumbs/0195077_500.jpeg,6/12/24
Dulces Sólidos,DULCE DE GUAYABA EN BARRA BON GUSTO 200GR,Gs   5.550,https://www.stock.com.py/images/thumbs/0195076_500.jpeg,6/12/24
Dulces Sólidos,"MANI CON COCO, CANELA Y AZUCAR DUL-CESAR 500GR",Gs   16.850,https://www.stock.com.py/images/thumbs/0191954_500.jpeg,6/12/24
Dulces Sólidos,DULCE DE BATATA CON CHOCOLATE DUL-CESAR 200GR,Gs   5.250,https://www.stock.com.py/images/thumbs/0191952_500.jpeg,6/12/24
Dulces Sólidos,MANI MOLIDO DUL-CESAR 250GR,Gs   7.600,https://www.stock.com.py/images/thumbs/0191948_500.jpeg,6/12/24
Dulces Sólidos,DULCE DE MIEL Y MANI DUL-CESAR 200GR,Gs   6.850,https://www.stock.com.py/images/thumbs/0191947_500.jpeg,6/12/24
Dulces Sólidos,DULCE DE BATATA CON CHOCOLATE GLORIA 500GR,Gs   10.200,https://www.stock.com.py/images/thumbs/0186991_500.jpeg,6/12/24
Dulces Sólidos,DULCE DE MAMON EN ALMIBAR 3 HERMANAS 900GR,Gs   25.100,https://www.stock.com.py/images/thumbs/0186989_500.jpeg,6/12/24
Dulces Sólidos,MANI TOSTADO MOLIDO 500 GR GLORIA ELIZABETH PLA,Gs   11.850,https://www.stock.com.py/images/thumbs/0179240_500.jpeg,6/12/24
Dulces Sólidos,DULCE DE MANI 200 GR GLORIA ELIZABETH PLA,Gs   6.700,https://www.stock.com.py/images/thumbs/0175187_500.jpeg,6/12/24
Dulces Sólidos,DULCE DE MANI 400 GR GLORIA ELIZABETH PLA,Gs   10.150,https://www.stock.com.py/images/thumbs/0175186_500.jpeg,6/12/24
Dulces Sólidos,MANI TOSTADO MOLIDO 250 GR GLORIA ELIZABETH PLA,Gs   6.450,https://www.stock.com.py/images/thumbs/0174662_500.jpeg,6/12/24
Dulces Sólidos,TURRON D/MANI 65GR KELWA BSA,Gs   2.700,https://www.stock.com.py/images/thumbs/0173955_500.jpeg,6/12/24
Dulces Sólidos,DULCE DE MAMON X 1 KG,Gs   22.450,https://www.stock.com.py/images/thumbs/0168018_500.png,6/12/24
Dulces Sólidos,DULCE DE MANI DULCESAR X320GR,Gs   8.800,https://www.stock.com.py/images/thumbs/0168001_500.png,6/12/24
Planchado de Ropas,ASI PERFUME DE TELAS BABY DREAM 300 ML,Gs   28.250,https://www.stock.com.py/images/thumbs/0203702_500.jpeg,6/12/24
Planchado de Ropas,ASI PERFUME DE TELAS PINK POWER 300 ML,Gs   28.250,https://www.stock.com.py/images/thumbs/0203700_500.jpeg,6/12/24
Planchado de Ropas,PLANCHA FACIL FLORAL FLORAL 500ML,Gs   14.950,https://www.stock.com.py/images/thumbs/0198913_500.jpeg,6/12/24
Planchado de Ropas,PLANCHA FACIL ARMONIA MARAVILLA 500ML,Gs   14.950,https://www.stock.com.py/images/thumbs/0198912_500.jpeg,6/12/24
Planchado de Ropas,VAIS APRESTO GATILLO EP 500 M,Gs   20.000,https://www.stock.com.py/images/thumbs/0179559_500.jpeg,6/12/24
Planchado de Ropas,PLANCHA FACIL BASE BASE AMARILLO SIN PULV. 500 CC,Gs   11.500,https://www.stock.com.py/images/thumbs/0167072_500.png,6/12/24
Planchado de Ropas,PLANCHA FACIL BASE BASE CELESTE SIN PULV 500 CC,Gs   11.500,https://www.stock.com.py/images/thumbs/0167071_500.png,6/12/24
Planchado de Ropas,APRESTO BASE BASE CELESTE GAT 500ML,Gs   15.300,https://www.stock.com.py/images/thumbs/0166637_500.png,6/12/24
Planchado de Ropas,APRESTO ROBIN REPUESTO DP 900ML,Gs   30.800,https://www.stock.com.py/images/thumbs/0144868_500.jpeg,6/12/24
Planchado de Ropas,APRESTO ROBIN REPUESTO DP 500ML,Gs   16.500,https://www.stock.com.py/images/thumbs/0144525_500.jpeg,6/12/24
Acces. Plásticos,FRASCO D/PLAST TRASP 1L BAND REF.2207,Gs   8.400,https://www.stock.com.py/images/thumbs/0209584_500.png,6/12/24
Acces. Plásticos,TAPER INDIV JAGUAR 1.7LT RED,Gs   6.900,https://www.stock.com.py/images/thumbs/0209580_500.png,6/12/24
Acces. Plásticos,MOLDE PARA HIELO JAGUAR,Gs   3.800,https://www.stock.com.py/images/thumbs/0209578_500.png,6/12/24
Acces. Plásticos,POTE REC C/DIV 1.1L JAGUAR REF.3171,Gs   7.900,https://www.stock.com.py/images/thumbs/0209575_500.png,6/12/24
Acces. Plásticos,"POTE RECT JAGUAR 1,4LT REF.3172",Gs   7.300,https://www.stock.com.py/images/thumbs/0209574_500.jpeg,6/12/24
Acces. Plásticos,POTE RECT VERSATIL 2.55L ART DECOR 2 JAGUAR REF 4112,Gs   8.900,https://www.stock.com.py/images/thumbs/0208129_500.png,6/12/24
Acces. Plásticos,POTE RECTANGULAR VERSATIL 2.55L JAGUAR REF 3006,Gs   8.900,https://www.stock.com.py/images/thumbs/0207984_500.jpeg,6/12/24
Acces. Plásticos,POTE REDONDO ALTO 970ML JAGUAR REF 4079,Gs   6.700,https://www.stock.com.py/images/thumbs/0201404_500.jpeg,6/12/24
Acces. Plásticos,POTE REDONDO ALTO 970ML JAGUAR REF 4077,Gs   7.300,https://www.stock.com.py/images/thumbs/0201403_500.jpeg,6/12/24
Acces. Plásticos,POTE RECTANGULAR 1.270 ML JAGUAR REF 4012,Gs   7.900,https://www.stock.com.py/images/thumbs/0201390_500.jpeg,6/12/24
Acces. Plásticos,POTE RECTANGULAR 1.270 ML JAGUAR REF 4011,Gs   7.300,https://www.stock.com.py/images/thumbs/0201389_500.jpeg,6/12/24
Acces. Plásticos,POTE RECTANGULAR 750 ML JAGUAR REF 4009,Gs   3.900,https://www.stock.com.py/images/thumbs/0201388_500.jpeg,6/12/24
Acces. Plásticos,POTE REDONDO ALTO 5.1 LTS JAGUAR REF 1697,Gs   11.500,https://www.stock.com.py/images/thumbs/0201371_500.jpeg,6/12/24
Acces. Plásticos,POTE REDONDO 600ML JAGUAR REF 1693,Gs   2.500,https://www.stock.com.py/images/thumbs/0201368_500.jpeg,6/12/24
Acces. Plásticos,POTE RECT VERSATIL 3.6 LTS JAGUAR REF 1666,Gs   9.900,https://www.stock.com.py/images/thumbs/0201367_500.jpeg,6/12/24
Acces. Plásticos,POTE C/DIVISORIA JAGUAR REF 1487,Gs   6.700,https://www.stock.com.py/images/thumbs/0201365_500.jpeg,6/12/24
Acces. Plásticos,SET DE SALERO JAGUAR /PALILLERO DE PLASTICO 1407,Gs   4.800,https://www.stock.com.py/images/thumbs/0201364_500.jpeg,6/12/24
Acces. Plásticos,POTE C/TRABA PLAS SANREMO 16L REFSR1742/33,Gs   29.900,https://www.stock.com.py/images/thumbs/0201312_500.jpeg,6/12/24
Acces. Plásticos,POTE C/TRABA PLAS SANREMO 330ML REFSR1763,Gs   11.900,https://www.stock.com.py/images/thumbs/0201307_500.jpeg,6/12/24
Acces. Plásticos,POTE C/TRABA PLAS SANREMO 537ML REFSR1762,Gs   14.900,https://www.stock.com.py/images/thumbs/0201306_500.jpeg,6/12/24
Acces. Plásticos,POTE C/TRABA PLAS SANREMO 770ML REFSR1761,Gs   16.900,https://www.stock.com.py/images/thumbs/0201305_500.jpeg,6/12/24
Acces. Plásticos,POTE REC 750ML MIX C/DISEÑO JAGUAR 6291,Gs   6.000,https://www.stock.com.py/images/thumbs/0196247_500.jpeg,6/12/24
Acces. Plásticos,POTE DE PLASTICO JAGUAR 970ML,Gs   5.000,https://www.stock.com.py/images/thumbs/0188467_500.jpeg,6/12/24
Acces. Plásticos,VASO DESCARTABLE 50ML CRISTALCOPO 100UN PAQ,Gs   6.200,https://www.stock.com.py/images/thumbs/0183831_500.jpeg,6/12/24
Acces. Plásticos,POTE CUADRADO SAN REMO 0.8 L125/6E,Gs   9.600,https://www.stock.com.py/images/thumbs/0182673_500.jpeg,6/12/24
Acces. Plásticos,CONTENEDOR REDON SANREMO 1.3LT,Gs   8.100,https://www.stock.com.py/images/thumbs/0182672_500.jpeg,6/12/24
Acces. Plásticos,POTE SAN REMO CUADRADO MEDIANO 455/2E,Gs   10.200,https://www.stock.com.py/images/thumbs/0182671_500.jpeg,6/12/24
Acces. Plásticos,TUPPER DE PLASTICO SANREMO ROSADO,Gs   8.000,https://www.stock.com.py/images/thumbs/0181844_500.jpeg,6/12/24
Uso Personal,AFEITADORA GAMA GSH986 SPORT USB 657,Gs   289.900,https://www.stock.com.py/images/thumbs/0209196_500.png,6/12/24
Uso Personal,AFEITADOR 3MED CORTE TRIMMER GAMA 3822,Gs   249.900,https://www.stock.com.py/images/thumbs/0209194_500.png,6/12/24
Uso Personal,PLANCHITA PARA PELO DAYO,Gs   119.900,https://www.stock.com.py/images/thumbs/0166127_500.jpeg,6/12/24
Uso Personal,SECADOR D/PELO 1600 W DAYO REF RW623,Gs   87.500,https://www.stock.com.py/images/thumbs/0165977_500.jpeg,6/12/24
Cerrajeria y herrajes,CANDADO 1 UN BRONCE ACERO,Gs   17.800,https://www.stock.com.py/images/thumbs/0151753_500.jpeg,6/12/24
Enjuagues Bucales,ENJUAGUE BUCAL TOTAL 12 CLEAN MINT COLGATE 500ML,Gs   55.500,https://www.stock.com.py/images/thumbs/0212582_500.jpeg,6/12/24
Enjuagues Bucales,ENJUAGUE BUCAL TOTAL 12 CLEAN MINT COLGATE 250ML,Gs   31.900,https://www.stock.com.py/images/thumbs/0212581_500.png,6/12/24
Enjuagues Bucales,ENJUAGUE BUCAL S/ALCOHOL D/MENTA 250ML ORAL B PLA,Gs   38.500,https://www.stock.com.py/images/thumbs/0211406_500.jpeg,6/12/24
Enjuagues Bucales,ENJUAGUE BUCAL LUMINOUS WHITE COLGATE 500ml,Gs   55.500,https://www.stock.com.py/images/thumbs/0209837_500.jpeg,6/12/24
Enjuagues Bucales,ENJUAGUE BUCAL LUMINOUS WHITE COLGATE 250ml,Gs   31.900,https://www.stock.com.py/images/thumbs/0209836_500.jpeg,6/12/24
Enjuagues Bucales,ENJUAGUE BUCAL PLAX FRESH MINT COLGATE 250ml,Gs   29.150,https://www.stock.com.py/images/thumbs/0209835_500.jpeg,6/12/24
Enjuagues Bucales,ENJUAGUE BUCAL PLAX ICE GLACIAL COLGATE 250ml,Gs   29.150,https://www.stock.com.py/images/thumbs/0209832_500.jpeg,6/12/24
Enjuagues Bucales,ENJUAGUE BUCAL SENSITIVE PRO-ALIVIO COLGATE 250ml,Gs   31.900,https://www.stock.com.py/images/thumbs/0209831_500.jpeg,6/12/24
Enjuagues Bucales,ENJUAGUE BUCAL PLAX KIDS COLGATE 250ml,Gs   31.900,https://www.stock.com.py/images/thumbs/0209830_500.jpeg,6/12/24
Enjuagues Bucales,ENJUAGUE BUCAL TOTAL 12 ANTI SARRO COLGATE 500ML,Gs   55.500,https://www.stock.com.py/images/thumbs/0209828_500.jpeg,6/12/24
Enjuagues Bucales,ENJUAGUE BUCAL PLAX ICE INFINITY COLGATE 250ml,Gs   29.150,https://www.stock.com.py/images/thumbs/0209827_500.jpeg,6/12/24
Enjuagues Bucales,ENJUAGUE BUCAL PLAX ICE INFINITY COLGATE 500ml,Gs   50.650,https://www.stock.com.py/images/thumbs/0209826_500.jpeg,6/12/24
Enjuagues Bucales,ENJUAGUE BUCAL COLGATE PLAX 500 ML,Gs   50.650,https://www.stock.com.py/images/thumbs/0209818_500.jpeg,6/12/24
Enjuagues Bucales,ENJUAGUE BUCAL COLGATE PLAX  250 ML,Gs   29.150,https://www.stock.com.py/images/thumbs/0209817_500.jpeg,6/12/24
Enjuagues Bucales,ENJUAGUE BUCAL PLAX FRESH MINT COLGATE 500ml,Gs   41.000,https://www.stock.com.py/images/thumbs/0206565_500.jpeg,6/12/24
Enjuagues Bucales,ENJUAGUE BUCAL LUMINOUS WHITE CON CARBON COLGATE 500ML,Gs   55.500,https://www.stock.com.py/images/thumbs/0206549_500.jpeg,6/12/24
Enjuagues Bucales,ENJUAGUE BUCAL TOTAL 12 SPRAY COLGATE 60ML,Gs   23.300,https://www.stock.com.py/images/thumbs/0206547_500.jpeg,6/12/24
Enjuagues Bucales,ENJUAGUE BUCAL TOTAL 12 ANTI SARRO COLGATE 250ML,Gs   31.900,https://www.stock.com.py/images/thumbs/0198867_500.jpeg,6/12/24
Enjuagues Bucales,ENJUAGUE BUCAL TOTAL 12 ENCIAS REFORZADAS COLGATE 250ML,Gs   31.900,https://www.stock.com.py/images/thumbs/0198851_500.jpeg,6/12/24
Enjuagues Bucales,CLOSEUP 360? ICE FRESH ANTISEPTICO BUCAL 250 ML,Gs   25.100,https://www.stock.com.py/images/thumbs/0195926_500.jpeg,6/12/24
Enjuagues Bucales,ENJUAGUE BUCAL PROTECAO 360 FRESH CLOSEUP 500ML,Gs   37.000,https://www.stock.com.py/images/thumbs/0195925_500.jpeg,6/12/24
Enjuagues Bucales,ENJUAGUE BUCAL ZERO ALCOHOL PROTECAO 360 FRESH CLOSEUP 500ML,Gs   37.000,https://www.stock.com.py/images/thumbs/0195924_500.jpeg,6/12/24
Enjuagues Bucales,ENJUAGUE BUCAL NATURAL EXTRACTS CARBON COLGATE 500ml,Gs   55.500,https://www.stock.com.py/images/thumbs/0194976_500.jpeg,6/12/24
Paté/Picadillo/Conservas,PATE DE JAMON ODERICH 100 GR,Gs   6.550,https://www.stock.com.py/images/thumbs/0204652_500.jpeg,6/12/24
Paté/Picadillo/Conservas, CARNE BOVINA ENLATADA BON GUSTO 340GR,Gs   14.050,https://www.stock.com.py/images/thumbs/0202594_500.jpeg,6/12/24
Paté/Picadillo/Conservas,CARNE VACUNA CONSERVADA NORTE 340GR,Gs   17.000,https://www.stock.com.py/images/thumbs/0197888_500.jpeg,6/12/24
Paté/Picadillo/Conservas,PATE DE CARNE ODERICH 100GR,Gs   6.550,https://www.stock.com.py/images/thumbs/0168958_500.jpeg,6/12/24
Paté/Picadillo/Conservas,CARNE BOVINA ODERICH,Gs   17.250,https://www.stock.com.py/images/thumbs/0155368_500.jpeg,6/12/24
Paté/Picadillo/Conservas,SALCHICHAS ODERICH LATA 180 GR,Gs   8.400,https://www.stock.com.py/images/thumbs/0155366_500.jpeg,6/12/24
Paté/Picadillo/Conservas,PATE ODERICH LATA 100 GR POLLO,Gs   6.550,https://www.stock.com.py/images/thumbs/0155365_500.jpeg,6/12/24
Paté/Picadillo/Conservas,PICADILLO INDEGA,Gs   3.500,https://www.stock.com.py/images/thumbs/0149591_500.jpeg,6/12/24
Paté/Picadillo/Conservas,CARNE CONSERVADA INDEGA 340,Gs   18.650,https://www.stock.com.py/images/thumbs/0149557_500.jpeg,6/12/24
Paté/Picadillo/Conservas,PICADILLO DE CARNE SAFRA LATA 90 GR,Gs   3.750,https://www.stock.com.py/images/thumbs/0144364_500.jpeg,6/12/24
Perfumes,BODY SPLASH AMOR PERFECTO 100 CC PERFUME,Gs   12.000,https://www.stock.com.py/images/thumbs/0205044_500.jpeg,6/12/24
Perfumes,BODY SPLASH AMOR PLATONICO 100CC PERFUM,Gs   12.000,https://www.stock.com.py/images/thumbs/noDefaultImage_stock_500.gif,6/12/24
Perfumes,BODY SPLASH EROS MEN 120CC PERFUME ES AM,Gs   17.400,https://www.stock.com.py/images/thumbs/noDefaultImage_stock_500.gif,6/12/24
Perfumes,BODY SPLASH MEN TONIC COOL 120CC PERFUME,Gs   17.400,https://www.stock.com.py/images/thumbs/noDefaultImage_stock_500.gif,6/12/24
Perfumes,BODY SPLASH CLUB 120CC PERFUME ES AMOR F,Gs   12.000,https://www.stock.com.py/images/thumbs/noDefaultImage_stock_500.gif,6/12/24
Perfumes,BODY SPLASH AMOR INTENSO 100CC PERFUME E,Gs   12.000,https://www.stock.com.py/images/thumbs/noDefaultImage_stock_500.gif,6/12/24
Perfumes,BODY SPLASH AMOR ETERNO 100CC PERFUME E,Gs   12.000,https://www.stock.com.py/images/thumbs/noDefaultImage_stock_500.gif,6/12/24
Aceites,ACEITE CORPORAL BABY BLUE 300ml,Gs   36.200,https://www.stock.com.py/images/thumbs/0208974_500.png,6/12/24
Aceites,ACEITE CORPORAL BABY BLUE 100ml,Gs   17.500,https://www.stock.com.py/images/thumbs/0208968_500.png,6/12/24
Aceites,ACEITE PURO JOHNSONS BABY100 ML,Gs   28.500,https://www.stock.com.py/images/thumbs/0208678_500.jpeg,6/12/24
Aceites,ACEITE P/BEBE SUEÑOS FCO X125ML DODDY,Gs   17.900,https://www.stock.com.py/images/thumbs/0173344_500.jpeg,6/12/24
Aceites,ACEITE DODDY PARA BEBE 125ML,Gs   17.900,https://www.stock.com.py/images/thumbs/0173331_500.jpeg,6/12/24
Flanes,FLAN SABOR VAINILLA LOS COLONOS 120GR POT,Gs   3.050,https://www.stock.com.py/images/thumbs/0183694_500.jpeg,6/12/24
Flanes,FLAN DONA ANGELA POTE 140 GR,Gs   3.550,https://www.stock.com.py/images/thumbs/0178580_500.jpeg,6/12/24
Flanes,FLAN LACTOLANDA VAINILLA POTE 140GR,Gs   3.100,https://www.stock.com.py/images/thumbs/0161571_500.png,6/12/24
Flanes,FLAN TREBOL POTE 140 GR,Gs   3.100,https://www.stock.com.py/images/thumbs/0148483_500.jpeg,6/12/24
Alimento de Perros,ALIMENTO P/ PERRO ADULTO RAZAS PEQUEÑAS 1.5KG PEDIGREE PAQ,Gs   42.000,https://www.stock.com.py/images/thumbs/0211817_500.jpeg,6/12/24
Alimento de Perros,VITALIPETS HUESITOS PALITOS DIGERIBLES BLANCOS SABOR NATURAL 5 UNIDADES,Gs   7.200,https://www.stock.com.py/images/thumbs/0211632_500.jpeg,6/12/24
Alimento de Perros,VITALIPETS HUESITOS PALITOS DIGERIBLES BLANCOS SABOR NATURAL 12 UNIDADES,Gs   16.800,https://www.stock.com.py/images/thumbs/0211631_500.jpeg,6/12/24
Alimento de Perros,ALIMENTO P/ PERRO CACHORRO 1.5KG PEDIGREE PAQ ,Gs   47.250,https://www.stock.com.py/images/thumbs/0209432_500.jpeg,6/12/24
Alimento de Perros,MASTER DOG ALIMENTO PARA PERRO ADULTO CARNE Y VEGETALES 18 KG,Gs   397.450,https://www.stock.com.py/images/thumbs/0209275_500.jpeg,6/12/24
Alimento de Perros,ALIMENTO P/ PERRO ADULTO CARNE 1.5KG PEDIGREE PAQ ,Gs   42.000,https://www.stock.com.py/images/thumbs/0208899_500.jpeg,6/12/24
Alimento de Perros,ALIMENTO PARA PERROS CACHORROS BENY 3 KG,Gs   46.900,https://www.stock.com.py/images/thumbs/0208628_500.jpeg,6/12/24
Alimento de Perros,ALIMENTO P/PERROS S/CARNE/POL PRIMOCAO3K,Gs   74.350,https://www.stock.com.py/images/thumbs/0208481_500.jpeg,6/12/24
Alimento de Perros,ALIMENTO P/PERROS S/POLLO/VEG PRIMOCAO3K,Gs   71.500,https://www.stock.com.py/images/thumbs/0208480_500.jpeg,6/12/24
Alimento de Perros,ALIMENTO P/PERROS S/POLLO/VEG/PRIMOCAO1K,Gs   28.900,https://www.stock.com.py/images/thumbs/0208479_500.jpeg,6/12/24
Alimento de Perros,ALIMENTO P/PERROS PEQUEN?AS PRIMOCAO 1 KG,Gs   26.250,https://www.stock.com.py/images/thumbs/0208478_500.jpeg,6/12/24
Alimento de Perros,ALIMENTO P/PERRO ADULTO A GRANEL BENY,Gs   5.900,https://www.stock.com.py/images/thumbs/0208317_500.jpeg,6/12/24
Alimento de Perros,BOCADITO P/PERRO NATUR GRAN CANI 100GR,Gs   3.600,https://www.stock.com.py/images/thumbs/0207657_500.jpeg,6/12/24
Alimento de Perros,BOCADITO P/PERRO GRAN CANI NATUR 100GR,Gs   3.600,https://www.stock.com.py/images/thumbs/0207655_500.jpeg,6/12/24
Alimento de Perros,PALITO P/PERRO PROTEICO GRAN CANI 8UN,Gs   14.300,https://www.stock.com.py/images/thumbs/0207654_500.jpeg,6/12/24
Alimento de Perros,PALITO P/PERRO PROTEICO GRAN CANI 4UN,Gs   7.150,https://www.stock.com.py/images/thumbs/0207653_500.jpeg,6/12/24
Alimento de Perros,PALITO P/PERRO PROTEICO GRAN CANI 8UN,Gs   10.000,https://www.stock.com.py/images/thumbs/0207652_500.jpeg,6/12/24
Alimento de Perros,PALITO P/PERROS PROTEICO GRAN CANI 4UN,Gs   5.000,https://www.stock.com.py/images/thumbs/0207651_500.jpeg,6/12/24
Alimento de Perros,PALITO P/PERRO PROTEICO GRAN CANI 8UN,Gs   27.150,https://www.stock.com.py/images/thumbs/0207650_500.jpeg,6/12/24
Alimento de Perros,PALITO P/PERRO  PROTEICO GRAN CANI 4UN,Gs   13.600,https://www.stock.com.py/images/thumbs/0207649_500.jpeg,6/12/24
Alimento de Perros,PURINA DOG CHOW ALIMENTO PARA PERROS ADULTOS MINIS Y PEQUE?OS SABOR CARNE Y POLLO 1.5 KG,Gs   43.650,https://www.stock.com.py/images/thumbs/0206383_500.jpeg,6/12/24
Alimento de Perros,PRIMOCAO ALIMENTO COMPLETO PARA PERROS ADULTOS SABOR CARNE Y VEGETALES 100 GR,Gs   6.700,https://www.stock.com.py/images/thumbs/0205550_500.jpeg,6/12/24
Alimento de Perros,HERCOSUL PRIMOCAO ALIMENTO PARA PERROS ADULTOS SABOR CARNE 100 GR,Gs   6.700,https://www.stock.com.py/images/thumbs/0205549_500.jpeg,6/12/24
Alimento de Perros,ALIMENTO P/ PERRO APOLO JUNIOR 1KG,Gs   23.600,https://www.stock.com.py/images/thumbs/0205544_500.jpeg,6/12/24
Alimento de Perros,ALIMENTO P/PERRO APOLO ORIGINAL ADULTO 1KG,Gs   16.150,https://www.stock.com.py/images/thumbs/0205543_500.jpeg,6/12/24
Alimento de Perros,ALIMENTO P/ PERRO PRONTO DOG CACHORROS CRECIMIENTO A GRANEL  ,Gs   8.300,https://www.stock.com.py/images/thumbs/0205404_500.jpeg,6/12/24
Alimento de Perros,ALIMENTO P/ PERRO PRONTO DOG CACHORROS A GRANEL,Gs   9.650,https://www.stock.com.py/images/thumbs/0205403_500.jpeg,6/12/24
Alimento de Perros,PURINA DOG CHOW COMIDA PARA PERROS ADULTOS MEDIANOS Y GRANDES SABOR CARNE Y POLLO 8 KG,Gs   205.000,https://www.stock.com.py/images/thumbs/0203572_500.jpeg,6/12/24
Hornos,HORNO ELECTRICO 45 LTS DAYO REF DN45E ,Gs   769.000,https://www.stock.com.py/images/thumbs/0164821_500.jpeg,6/12/24
Hornos, HORNO ELECTRICO 28 LTS DAYO REF DN28E ,Gs   649.900,https://www.stock.com.py/images/thumbs/0164706_500.jpeg,6/12/24
Aceites,ACEITE CORPORAL BABY BLUE 300ml,Gs   36.200,https://www.stock.com.py/images/thumbs/0208974_500.png,6/12/24
Aceites,ACEITE CORPORAL BABY BLUE 100ml,Gs   17.500,https://www.stock.com.py/images/thumbs/0208968_500.png,6/12/24
Aceites,ACEITE PURO JOHNSONS BABY100 ML,Gs   28.500,https://www.stock.com.py/images/thumbs/0208678_500.jpeg,6/12/24
Aceites,ACEITE P/BEBE SUEÑOS FCO X125ML DODDY,Gs   17.900,https://www.stock.com.py/images/thumbs/0173344_500.jpeg,6/12/24
Aceites,ACEITE DODDY PARA BEBE 125ML,Gs   17.900,https://www.stock.com.py/images/thumbs/0173331_500.jpeg,6/12/24
En polvos,JUGO E/POLVO S/MULTIFRUTA TANG 15GR,Gs   1.900,https://www.stock.com.py/images/thumbs/0209212_500.jpeg,6/12/24
En polvos,JUGO EN POLVO S/PIN?A/COL CARICIA 20GR 2L,Gs   2.000,https://www.stock.com.py/images/thumbs/0208495_500.jpeg,6/12/24
En polvos,JUGO EN POLVO SAB/PIN?A CARICIA  20 GR 2L,Gs   2.000,https://www.stock.com.py/images/thumbs/0208494_500.jpeg,6/12/24
En polvos,JUGO EN POLVO S/NAR/BAN CARICIA 20GR 2L,Gs   2.000,https://www.stock.com.py/images/thumbs/0208493_500.jpeg,6/12/24
En polvos,JUGO EN POLVO SAB/DUR CARICIA 100 GR 10L,Gs   9.500,https://www.stock.com.py/images/thumbs/0208444_500.jpeg,6/12/24
En polvos,JUGO E/POLVO S/POMELO ROSADO TANG 15GR,Gs   1.900,https://www.stock.com.py/images/thumbs/0206882_500.jpeg,6/12/24
En polvos,JUGO E/POLV S/LIMON DULCE TANG 15GR,Gs   1.900,https://www.stock.com.py/images/thumbs/0206644_500.jpeg,6/12/24
En polvos,JUGO E/POL S/DURAZNO TANG 15GR RINDE 1LT,Gs   1.900,https://www.stock.com.py/images/thumbs/0206445_500.jpeg,6/12/24
En polvos,ZUKO JUGO EN POLVO SABOR LIMON DULCE 20 GR RINDE 2 LITROS,Gs   1.900,https://www.stock.com.py/images/thumbs/0203655_500.jpeg,6/12/24
En polvos,"CLIGHT JUGO EN POLVO SABOR NARANJA DURAZNO 7,5 GR",Gs   2.450,https://www.stock.com.py/images/thumbs/0203394_500.jpeg,6/12/24
En polvos,CLIGHT JUGO EN POLVO SABOR POMELO ROSADO 8 GR,Gs   2.450,https://www.stock.com.py/images/thumbs/0201689_500.jpeg,6/12/24
En polvos,CLIGHT JUGO EN POLVO SABOR POMELO AMARILLO 8 GR,Gs   2.450,https://www.stock.com.py/images/thumbs/0201688_500.jpeg,6/12/24
En polvos,"CLIGHT JUGO EN POLVO SABOR NARANJA DULCE 7,5 GR",Gs   2.450,https://www.stock.com.py/images/thumbs/0201676_500.jpeg,6/12/24
En polvos,CLIGHT JUGO EN POLVO SABOR NARANJA 8 GR,Gs   2.450,https://www.stock.com.py/images/thumbs/0201650_500.jpeg,6/12/24
En polvos,CLIGHT JUGO EN POLVO SABOR MANZANA DELICIOSA 7 GR,Gs   2.450,https://www.stock.com.py/images/thumbs/0201621_500.jpeg,6/12/24
En polvos,TANG JUGO EN POLVO SABOR UVA 18 GR RINDE 1 LITRO,Gs   1.900,https://www.stock.com.py/images/thumbs/0199570_500.jpeg,6/12/24
En polvos,TANG JUGO EN POLVO SABOR PI?A 18 GR RINDE 1 LITRO,Gs   1.900,https://www.stock.com.py/images/thumbs/0199569_500.jpeg,6/12/24
En polvos,TANG JUGO EN POLVO SABOR FRUTILLA 18 GR RINDE 1 LITRO,Gs   1.900,https://www.stock.com.py/images/thumbs/0199568_500.jpeg,6/12/24
En polvos,TANG JUGO EN POLVO SABOR MBURUCUYA 18 GR RINDE 1 LITRO,Gs   1.900,https://www.stock.com.py/images/thumbs/0199567_500.jpeg,6/12/24
En polvos,TANG JUGO EN POLVO SABOR NARANJA 18 GR RINDE 1 LITRO,Gs   1.900,https://www.stock.com.py/images/thumbs/0199565_500.jpeg,6/12/24
En polvos,TANG JUGO EN POLVO SABOR NARANJA DULCE 18 GR RINDE 1 LITRO,Gs   1.900,https://www.stock.com.py/images/thumbs/0199564_500.jpeg,6/12/24
En polvos,TANG JUGO EN POLVO SABOR LIMON 18 GR RINDE 1 LITRO,Gs   1.900,https://www.stock.com.py/images/thumbs/0199563_500.jpeg,6/12/24
En polvos,JUGO EN POLVO SABOR LIMONADA CLIGHT 8GR,Gs   2.450,https://www.stock.com.py/images/thumbs/0187017_500.jpeg,6/12/24
En polvos,JUGOS EN POLVO VIVO DURAZNO PAQUETE 8GR PARA 1LT,Gs   2.500,https://www.stock.com.py/images/thumbs/0184392_500.jpeg,6/12/24
En polvos,JUGOS EN POLVO VIVO FRUTILLA PAQUETE 8GR PARA 1LT,Gs   2.500,https://www.stock.com.py/images/thumbs/0184391_500.jpeg,6/12/24
En polvos,JUGOS EN POLVO SPRIM SABOR NARANJA 25GR,Gs   2.800,https://www.stock.com.py/images/thumbs/0184324_500.jpeg,6/12/24
En polvos,JUGO E/ POLVO MARACUJA 8 GR CLIGHT SOBRE,Gs   2.450,https://www.stock.com.py/images/thumbs/0177034_500.jpeg,6/12/24
En polvos,JUGOS EN POLVO VIVO LIMON PAQUETE 8GR PARA 1LT,Gs   2.500,https://www.stock.com.py/images/thumbs/0175985_500.jpeg,6/12/24
Organizadores,CESTO P/ROPA C/TAPA 30L ECO JAGUAR 3083,Gs   42.900,https://www.stock.com.py/images/thumbs/0209576_500.jpeg,6/12/24
Organizadores,CAJA ORGANIZ PLASTICO SAN REMO 29L REF SR941/127,Gs   59.900,https://www.stock.com.py/images/thumbs/0209366_500.jpeg,6/12/24
Organizadores,CANASTA P/ROPA REDONDO 10L ECONATURE JAGUAR REF 3101,Gs   8.600,https://www.stock.com.py/images/thumbs/0209364_500.jpeg,6/12/24
Organizadores,CESTO P/ ROPA 30 LTS ECO NATURE JAGUAR REF 3085,Gs   29.900,https://www.stock.com.py/images/thumbs/0209362_500.png,6/12/24
Organizadores,CAJA ORGANIZADORA DE PLASTICO SAN REMO 29L,Gs   59.900,https://www.stock.com.py/images/thumbs/0181843_500.jpeg,6/12/24
Organizadores,CUBIERTERA SAN REMO CON TAPA 355E,Gs   35.400,https://www.stock.com.py/images/thumbs/0155971_500.jpeg,6/12/24
Organizadores,TAPER PARA PROV JAGUAR CUADRADO Nº2 IND,Gs   6.900,https://www.stock.com.py/images/thumbs/noDefaultImage_stock_500.gif,6/12/24
Organizadores,TAPER PARA PROV JAGUAR CUADRADO N1 IND,Gs   4.900,https://www.stock.com.py/images/thumbs/noDefaultImage_stock_500.gif,6/12/24
Organizadores,"CONTEN PARA PROV JAGUAR Nº0 0,65LT",Gs   3.900,https://www.stock.com.py/images/thumbs/noDefaultImage_stock_500.gif,6/12/24
Organizadores,ESCURREPLATOS JAGUAR,Gs   14.900,https://www.stock.com.py/images/thumbs/noDefaultImage_stock_500.gif,6/12/24
Organizadores,RECIPIENTE JAGUAR P/CUBIERTOS C/TAPA ,Gs   11.600,https://www.stock.com.py/images/thumbs/noDefaultImage_stock_500.gif,6/12/24
Organizadores,"TAPER IND ""JAGUAR"" 250 M RECT",Gs   1.500,https://www.stock.com.py/images/thumbs/noDefaultImage_stock_500.gif,6/12/24
Organizadores,DISPENSADOR P/JABON E/POLVO 1.46LTS JAGUAR REF 1720,Gs   12.100,https://www.stock.com.py/images/thumbs/noDefaultImage_stock_500.gif,6/12/24
Organizadores,CANASTA P/ROPA C/TAPA NEGRO 10L JAGUAR REF 5017,Gs   18.300,https://www.stock.com.py/images/thumbs/noDefaultImage_stock_500.gif,6/12/24
Organizadores,ORGANIZADOR P/ESPONJA TODO X PROMO21010,Gs   10.000,https://www.stock.com.py/images/thumbs/noDefaultImage_stock_500.gif,6/12/24
Organizadores,CAJAS D/ALMACENAR 2PZ NORITEX 449692989,Gs   104.000,https://www.stock.com.py/images/thumbs/noDefaultImage_stock_500.gif,6/12/24
Organizadores,RELOJ DISPENSADOR TODO X DIS21003,Gs   10.000,https://www.stock.com.py/images/thumbs/noDefaultImage_stock_500.gif,6/12/24
Organizadores,RELOJ DISPENSADOR TODO X DIS21001,Gs   4.900,https://www.stock.com.py/images/thumbs/noDefaultImage_stock_500.gif,6/12/24
Organizadores,RELOJ DISPENSADOR TODO X DIS21002,Gs   5.000,https://www.stock.com.py/images/thumbs/noDefaultImage_stock_500.gif,6/12/24
Lubricantes/Repuestos,SOPORTE MAGNETICO PARA AUTOS CJ-53 H-MAS,Gs   30.600,https://www.stock.com.py/images/thumbs/noDefaultImage_stock_500.gif,6/12/24
Lubricantes/Repuestos,SOPORTE MAGNETICO PARA AUTOS CJ-50 H-MAS,Gs   23.300,https://www.stock.com.py/images/thumbs/noDefaultImage_stock_500.gif,6/12/24
Ventiladores,"VENTILADOR D/PIE D/METAL 3VEL 18"" VENTOS",Gs   199.900,https://www.stock.com.py/images/thumbs/0206390_500.jpeg,6/12/24
Ventiladores,VENTILADOR TIPO TORRE DAYO ,Gs   299.900,https://www.stock.com.py/images/thumbs/0195555_500.jpeg,6/12/24
Ventiladores,VENTILADOR D/PIE DAYO 18 S/E REF AF 45,Gs   183.500,https://www.stock.com.py/images/thumbs/noDefaultImage_stock_500.gif,6/12/24
Varios snacks,CASTAÑAS DE CAJU CON SAL NUTRINUTS 100GR,Gs   27.800,https://www.stock.com.py/images/thumbs/0195898_500.jpeg,6/12/24
Varios snacks,SNACK YES YES QUESO 25GR,Gs   650,https://www.stock.com.py/images/thumbs/0191828_500.jpeg,6/12/24
Varios snacks,TOSTADITAS SABOR PIZZA MARETTI 70GR BSA,Gs   8.900,https://www.stock.com.py/images/thumbs/0183598_500.jpeg,6/12/24
Varios snacks,CEBOLLITA CEPERA FRASCO 200 GR EN,Gs   24.600,https://www.stock.com.py/images/thumbs/0168943_500.jpeg,6/12/24
Hilos/Sedas,HILO DENTAL ANTICARIES x2 COLGATE 50m,Gs   18.450,https://www.stock.com.py/images/thumbs/0206574_500.jpeg,6/12/24
Hilos/Sedas,HILO DENTAL FLOUR-MENTA COLGATE 25m,Gs   20.350,https://www.stock.com.py/images/thumbs/0206573_500.jpeg,6/12/24
Hilos/Sedas,HILO DENTAL MENTA COLGATE 50m,Gs   18.450,https://www.stock.com.py/images/thumbs/0206572_500.jpeg,6/12/24
Hilos/Sedas,COLGATE NATURAL EXTRACTS HILO DENTAL CON CARBON 25 METROS,Gs   20.350,https://www.stock.com.py/images/thumbs/0204896_500.jpeg,6/12/24
Hilos/Sedas,HILO DENTAL ESSENCIAL MENTA JOHNSONS 100M,Gs   19.000,https://www.stock.com.py/images/thumbs/0187369_500.jpeg,6/12/24
Hilos/Sedas,HILO DENTAL DE MENTA CON CERA JOHNSONS 50M,Gs   22.850,https://www.stock.com.py/images/thumbs/0187368_500.jpeg,6/12/24
Comercial,TALONARIO DE RECIBO GS 100 HOJAS ALAMO S/E,Gs   8.150,https://www.stock.com.py/images/thumbs/0202238_500.jpeg,6/12/24
Comercial,PTE.PAGARE EN G SIN COLOR X20,Gs   7.300,https://www.stock.com.py/images/thumbs/0166340_500.png,6/12/24
Aperitivos sin Alcohol,"AMARGO CITRUS TERMA 1,35LT",Gs   15.500,https://www.stock.com.py/images/thumbs/0207046_500.jpeg,6/12/24
Aperitivos sin Alcohol,"AMARGO MANZANA CERO TERMA 1,35LT",Gs   15.500,https://www.stock.com.py/images/thumbs/0207045_500.jpeg,6/12/24
Aperitivos sin Alcohol,"AMARGO PEPERINA & CORIANDRO TERMA 1,35LT",Gs   15.500,https://www.stock.com.py/images/thumbs/0207044_500.jpeg,6/12/24
Aperitivos sin Alcohol,"AMARGO PATAGONICO TERMA 1,35LT",Gs   15.500,https://www.stock.com.py/images/thumbs/0207043_500.jpeg,6/12/24
Aperitivos sin Alcohol,"AMARGO CUYANO CERO TERMA 1,35LT",Gs   15.500,https://www.stock.com.py/images/thumbs/0207042_500.jpeg,6/12/24
Aperitivos sin Alcohol,"AMARGO CUYANO TERMA 1,35LT",Gs   15.500,https://www.stock.com.py/images/thumbs/0207041_500.jpeg,6/12/24
Aperitivos sin Alcohol,"AMARGO SERRANO CERO TERMA 1,35LT",Gs   15.500,https://www.stock.com.py/images/thumbs/0207040_500.jpeg,6/12/24
Aperitivos sin Alcohol,"AMARGO SERRANO TERMA 1,35LT",Gs   15.500,https://www.stock.com.py/images/thumbs/0207039_500.jpeg,6/12/24
Aperitivos sin Alcohol,"AMARGO LIMON CERO TERMA 1,35LT",Gs   15.500,https://www.stock.com.py/images/thumbs/0207038_500.jpeg,6/12/24
Aperitivos sin Alcohol,"AMARGO LIMON TERMA 1,35LT",Gs   15.500,https://www.stock.com.py/images/thumbs/0207037_500.jpeg,6/12/24
Aperitivos sin Alcohol,"AMARGO POMELO ROSADO TERMA 1,75LT",Gs   19.500,https://www.stock.com.py/images/thumbs/0207036_500.jpeg,6/12/24
Aperitivos sin Alcohol,"AMARGO SERRANO TERMA 1,75LT",Gs   19.500,https://www.stock.com.py/images/thumbs/0207035_500.jpeg,6/12/24
Aperitivos sin Alcohol,ENERGIZANTE SABOR MANZ VERDE 473ML BALY,Gs   13.300,https://www.stock.com.py/images/thumbs/0205339_500.jpeg,6/12/24
Aperitivos sin Alcohol,CERVEZA STELLA ARTOIS SIN ALCOHOL BOT 330CC STELLA ARTOIS x 24,Gs   7.500,https://www.stock.com.py/images/thumbs/0196748_500.jpeg,6/12/24
Aperitivos sin Alcohol,"AMARGO POMELO TERMA 1,35LT",Gs   15.500,https://www.stock.com.py/images/thumbs/0196007_500.jpeg,6/12/24
Alimentación,BABERO + OMBLIGUERO CELESTE BABY STAR,Gs   39.500,https://www.stock.com.py/images/thumbs/0208052_500.jpeg,6/12/24
Alimentación,BABERO + OMBLIGUERO ROSA BABY STAR,Gs   39.500,https://www.stock.com.py/images/thumbs/0208051_500.jpeg,6/12/24
Alimentación,OMBLIGUERO DE ALGODO?N BABY STAR,Gs   5.500,https://www.stock.com.py/images/thumbs/0208050_500.jpeg,6/12/24
Alimentación,BABERO + OMBLIGUERO BLANCO BABY STAR,Gs   39.500,https://www.stock.com.py/images/thumbs/0208048_500.jpeg,6/12/24
Alimentación,GORRITO PARA BEBE BABY STAR,Gs   9.500,https://www.stock.com.py/images/thumbs/0208047_500.jpeg,6/12/24
Alimentación,MANTITA PARA BEBE BABY STAR,Gs   36.200,https://www.stock.com.py/images/thumbs/0208046_500.jpeg,6/12/24
Alimentación,BOTELLA STOR MICKEY THING 300 ML,Gs   45.350,https://www.stock.com.py/images/thumbs/0208021_500.jpeg,6/12/24
Alimentación,BOTELLA STOR MINIONS 430 ML,Gs   72.000,https://www.stock.com.py/images/thumbs/0208020_500.jpeg,6/12/24
Alimentación,BOTELLA STOR SUPER MARIO BROS 420 ML,Gs   78.650,https://www.stock.com.py/images/thumbs/0207268_500.jpeg,6/12/24
Alimentación,BOTELLA STOR STITCH 560 ML,Gs   105.350,https://www.stock.com.py/images/thumbs/0207267_500.jpeg,6/12/24
Alimentación,BOTELLA STOR 3D MICKEY MOUSE 560 ML,Gs   105.350,https://www.stock.com.py/images/thumbs/0207266_500.jpeg,6/12/24
Alimentación,BOTELLA STOR PAW PATROL 430 ML,Gs   62.000,https://www.stock.com.py/images/thumbs/0207265_500.jpeg,6/12/24
Alimentación,BOTELLA STOR PAW PATROL ROSA 430 ML,Gs   62.000,https://www.stock.com.py/images/thumbs/0207263_500.jpeg,6/12/24
Alimentación,BOTELLA STOR PAW PATROL ROSA 530 ML,Gs   52.000,https://www.stock.com.py/images/thumbs/0207262_500.jpeg,6/12/24
Alimentación,BOTELLA STOR MINNIE MOUSE 550 ML,Gs   85.350,https://www.stock.com.py/images/thumbs/0207261_500.jpeg,6/12/24
Alimentación,BOTELLA STOR MICKEY MOUSE 590ML,Gs   75.350,https://www.stock.com.py/images/thumbs/0207260_500.jpeg,6/12/24
Alimentación,BOTELLA STOR FROZEN JOURMEY 350 ML,Gs   57.000,https://www.stock.com.py/images/thumbs/0207259_500.jpeg,6/12/24
Alimentación,BOTELLA STOR FROZEN JOURNEY 590 ML,Gs   75.350,https://www.stock.com.py/images/thumbs/0207258_500.jpeg,6/12/24
Alimentación,BOTELLA STOR FROZEN 550 ML,Gs   85.350,https://www.stock.com.py/images/thumbs/0207257_500.jpeg,6/12/24
Alimentación,BOTELLA STOR PERSONAJES DE DISNEY 450 ML,Gs   50.350,https://www.stock.com.py/images/thumbs/0207256_500.jpeg,6/12/24
Alimentación,BOTELLA STOR PERSONAJES DE DISNEY 430ML,Gs   30.350,https://www.stock.com.py/images/thumbs/0207255_500.jpeg,6/12/24
Alimentación,VASO CON PAJITA STOR CENICIENTA 360 ML,Gs   75.350,https://www.stock.com.py/images/thumbs/0207254_500.jpeg,6/12/24
Alimentación,VASO CON PAJITA STOR BLUEY 360 ML,Gs   70.350,https://www.stock.com.py/images/thumbs/0207253_500.jpeg,6/12/24
Alimentación,BOTELLA STOR ERGO BLUEY 430 ML,Gs   30.350,https://www.stock.com.py/images/thumbs/0207252_500.jpeg,6/12/24
Alimentación,BOTELLA STOR TRITAN MINECRAF 540 ML,Gs   68.650,https://www.stock.com.py/images/thumbs/0207250_500.jpeg,6/12/24
Alimentación,BOTELLA STOR ERGO SUPER MARIO KART 430ML,Gs   30.350,https://www.stock.com.py/images/thumbs/0207249_500.jpeg,6/12/24
Alimentación,BOTELLA STOR TRITAN SUPER MARIO BROS 580,Gs   65.350,https://www.stock.com.py/images/thumbs/0207248_500.jpeg,6/12/24
Alimentación,BOTELLA STOR SUPER MARIO BROS 550 ML,Gs   85.350,https://www.stock.com.py/images/thumbs/0207247_500.jpeg,6/12/24
Menudencia Vacuna,LENGUA X KG,Gs   23.450,https://www.stock.com.py/images/thumbs/0209871_500.jpeg,6/12/24
Menudencia Vacuna,LIBRILLO 1KL,Gs   18.250,https://www.stock.com.py/images/thumbs/0206782_500.jpeg,6/12/24
Menudencia Vacuna,MONDONGO CONGELADO X KG,Gs   19.950,https://www.stock.com.py/images/thumbs/0202331_500.jpeg,6/12/24
Menudencia Vacuna,CHINCHULIN NEULAND E/V XKG,Gs   19.200,https://www.stock.com.py/images/thumbs/0173730_500.jpeg,6/12/24
Menudencia Vacuna,TRIPA GORDA NEULAND E/V XKG,Gs   8.150,https://www.stock.com.py/images/thumbs/0173723_500.jpeg,6/12/24
Menudencia Vacuna,RIÑONCITO VACUNO ENV. AL VACIO NEULAND X KG ,Gs   9.500,https://www.stock.com.py/images/thumbs/0173719_500.jpeg,6/12/24
Menudencia Vacuna,LENGUA ESPECIAL CONGELADA NEULAND X KG,Gs   33.700,https://www.stock.com.py/images/thumbs/0173713_500.jpeg,6/12/24
Menudencia Vacuna,HIGADO VACUNO X KG,Gs   9.950,https://www.stock.com.py/images/thumbs/0167598_500.png,6/12/24
Menudencia Vacuna,ENTRAÑA GRUESA X KL,Gs   37.000,https://www.stock.com.py/images/thumbs/0163777_500.jpeg,6/12/24
Budines,BUDIN S/VAINILLA Y CHOCOLATE MAZZEI 200G,Gs   11.900,https://www.stock.com.py/images/thumbs/0206489_500.jpeg,6/12/24
Budines,BAUDUCCO BOLINHO SABOR CHOCOLATE 40 GR,Gs   2.200,https://www.stock.com.py/images/thumbs/0200697_500.jpeg,6/12/24
Budines,BAUDUCCO BOLINHO SABOR NARANJA 40 GR,Gs   2.200,https://www.stock.com.py/images/thumbs/0200696_500.jpeg,6/12/24
Budines,RICHESTER BOLINHO ANIMADOS ZOO SABOR FRUTILLA 40 GR,Gs   2.050,https://www.stock.com.py/images/thumbs/0200658_500.jpeg,6/12/24
Budines,RICHESTER BOLINHO ANIMADOS ZOO SABOR CHOCOLATE 40 GR,Gs   2.050,https://www.stock.com.py/images/thumbs/0200657_500.jpeg,6/12/24
Budines,BUDIN RELLENO DE LECHE CONDENSADA RENATA 300GR,Gs   18.400,https://www.stock.com.py/images/thumbs/0187731_500.jpeg,6/12/24
Budines,BUDIN DE NARANJA RENATA 250GR,Gs   15.400,https://www.stock.com.py/images/thumbs/0187730_500.jpeg,6/12/24
Budines,BUDIN MARMOLADO RENATA 250GR,Gs   15.400,https://www.stock.com.py/images/thumbs/0187729_500.jpeg,6/12/24
Budines,BUDIN DE VAINILLA CON GOTAS DE CHOCOLATE RENATA 250GR,Gs   15.400,https://www.stock.com.py/images/thumbs/0187728_500.jpeg,6/12/24
Budines,BUDIN DE CHOCOLATE CON RELLENO RENATA 300GR,Gs   18.400,https://www.stock.com.py/images/thumbs/0187726_500.jpeg,6/12/24
Budines,MUFFIN DE NARANJA ORGANICO SUAVIPAN 40GR,Gs   3.500,https://www.stock.com.py/images/thumbs/0186896_500.jpeg,6/12/24
Budines,MUFFIN DE BANANA ORGANICO SUAVIPAN 40GR,Gs   4.800,https://www.stock.com.py/images/thumbs/0186895_500.jpeg,6/12/24
Budines,BUDIN C/TROCITOS DE CHOCOLATE ARCOR 215GR PLAST,Gs   16.500,https://www.stock.com.py/images/thumbs/0180275_500.jpeg,6/12/24
Budines,BUDIN SIN FRUTA ARCOR 215GR BSA,Gs   15.000,https://www.stock.com.py/images/thumbs/0180274_500.jpeg,6/12/24
Budines,BUDIN MARMOLADO ARCOR 215GR BSA,Gs   15.000,https://www.stock.com.py/images/thumbs/0180273_500.jpeg,6/12/24
Budines,BUDIN CON FRUTAS ARCOR 215GR PLAST,Gs   15.000,https://www.stock.com.py/images/thumbs/0180272_500.jpeg,6/12/24
Budines,BUDIN MARMOLADO 200GR BAUDUCCO PAQ,Gs   13.700,https://www.stock.com.py/images/thumbs/0166429_500.jpeg,6/12/24
Budines,BUDIN C/GOTAS CHOCOLATE 200GR BAUDUCCO CJA,Gs   13.700,https://www.stock.com.py/images/thumbs/0166428_500.png,6/12/24
Enjuagues Bucales,ENJUAGUE BUCAL TOTAL 12 CLEAN MINT COLGATE 500ML,Gs   55.500,https://www.stock.com.py/images/thumbs/0212582_500.jpeg,6/12/24
Enjuagues Bucales,ENJUAGUE BUCAL TOTAL 12 CLEAN MINT COLGATE 250ML,Gs   31.900,https://www.stock.com.py/images/thumbs/0212581_500.png,6/12/24
Enjuagues Bucales,ENJUAGUE BUCAL S/ALCOHOL D/MENTA 250ML ORAL B PLA,Gs   38.500,https://www.stock.com.py/images/thumbs/0211406_500.jpeg,6/12/24
Enjuagues Bucales,ENJUAGUE BUCAL LUMINOUS WHITE COLGATE 500ml,Gs   55.500,https://www.stock.com.py/images/thumbs/0209837_500.jpeg,6/12/24
Enjuagues Bucales,ENJUAGUE BUCAL LUMINOUS WHITE COLGATE 250ml,Gs   31.900,https://www.stock.com.py/images/thumbs/0209836_500.jpeg,6/12/24
Enjuagues Bucales,ENJUAGUE BUCAL PLAX FRESH MINT COLGATE 250ml,Gs   29.150,https://www.stock.com.py/images/thumbs/0209835_500.jpeg,6/12/24
Enjuagues Bucales,ENJUAGUE BUCAL PLAX ICE GLACIAL COLGATE 250ml,Gs   29.150,https://www.stock.com.py/images/thumbs/0209832_500.jpeg,6/12/24
Enjuagues Bucales,ENJUAGUE BUCAL SENSITIVE PRO-ALIVIO COLGATE 250ml,Gs   31.900,https://www.stock.com.py/images/thumbs/0209831_500.jpeg,6/12/24
Enjuagues Bucales,ENJUAGUE BUCAL PLAX KIDS COLGATE 250ml,Gs   31.900,https://www.stock.com.py/images/thumbs/0209830_500.jpeg,6/12/24
Enjuagues Bucales,ENJUAGUE BUCAL TOTAL 12 ANTI SARRO COLGATE 500ML,Gs   55.500,https://www.stock.com.py/images/thumbs/0209828_500.jpeg,6/12/24
Enjuagues Bucales,ENJUAGUE BUCAL PLAX ICE INFINITY COLGATE 250ml,Gs   29.150,https://www.stock.com.py/images/thumbs/0209827_500.jpeg,6/12/24
Enjuagues Bucales,ENJUAGUE BUCAL PLAX ICE INFINITY COLGATE 500ml,Gs   50.650,https://www.stock.com.py/images/thumbs/0209826_500.jpeg,6/12/24
Enjuagues Bucales,ENJUAGUE BUCAL COLGATE PLAX 500 ML,Gs   50.650,https://www.stock.com.py/images/thumbs/0209818_500.jpeg,6/12/24
Enjuagues Bucales,ENJUAGUE BUCAL COLGATE PLAX  250 ML,Gs   29.150,https://www.stock.com.py/images/thumbs/0209817_500.jpeg,6/12/24
Enjuagues Bucales,ENJUAGUE BUCAL PLAX FRESH MINT COLGATE 500ml,Gs   41.000,https://www.stock.com.py/images/thumbs/0206565_500.jpeg,6/12/24
Enjuagues Bucales,ENJUAGUE BUCAL LUMINOUS WHITE CON CARBON COLGATE 500ML,Gs   55.500,https://www.stock.com.py/images/thumbs/0206549_500.jpeg,6/12/24
Enjuagues Bucales,ENJUAGUE BUCAL TOTAL 12 SPRAY COLGATE 60ML,Gs   23.300,https://www.stock.com.py/images/thumbs/0206547_500.jpeg,6/12/24
Enjuagues Bucales,ENJUAGUE BUCAL TOTAL 12 ANTI SARRO COLGATE 250ML,Gs   31.900,https://www.stock.com.py/images/thumbs/0198867_500.jpeg,6/12/24
Enjuagues Bucales,ENJUAGUE BUCAL TOTAL 12 ENCIAS REFORZADAS COLGATE 250ML,Gs   31.900,https://www.stock.com.py/images/thumbs/0198851_500.jpeg,6/12/24
Enjuagues Bucales,CLOSEUP 360? ICE FRESH ANTISEPTICO BUCAL 250 ML,Gs   25.100,https://www.stock.com.py/images/thumbs/0195926_500.jpeg,6/12/24
Enjuagues Bucales,ENJUAGUE BUCAL PROTECAO 360 FRESH CLOSEUP 500ML,Gs   37.000,https://www.stock.com.py/images/thumbs/0195925_500.jpeg,6/12/24
Enjuagues Bucales,ENJUAGUE BUCAL ZERO ALCOHOL PROTECAO 360 FRESH CLOSEUP 500ML,Gs   37.000,https://www.stock.com.py/images/thumbs/0195924_500.jpeg,6/12/24
Enjuagues Bucales,ENJUAGUE BUCAL NATURAL EXTRACTS CARBON COLGATE 500ml,Gs   55.500,https://www.stock.com.py/images/thumbs/0194976_500.jpeg,6/12/24
Shampoo,SHAMPOO OLEO NUTRICION 400ML DOVE PLAS,Gs   42.500,https://www.stock.com.py/images/thumbs/0211629_500.jpeg,6/12/24
Shampoo,SHAMPOO RECONSTRUCCION COMPLETA DOVE 200ML,Gs   24.450,https://www.stock.com.py/images/thumbs/0211621_500.jpeg,6/12/24
Shampoo,DOVE SHAMPOO REGENERACION EXTREMA 200 ML,Gs   24.550,https://www.stock.com.py/images/thumbs/0211620_500.jpeg,6/12/24
Shampoo,SHAMPOO REGENERACION EXTREMA DOVE 400ML FCO,Gs   42.500,https://www.stock.com.py/images/thumbs/0211617_500.jpeg,6/12/24
Shampoo,SHAMPOO DOVE THERAPY X 400 ML,Gs   42.300,https://www.stock.com.py/images/thumbs/0211615_500.jpeg,6/12/24
Shampoo,SHAMPOO MANZANILLA Y MAGNOLA ALGABO 930M,Gs   14.900,https://www.stock.com.py/images/thumbs/0209405_500.jpeg,6/12/24
Shampoo,SHAMPOO ACIDO HIALURONICO NUTRILEA 340 ML,Gs   21.400,https://www.stock.com.py/images/thumbs/0209048_500.jpeg,6/12/24
Shampoo,SHAMPOO ACIDO HIALURONICO NUTRILEA 190 ML,Gs   13.900,https://www.stock.com.py/images/thumbs/0209033_500.png,6/12/24
Shampoo,DOVE NUTRITIVE SOLUTIONS SHAMPOO HIDRA-LISO 400 ML,Gs   42.500,https://www.stock.com.py/images/thumbs/0208926_500.png,6/12/24
Shampoo,SHAMPOO HIDRATACION INTENSA 400ML DOVE FCO,Gs   42.500,https://www.stock.com.py/images/thumbs/0208922_500.png,6/12/24
Shampoo,SEDAL CO-CREATIONS SHAMPOO LISO PERFECTO 190 ML,Gs   15.400,https://www.stock.com.py/images/thumbs/0208803_500.jpeg,6/12/24
Shampoo,DOVE SHAMPOO RITUAL DE REPARACION ACEITE DE COCO Y CURCUMA 400 ML,Gs   42.500,https://www.stock.com.py/images/thumbs/0208633_500.png,6/12/24
Shampoo,SHAMPOO FORTALEC/CAIDA RESISTL'OREAL370M,Gs   46.200,https://www.stock.com.py/images/thumbs/0208255_500.jpeg,6/12/24
Shampoo,SHAMPOO HERBOLARIA TIO NACHO 200ML,Gs   43.000,https://www.stock.com.py/images/thumbs/0207493_500.jpeg,6/12/24
Shampoo,SHAMPOO NUTRICION 340ML/ACONDICIONADOR  NUTRILEA KIT 190ML,Gs   21.400,https://www.stock.com.py/images/thumbs/0207480_500.jpeg,6/12/24
Shampoo,SHAMPOO RECONST 340ML/ACONDICIONADOR NUTRILEA  KIT 190ML,Gs   21.400,https://www.stock.com.py/images/thumbs/0207478_500.jpeg,6/12/24
Shampoo,PANTENE PRO-V BAMBU NUTRE & CRECE PACK SHAMPOO 400 ML + ACONDICIONADOR 200 ML GRATIS,Gs   42.400,https://www.stock.com.py/images/thumbs/0207109_500.png,6/12/24
Shampoo,SHAMPOO OLEO D/BOSWELLIA PLUSBELLE 700ML,Gs   23.500,https://www.stock.com.py/images/thumbs/0206955_500.jpeg,6/12/24
Shampoo,SHAMPOO OLEO D/ABISINIA PLUSBELLE 700 ML,Gs   23.500,https://www.stock.com.py/images/thumbs/0206954_500.jpeg,6/12/24
Shampoo,SHAMPOO 340ML Y1 ACOND/ SEDAL 190ML,Gs   23.550,https://www.stock.com.py/images/thumbs/0206477_500.jpeg,6/12/24
Shampoo,SEDAL CO-CREATIONS SHAMPOO LISO PERFECTO 650 ML,Gs   36.150,https://www.stock.com.py/images/thumbs/0206055_500.png,6/12/24
Shampoo,SHAMPOO CLASICO JOHNSONS BABY 400ML,Gs   23.500,https://www.stock.com.py/images/thumbs/0205365_500.jpeg,6/12/24
Shampoo,SHAMPOO ICE COOL MENHTOL 400ML/REGALO 200ML CLEAR PACK,Gs   45.500,https://www.stock.com.py/images/thumbs/0204988_500.jpeg,6/12/24
Shampoo,SEDAL SHAMPOO CONTROL CASPA 340 ML,Gs   23.550,https://www.stock.com.py/images/thumbs/0204954_500.jpeg,6/12/24
Shampoo,SEDAL SHAMPOO CERAMIDAS 190 ML,Gs   15.400,https://www.stock.com.py/images/thumbs/0204953_500.jpeg,6/12/24
Shampoo,SHAMPOO INFUSION DE COLAGENO NOVEX 300ML,Gs   23.900,https://www.stock.com.py/images/thumbs/0203583_500.jpeg,6/12/24
Shampoo,SHAMPOO ACEITE DE COCO NOVEX 300ML,Gs   23.900,https://www.stock.com.py/images/thumbs/0203582_500.jpeg,6/12/24
Shampoo,SHAMPOO QUERATINA BRASILEÑA 300ML NOVEX,Gs   23.900,https://www.stock.com.py/images/thumbs/0203580_500.jpeg,6/12/24
De Frutos,ZAPALLITO ITALIANO EN BANDEJA 1 KG,Gs   5.550,https://www.stock.com.py/images/thumbs/0208445_500.jpeg,6/12/24
De Frutos,TOMATES CHERRY BOMBS DON BERNARDINO 300GR POT,Gs   23.450,https://www.stock.com.py/images/thumbs/0207176_500.jpeg,6/12/24
De Frutos,LOCOTE ROJO IMPORTADO 1KG,Gs   23.300,https://www.stock.com.py/images/thumbs/0185564_500.jpeg,6/12/24
De Frutos,TOMATE SANTA CRUZ POR KILO,Gs   4.950,https://www.stock.com.py/images/thumbs/0167505_500.jpeg,6/12/24
De Frutos,ZAPALLITO DE TRONCO X KG,Gs   7.100,https://www.stock.com.py/images/thumbs/0167434_500.jpeg,6/12/24
De Frutos,PEPINO 1 KG NACIONAL,Gs   5.800,https://www.stock.com.py/images/thumbs/0167433_500.jpeg,6/12/24
De Frutos,CALABACITA 1 KG BRAZIL,Gs   10.650,https://www.stock.com.py/images/thumbs/0167432_500.jpeg,6/12/24
De Frutos,BERENJENA X KG,Gs   6.100,https://www.stock.com.py/images/thumbs/0167431_500.jpeg,6/12/24
De Frutos,ZAPALLITO 1 KG ITALIANO,Gs   4.550,https://www.stock.com.py/images/thumbs/0167427_500.jpeg,6/12/24
De Frutos,LOCOTE VERDE EXTRA EN BANDEJA,Gs   6.900,https://www.stock.com.py/images/thumbs/0167425_500.jpeg,6/12/24
De Frutos,LOCOTE 1 KG AMARILLO,Gs   30.400,https://www.stock.com.py/images/thumbs/0167423_500.jpeg,6/12/24
De Frutos,TOMATE LISA 1 KG x 1,Gs   10.150,https://www.stock.com.py/images/thumbs/0167418_500.jpeg,6/12/24
De Frutos,AJI ROJO POR KILO,Gs   30.400,https://www.stock.com.py/images/thumbs/0163162_500.png,6/12/24
De Frutos,AJO A GRANEL,Gs   3.000,https://www.stock.com.py/images/thumbs/0163149_500.png,6/12/24
De Frutos,ZAPALLO BRASILERO POR KILO,Gs   5.050,https://www.stock.com.py/images/thumbs/0157663_500.jpeg,6/12/24
De Frutos,CALABAZA 1 KG,Gs   4.050,https://www.stock.com.py/images/thumbs/0138598_500.jpeg,6/12/24
De Frutos,TOMATE SANTA CRUZ EXTRA EN BANDEJA,Gs   10.050,https://www.stock.com.py/images/thumbs/0138381_500.jpeg,6/12/24
A Granel,JAMONADA GRANDE KG.,Gs   18.900,https://www.stock.com.py/images/thumbs/0211711_500.jpeg,6/12/24
A Granel,SALAME LA CASONA TIPO MILAN X KG,Gs   117.100,https://www.stock.com.py/images/thumbs/0211528_500.jpeg,6/12/24
A Granel,SALAME LA CASONA PEPPERONI X KG,Gs   121.400,https://www.stock.com.py/images/thumbs/0211517_500.jpeg,6/12/24
A Granel,FIAMBRE UPISA CERVECERO X KG,Gs   34.900,https://www.stock.com.py/images/thumbs/0208304_500.jpeg,6/12/24
A Granel,PANCETA AHUMADA X KG UPISA,Gs   59.500,https://www.stock.com.py/images/thumbs/0207018_500.jpeg,6/12/24
A Granel,SALAME TIPO MILAN CHACRA xKG,Gs   53.950,https://www.stock.com.py/images/thumbs/0198472_500.jpeg,6/12/24
A Granel,SALAME TIPO MILAN CAGNOLI XKG S/E,Gs   71.350,https://www.stock.com.py/images/thumbs/0198471_500.png,6/12/24
A Granel,JAMONADA FRIMESA xKG,Gs   36.900,https://www.stock.com.py/images/thumbs/0187848_500.jpeg,6/12/24
A Granel,CHORIZO PARRILLERO SIN PICANTE FRANZ xKG,Gs   29.900,https://www.stock.com.py/images/thumbs/0185562_500.jpeg,6/12/24
A Granel,JAMONADA SADIA X KG,Gs   37.200,https://www.stock.com.py/images/thumbs/0173834_500.jpeg,6/12/24
A Granel,PECHUGA DE PAVO SADIA X KG,Gs   132.900,https://www.stock.com.py/images/thumbs/0173751_500.jpeg,6/12/24
A Granel,PALETA COCIDA DE JAMON CERDO SADIA ,Gs   57.800,https://www.stock.com.py/images/thumbs/0173750_500.jpeg,6/12/24
A Granel,JAMON COCIDO FRANZ X KG,Gs   63.500,https://www.stock.com.py/images/thumbs/0166602_500.png,6/12/24
A Granel,CHORIZO DE VIENA FRANZ X KG,Gs   29.900,https://www.stock.com.py/images/thumbs/0161471_500.jpeg,6/12/24
A Granel,PANCHO FRANZ X KG,Gs   30.900,https://www.stock.com.py/images/thumbs/0161470_500.jpeg,6/12/24
A Granel,SALAMITOS PAQUETE 4 UN,Gs   78.900,https://www.stock.com.py/images/thumbs/0159372_500.png,6/12/24
A Granel,FIAMBRE SURTIDO OCHSI X KG,Gs   39.900,https://www.stock.com.py/images/thumbs/0157732_500.jpeg,6/12/24
A Granel,PANCETA AHUMADA OCHSI X KG,Gs   67.900,https://www.stock.com.py/images/thumbs/0157729_500.jpeg,6/12/24
A Granel,JAMON CRUDO OCHSI 1 KG,Gs   73.900,https://www.stock.com.py/images/thumbs/0157723_500.jpeg,6/12/24
A Granel,MORTADELA ESPECIAL FRANZ X KG,Gs   34.450,https://www.stock.com.py/images/thumbs/0140385_500.jpeg,6/12/24
A Granel,FIAMBRE SURTIDOS FRANZ X KG ,Gs   31.950,https://www.stock.com.py/images/thumbs/0140368_500.jpeg,6/12/24
A Granel,JAMONADA FRANZ X KG,Gs   29.900,https://www.stock.com.py/images/thumbs/0140366_500.jpeg,6/12/24
A Granel,SALAME CHORTI TIPO PEPERONI X KL,Gs   79.900,https://www.stock.com.py/images/thumbs/0140346_500.jpeg,6/12/24
A Granel,PANCETA AHUMADA CHORTI X KG,Gs   60.900,https://www.stock.com.py/images/thumbs/0139530_500.jpeg,6/12/24
A Granel,FIAMBRE SURTIDO GRANDE X KG . GRANDE,Gs   21.900,https://www.stock.com.py/images/thumbs/0139409_500.jpeg,6/12/24
A Granel,JAMON CRUDO CHORTI X KG,Gs   62.900,https://www.stock.com.py/images/thumbs/0139268_500.jpeg,6/12/24
A Granel,JAMONADA CHORTI GRA 1 KL,Gs   36.500,https://www.stock.com.py/images/thumbs/0138729_500.jpeg,6/12/24
Arroz,TIO JOAO ARROZ INTEGRAL + ARROZ ROJO Y TOMATE 200 GR,Gs   11.000,https://www.stock.com.py/images/thumbs/0204644_500.jpeg,6/12/24
Arroz,ARROZ INTEGARROZ VEGET200GR TIO JOAO,Gs   11.000,https://www.stock.com.py/images/thumbs/0204643_500.jpeg,6/12/24
Arroz,ARROZ A GRANEL ARROCIN,Gs   4.700,https://www.stock.com.py/images/thumbs/0202418_500.jpeg,6/12/24
Arroz,ARROZ INTEGRAL LARGO FINO TIPO 1 TIO NICO 1KG,Gs   10.350,https://www.stock.com.py/images/thumbs/0198740_500.jpeg,6/12/24
Arroz,SAN GENARO ARROZ 6 SEMILLAS 1 KG,Gs   32.300,https://www.stock.com.py/images/thumbs/0197165_500.jpeg,6/12/24
Arroz,ARROZ GLASE TIPO I 1 KG STOCK PAQ,Gs   7.700,https://www.stock.com.py/images/thumbs/0188027_500.jpeg,6/12/24
Arroz,ARROZ LARGO FINO TIPO I MICKEY 500GR,Gs   5.900,https://www.stock.com.py/images/thumbs/0186549_500.jpeg,6/12/24
Arroz,ARROZ LARGO FINO TIPO I MICKEY 250GR,Gs   3.150,https://www.stock.com.py/images/thumbs/0186548_500.jpeg,6/12/24
Arroz,ARROZ LARGO FINO TIPO I MICKEY 1KG,Gs   11.450,https://www.stock.com.py/images/thumbs/0186547_500.jpeg,6/12/24
Arroz,ARROZ TIO MINGOTE PAQUETE 1 KG,Gs   14.450,https://www.stock.com.py/images/thumbs/0179133_500.jpeg,6/12/24
Arroz,ARROZ PARBOLIZADO 500GR PRIMICIA BSA,Gs   9.300,https://www.stock.com.py/images/thumbs/0173947_500.jpeg,6/12/24
Arroz,ARROZ TIO NICO AZUL 250GR,Gs   2.250,https://www.stock.com.py/images/thumbs/0172687_500.jpeg,6/12/24
Arroz,ARROZ TIO NICO ROJO 250GR,Gs   2.450,https://www.stock.com.py/images/thumbs/0172686_500.jpeg,6/12/24
Arroz,ARROZ TIO NICO BOLSA 500 GR 0000,Gs   4.700,https://www.stock.com.py/images/thumbs/0172685_500.jpeg,6/12/24
Arroz,ARROZ TIO NICO BOLSA 500 GR 0000,Gs   4.450,https://www.stock.com.py/images/thumbs/0172684_500.jpeg,6/12/24
Arroz,ARROZ TIO NICO BOLSA 2 KG.,Gs   16.700,https://www.stock.com.py/images/thumbs/0172683_500.jpeg,6/12/24
Arroz,ARROZ TIO NICO BOLSA 2 KG.,Gs   16.200,https://www.stock.com.py/images/thumbs/0172682_500.jpeg,6/12/24
Arroz,ARROZ TIO NICO BOLSA 5 KG ARROCI,Gs   22.450,https://www.stock.com.py/images/thumbs/0172681_500.jpeg,6/12/24
Arroz,ARROZ TIO NICO BOLSA 5 KG.,Gs   39.550,https://www.stock.com.py/images/thumbs/0172680_500.jpeg,6/12/24
Arroz,ARROZ TIO NICO BOLSA 5 KG 00000,Gs   40.900,https://www.stock.com.py/images/thumbs/0172678_500.jpeg,6/12/24
Arroz,ARROZ TIO NICO BOLSA 1 KG.,Gs   8.550,https://www.stock.com.py/images/thumbs/0172677_500.jpeg,6/12/24
Arroz,ARROZ A GRANEL TIPO III KG,Gs   8.600,https://www.stock.com.py/images/thumbs/0159628_500.jpeg,6/12/24
Arroz,ARROZ SUPREMO BOLSA 1 KG 3,Gs   7.850,https://www.stock.com.py/images/thumbs/0159193_500.jpeg,6/12/24
Arroz,ARROZ CHINES INTEGRAL BOLSA 1KG,Gs   20.100,https://www.stock.com.py/images/thumbs/0156262_500.jpeg,6/12/24
Arroz,ARROZ CHINES LARGO FINO BOLSA 1 KG.,Gs   17.000,https://www.stock.com.py/images/thumbs/0156260_500.jpeg,6/12/24
Arroz,ARROZ BLANCO TIO JOAO LARGO FINO PAQUETE 1KG,Gs   17.900,https://www.stock.com.py/images/thumbs/0154898_500.jpeg,6/12/24
Arroz,ARROZ TIO MINGOTE PAQUETE 5 KG ES,Gs   72.150,https://www.stock.com.py/images/thumbs/0154893_500.jpeg,6/12/24
Arroz,ARROZ TIO JOAO INTEGRAL 500 GR.,Gs   8.900,https://www.stock.com.py/images/thumbs/0154891_500.jpeg,6/12/24
Tomatados,PURE DE TOMATE ARCOR 530GR,Gs   6.300,https://www.stock.com.py/images/thumbs/0212055_500.jpeg,6/12/24
Tomatados,EXTRACTO DE TOMATE SABORES DE AREGUA 140GR DOYPACK,Gs   1.300,https://www.stock.com.py/images/thumbs/0211714_500.jpeg,6/12/24
Tomatados,EXTRACTO DE TOMATE BIANCA 70 GR,Gs   1.550,https://www.stock.com.py/images/thumbs/0209873_500.png,6/12/24
Tomatados,EXTRACTO DE TOMATE BIANCA 140 GR,Gs   2.550,https://www.stock.com.py/images/thumbs/0209784_500.jpeg,6/12/24
Tomatados,PULPA DE TOMATE ARCOR 520 GR,Gs   6.000,https://www.stock.com.py/images/thumbs/0206454_500.jpeg,6/12/24
Tomatados,ARCOR SALSA LISTA POMAROLA 340 GR,Gs   8.200,https://www.stock.com.py/images/thumbs/0204413_500.jpeg,6/12/24
Tomatados,TOMATE TRITURADO CON ALBAHACA MUTTI 400G,Gs   15.400,https://www.stock.com.py/images/thumbs/0202836_500.jpeg,6/12/24
Tomatados,NORTE EXTRACTO DE TOMATE 220 GR,Gs   3.300,https://www.stock.com.py/images/thumbs/0201966_500.png,6/12/24
Tomatados,EXTRACTO DE TOMATE SABORES DE AREGUA 60GR,Gs   1.300,https://www.stock.com.py/images/thumbs/0201808_500.jpeg,6/12/24
Tomatados,DO?A PUPA SALSA LISTA POMAROLA 340 GR,Gs   8.200,https://www.stock.com.py/images/thumbs/0199941_500.jpeg,6/12/24
Tomatados,DO?A PUPA SALSA LISTA PIZZA 340 GR,Gs   8.200,https://www.stock.com.py/images/thumbs/0199940_500.jpeg,6/12/24
Tomatados,SALSA PARA PIZZA A BASE DE TOMATE ARCOR 340 GR,Gs   8.200,https://www.stock.com.py/images/thumbs/0199159_500.png,6/12/24
Tomatados,EXTRACTO DE TOMATE NORTE 140GR,Gs   2.250,https://www.stock.com.py/images/thumbs/0197917_500.jpeg,6/12/24
Tomatados,EXTRACTO DE TOMATE NORTE 70GR,Gs   1.450,https://www.stock.com.py/images/thumbs/0197916_500.jpeg,6/12/24
Tomatados,EXTRACTO DE TOMATE PLUS NORTE 140GR,Gs   5.500,https://www.stock.com.py/images/thumbs/0197893_500.jpeg,6/12/24
Tomatados,EXTRACTO DE TOMATE PLUS NORTE 70GR,Gs   3.500,https://www.stock.com.py/images/thumbs/0197892_500.jpeg,6/12/24
Tomatados,ARCOR PURE DE TOMATE 210 GR,Gs   4.000,https://www.stock.com.py/images/thumbs/0196665_500.jpeg,6/12/24
Tomatados,EXTRACTO DE TOMATE BON GUSTO 140GR,Gs   1.950,https://www.stock.com.py/images/thumbs/0195060_500.jpeg,6/12/24
Tomatados,EXTRACTO DE TOMATE BON GUSTO 70GR,Gs   1.250,https://www.stock.com.py/images/thumbs/0195059_500.jpeg,6/12/24
Tomatados,PURE DE TOMATE DE LA HUERTA 530GR,Gs   6.900,https://www.stock.com.py/images/thumbs/0188458_500.jpeg,6/12/24
Tomatados,SALSA POMAROLA PONTEVADRA DOY 340GR,Gs   7.000,https://www.stock.com.py/images/thumbs/0179147_500.jpeg,6/12/24
Tomatados,SALSA POMAROLA PONTEVEDRA DOY 200GR,Gs   4.500,https://www.stock.com.py/images/thumbs/0179145_500.png,6/12/24
Tomatados,PULPA DE TOMATE PONTEVEDRA TAMIZADA 1.020GR TETRA,Gs   10.500,https://www.stock.com.py/images/thumbs/0179138_500.png,6/12/24
Tomatados,EXTRACTO D/TOMATE 140GR PONTEVEDRA DOYPACK,Gs   2.650,https://www.stock.com.py/images/thumbs/0179137_500.png,6/12/24
Tomatados,EXTRACTO DE TOMATE PONTEVEDRA DOY 60GR,Gs   1.500,https://www.stock.com.py/images/thumbs/0179136_500.jpeg,6/12/24
Tomatados,PURE DE TOMATES 1030 GR DE LA HUERTA TETRA,Gs   14.600,https://www.stock.com.py/images/thumbs/0179011_500.jpeg,6/12/24
Tomatados,TOM.PEL.LA CAMPAGN LATA 400 GR,Gs   10.000,https://www.stock.com.py/images/thumbs/0178358_500.jpeg,6/12/24
Legumbres secas,POROTO SAN FRANCISCO TIVA 350 GR,Gs   12.300,https://www.stock.com.py/images/thumbs/0212294_500.jpeg,6/12/24
Legumbres secas,POROTO NEGRO FEIJAO ZAELI 1KG,Gs   18.900,https://www.stock.com.py/images/thumbs/0211842_500.png,6/12/24
Legumbres secas,GARBANZO ZAELI 500GR,Gs   27.500,https://www.stock.com.py/images/thumbs/0211756_500.png,6/12/24
Legumbres secas,LENTEJAS 500GR ZAELI PAQ,Gs   26.100,https://www.stock.com.py/images/thumbs/0211752_500.png,6/12/24
Legumbres secas,FRIJOLES NEGROS ENTEROS LA COSTEÑA 400GR,Gs   14.350,https://www.stock.com.py/images/thumbs/0195382_500.jpeg,6/12/24
Legumbres secas,SEMILLA DE CHIA 50 GR ARCO IRIS PAQ,Gs   4.650,https://www.stock.com.py/images/thumbs/0192378_500.jpeg,6/12/24
Legumbres secas,SOJA TOSTADA MOLIDA MICKEY 500GR,Gs   19.100,https://www.stock.com.py/images/thumbs/0186609_500.jpeg,6/12/24
Legumbres secas,MAIZ PARA PORORO MICKEY 400GR,Gs   7.650,https://www.stock.com.py/images/thumbs/0186606_500.jpeg,6/12/24
Legumbres secas,MAIZ PARA PORORO MICKEY 200GR,Gs   4.150,https://www.stock.com.py/images/thumbs/0186605_500.jpeg,6/12/24
Legumbres secas,POROTO SAN FRANCISCO MICKEY 500GR,Gs   14.600,https://www.stock.com.py/images/thumbs/0186593_500.jpeg,6/12/24
Legumbres secas,POROTO SAN FRANCISCO MICKEY 200GR,Gs   6.350,https://www.stock.com.py/images/thumbs/0186592_500.jpeg,6/12/24
Legumbres secas,POROTO COLORADO MICKEY 500GR,Gs   16.150,https://www.stock.com.py/images/thumbs/0186590_500.jpeg,6/12/24
Legumbres secas,POROTO COLORADO MICKEY 200GR,Gs   7.300,https://www.stock.com.py/images/thumbs/0186589_500.jpeg,6/12/24
Legumbres secas,LENTEJAS MICKEY 800GR,Gs   39.600,https://www.stock.com.py/images/thumbs/0186588_500.jpeg,6/12/24
Legumbres secas,LENTEJAS MICKEY 400GR,Gs   20.300,https://www.stock.com.py/images/thumbs/0186587_500.jpeg,6/12/24
Legumbres secas,LENTEJAS MICKEY 200GR,Gs   10.800,https://www.stock.com.py/images/thumbs/0186586_500.jpeg,6/12/24
Legumbres secas,SOJA EN GRANO MICKEY 500GR,Gs   7.500,https://www.stock.com.py/images/thumbs/0186559_500.jpeg,6/12/24
Legumbres secas,LOCRO MICKEY 800GR,Gs   11.450,https://www.stock.com.py/images/thumbs/0186557_500.jpeg,6/12/24
Legumbres secas,LOCRO MICKEY 400GR,Gs   6.200,https://www.stock.com.py/images/thumbs/0186556_500.jpeg,6/12/24
Legumbres secas,LOCRO MICKEY 200GR,Gs   3.450,https://www.stock.com.py/images/thumbs/0186555_500.jpeg,6/12/24
Legumbres secas,LOCRILLO MICKEY 800GR,Gs   13.750,https://www.stock.com.py/images/thumbs/0186554_500.jpeg,6/12/24
Legumbres secas,LOCRILLO MICKEY 400GR,Gs   7.250,https://www.stock.com.py/images/thumbs/0186553_500.jpeg,6/12/24
Legumbres secas,LOCRILLO MICKEY 200GR,Gs   4.050,https://www.stock.com.py/images/thumbs/0186552_500.jpeg,6/12/24
Legumbres secas,PROTEINA TEXTURIZADA DE SOJA MICKEY 400GR,Gs   9.450,https://www.stock.com.py/images/thumbs/0186551_500.jpeg,6/12/24
Legumbres secas,PROTEINA TEXTURIZADA DE SOJA MICKEY 200GR,Gs   4.950,https://www.stock.com.py/images/thumbs/0186550_500.jpeg,6/12/24
Legumbres secas,SEMILLA DE LINO MICKEY 25GR,Gs   1.650,https://www.stock.com.py/images/thumbs/0186528_500.jpeg,6/12/24
Legumbres secas,SEMILLAS DE CHIA 100GR BROTERRA CJA,Gs   12.650,https://www.stock.com.py/images/thumbs/0185512_500.jpeg,6/12/24
Legumbres secas,PORORO NATURAL PARA MICROONDAS PRIMICIA 90GR PAQ,Gs   6.950,https://www.stock.com.py/images/thumbs/0181984_500.jpeg,6/12/24
Plumeros,PLUMERO NRO 8 LAVA MIL,Gs   40.300,https://www.stock.com.py/images/thumbs/0202559_500.jpeg,6/12/24
Plumeros,PLUMERO NRO 2 LAVA MIL,Gs   23.200,https://www.stock.com.py/images/thumbs/0202557_500.jpeg,6/12/24
Plumeros,PLUMERO NRO 10 LAVA MIL,Gs   54.300,https://www.stock.com.py/images/thumbs/0192341_500.jpeg,6/12/24
Plumeros,PLUMERO GRANDE HOME THINGS 1UN S/E,Gs   33.900,https://www.stock.com.py/images/thumbs/noDefaultImage_stock_500.gif,6/12/24
Aire libre,JUGUETE PISTOLA P/AGUA DY REF. 1189-31A,Gs   26.900,https://www.stock.com.py/images/thumbs/0207561_500.png,6/12/24
Aire libre,JUGUETE PEPPA PIG C/ACC PICI 21685L02,Gs   355.000,https://www.stock.com.py/images/thumbs/0199323_500.jpeg,6/12/24
Aire libre,JUGUETE ALIVE PEPPA PICI 23875X00,Gs   579.500,https://www.stock.com.py/images/thumbs/0199313_500.jpeg,6/12/24
Aire libre,JILONG FLOTADOR DE 50 CM,Gs   9.900,https://www.stock.com.py/images/thumbs/0189882_500.jpeg,6/12/24
Aire libre,CHALECO SALVAVIDA U ION 41CM JILONG REF 47303 CJA,Gs   39.900,https://www.stock.com.py/images/thumbs/0170733_500.jpeg,6/12/24
Aire libre,PELOTA P/PLAYA INFLABLE SPORTS 40CM JILONG,Gs   9.900,https://www.stock.com.py/images/thumbs/0170688_500.jpeg,6/12/24
Aire libre,PILETA REDONDA 3 ANILLOS 66LTS JILONG REF 10086/1 BLIS,Gs   39.900,https://www.stock.com.py/images/thumbs/noDefaultImage_stock_500.gif,6/12/24
Aire libre,LENTE P/NATACION BLIS REF MKM908878,Gs   14.900,https://www.stock.com.py/images/thumbs/noDefaultImage_stock_500.gif,6/12/24
Aire libre,JUGUETE P/PLAYA CAMION 5P BOL MKM696118,Gs   24.900,https://www.stock.com.py/images/thumbs/noDefaultImage_stock_500.gif,6/12/24
Aire libre,JUGUETE GLOBOS MULT C/SOP DY REF 32981,Gs   24.500,https://www.stock.com.py/images/thumbs/noDefaultImage_stock_500.gif,6/12/24
Aire libre,JUGUETE PISTOLA DY P/AGUA,Gs   84.900,https://www.stock.com.py/images/thumbs/noDefaultImage_stock_500.gif,6/12/24
Aire libre,JUGUETE JGO DE TE DY C/ACCESORIOS,Gs   74.900,https://www.stock.com.py/images/thumbs/noDefaultImage_stock_500.gif,6/12/24
Aire libre,JUGUETE PALITA P/PLAYA DY,Gs   19.900,https://www.stock.com.py/images/thumbs/noDefaultImage_stock_500.gif,6/12/24
Aire libre,COLCHON INFLABLE INFANTIL DY,Gs   459.000,https://www.stock.com.py/images/thumbs/noDefaultImage_stock_500.gif,6/12/24
Aire libre,JUGUETE CARRITO P/MUN?ECA DY,Gs   34.900,https://www.stock.com.py/images/thumbs/noDefaultImage_stock_500.gif,6/12/24
Aire libre,JUGUETE CAJA REGISTRADORA DY,Gs   184.900,https://www.stock.com.py/images/thumbs/noDefaultImage_stock_500.gif,6/12/24
Aire libre,INFLADOR C/GLOBO DY  GRANDE,Gs   24.900,https://www.stock.com.py/images/thumbs/noDefaultImage_stock_500.gif,6/12/24
Aire libre,FLOTADOR INFL BESTWAY ANILLO NEON 91CM,Gs   21.900,https://www.stock.com.py/images/thumbs/noDefaultImage_stock_500.gif,6/12/24
Aire libre,JUGUETE PISTOLA D/AGUA DY REF A-118,Gs   109.900,https://www.stock.com.py/images/thumbs/noDefaultImage_stock_500.gif,6/12/24
Aire libre,JUGUETE PISTOLA D/AGUA DY REF 956,Gs   89.900,https://www.stock.com.py/images/thumbs/noDefaultImage_stock_500.gif,6/12/24
Aire libre,JUGUETE JGO D/BOLAS DY REF L130-1,Gs   69.900,https://www.stock.com.py/images/thumbs/noDefaultImage_stock_500.gif,6/12/24
Aire libre,JUGUETE CARRITO D/BEBE DY REF0881M,Gs   64.900,https://www.stock.com.py/images/thumbs/noDefaultImage_stock_500.gif,6/12/24
Aire libre,JUGUETE PISTOLA D/AGUA DY REF645,Gs   14.900,https://www.stock.com.py/images/thumbs/noDefaultImage_stock_500.gif,6/12/24
Aire libre,JUGUETE CAN?ON D/AGUA DOBLE DY REFBD025,Gs   29.900,https://www.stock.com.py/images/thumbs/noDefaultImage_stock_500.gif,6/12/24
Aire libre,PILOTIN DIS VRIOS DY REF 5759,Gs   7.500,https://www.stock.com.py/images/thumbs/noDefaultImage_stock_500.gif,6/12/24
Aire libre,JUGUETE PISTOLA P/AGUA DY REF WG-14,Gs   49.900,https://www.stock.com.py/images/thumbs/noDefaultImage_stock_500.gif,6/12/24
Aire libre,JUGUETE PISTOLA P/AGUA DY REF MKL674141,Gs   24.900,https://www.stock.com.py/images/thumbs/noDefaultImage_stock_500.gif,6/12/24
Aire libre,JUGUETE PISTOLA DE AGUA  DY MKJ028231,Gs   39.900,https://www.stock.com.py/images/thumbs/noDefaultImage_stock_500.gif,6/12/24
Placas/Cocinas,PLACA D/COCINA 1HOR NEG DAYO REF HP3106,Gs   129.900,https://www.stock.com.py/images/thumbs/0208496_500.jpeg,6/12/24
Shampoo,SHAMPOO OLEO NUTRICION 400ML DOVE PLAS,Gs   42.500,https://www.stock.com.py/images/thumbs/0211629_500.jpeg,6/12/24
Shampoo,SHAMPOO RECONSTRUCCION COMPLETA DOVE 200ML,Gs   24.450,https://www.stock.com.py/images/thumbs/0211621_500.jpeg,6/12/24
Shampoo,DOVE SHAMPOO REGENERACION EXTREMA 200 ML,Gs   24.550,https://www.stock.com.py/images/thumbs/0211620_500.jpeg,6/12/24
Shampoo,SHAMPOO REGENERACION EXTREMA DOVE 400ML FCO,Gs   42.500,https://www.stock.com.py/images/thumbs/0211617_500.jpeg,6/12/24
Shampoo,SHAMPOO DOVE THERAPY X 400 ML,Gs   42.300,https://www.stock.com.py/images/thumbs/0211615_500.jpeg,6/12/24
Shampoo,SHAMPOO MANZANILLA Y MAGNOLA ALGABO 930M,Gs   14.900,https://www.stock.com.py/images/thumbs/0209405_500.jpeg,6/12/24
Shampoo,SHAMPOO ACIDO HIALURONICO NUTRILEA 340 ML,Gs   21.400,https://www.stock.com.py/images/thumbs/0209048_500.jpeg,6/12/24
Shampoo,SHAMPOO ACIDO HIALURONICO NUTRILEA 190 ML,Gs   13.900,https://www.stock.com.py/images/thumbs/0209033_500.png,6/12/24
Shampoo,DOVE NUTRITIVE SOLUTIONS SHAMPOO HIDRA-LISO 400 ML,Gs   42.500,https://www.stock.com.py/images/thumbs/0208926_500.png,6/12/24
Shampoo,SHAMPOO HIDRATACION INTENSA 400ML DOVE FCO,Gs   42.500,https://www.stock.com.py/images/thumbs/0208922_500.png,6/12/24
Shampoo,SEDAL CO-CREATIONS SHAMPOO LISO PERFECTO 190 ML,Gs   15.400,https://www.stock.com.py/images/thumbs/0208803_500.jpeg,6/12/24
Shampoo,DOVE SHAMPOO RITUAL DE REPARACION ACEITE DE COCO Y CURCUMA 400 ML,Gs   42.500,https://www.stock.com.py/images/thumbs/0208633_500.png,6/12/24
Shampoo,SHAMPOO FORTALEC/CAIDA RESISTL'OREAL370M,Gs   46.200,https://www.stock.com.py/images/thumbs/0208255_500.jpeg,6/12/24
Shampoo,SHAMPOO HERBOLARIA TIO NACHO 200ML,Gs   43.000,https://www.stock.com.py/images/thumbs/0207493_500.jpeg,6/12/24
Shampoo,SHAMPOO NUTRICION 340ML/ACONDICIONADOR  NUTRILEA KIT 190ML,Gs   21.400,https://www.stock.com.py/images/thumbs/0207480_500.jpeg,6/12/24
Shampoo,SHAMPOO RECONST 340ML/ACONDICIONADOR NUTRILEA  KIT 190ML,Gs   21.400,https://www.stock.com.py/images/thumbs/0207478_500.jpeg,6/12/24
Shampoo,PANTENE PRO-V BAMBU NUTRE & CRECE PACK SHAMPOO 400 ML + ACONDICIONADOR 200 ML GRATIS,Gs   42.400,https://www.stock.com.py/images/thumbs/0207109_500.png,6/12/24
Shampoo,SHAMPOO OLEO D/BOSWELLIA PLUSBELLE 700ML,Gs   23.500,https://www.stock.com.py/images/thumbs/0206955_500.jpeg,6/12/24
Shampoo,SHAMPOO OLEO D/ABISINIA PLUSBELLE 700 ML,Gs   23.500,https://www.stock.com.py/images/thumbs/0206954_500.jpeg,6/12/24
Shampoo,SHAMPOO 340ML Y1 ACOND/ SEDAL 190ML,Gs   23.550,https://www.stock.com.py/images/thumbs/0206477_500.jpeg,6/12/24
Shampoo,SEDAL CO-CREATIONS SHAMPOO LISO PERFECTO 650 ML,Gs   36.150,https://www.stock.com.py/images/thumbs/0206055_500.png,6/12/24
Shampoo,SHAMPOO CLASICO JOHNSONS BABY 400ML,Gs   23.500,https://www.stock.com.py/images/thumbs/0205365_500.jpeg,6/12/24
Shampoo,SHAMPOO ICE COOL MENHTOL 400ML/REGALO 200ML CLEAR PACK,Gs   45.500,https://www.stock.com.py/images/thumbs/0204988_500.jpeg,6/12/24
Shampoo,SEDAL SHAMPOO CONTROL CASPA 340 ML,Gs   23.550,https://www.stock.com.py/images/thumbs/0204954_500.jpeg,6/12/24
Shampoo,SEDAL SHAMPOO CERAMIDAS 190 ML,Gs   15.400,https://www.stock.com.py/images/thumbs/0204953_500.jpeg,6/12/24
Shampoo,SHAMPOO INFUSION DE COLAGENO NOVEX 300ML,Gs   23.900,https://www.stock.com.py/images/thumbs/0203583_500.jpeg,6/12/24
Shampoo,SHAMPOO ACEITE DE COCO NOVEX 300ML,Gs   23.900,https://www.stock.com.py/images/thumbs/0203582_500.jpeg,6/12/24
Shampoo,SHAMPOO QUERATINA BRASILEÑA 300ML NOVEX,Gs   23.900,https://www.stock.com.py/images/thumbs/0203580_500.jpeg,6/12/24
Tostadas,GALLETAS DE MAIZ HORNEADAS SALMAS 144GR SANISSIMO CJA,Gs   14.300,https://www.stock.com.py/images/thumbs/0212347_500.png,6/12/24
Tostadas,TOSTADAS CLASICAS MAZZEI 142 GR,Gs   7.800,https://www.stock.com.py/images/thumbs/0208088_500.jpeg,6/12/24
Tostadas,AVATINAS GALLETITAS DE MAIZ HORNEADAS 30 UNIDADES 180 GR,Gs   20.000,https://www.stock.com.py/images/thumbs/0205511_500.jpeg,6/12/24
Tostadas,MARETTI TOSTADITAS SABOR AJOS ASADOS 70 GR,Gs   8.900,https://www.stock.com.py/images/thumbs/0205400_500.jpeg,6/12/24
Tostadas,TOSTADA MULTIGRANOS BAUDUCCO 142GR,Gs   7.900,https://www.stock.com.py/images/thumbs/0202709_500.jpeg,6/12/24
Tostadas,TOSTADAS INTEGRAL BAUDUCCO 142GR,Gs   7.900,https://www.stock.com.py/images/thumbs/0193441_500.jpeg,6/12/24
Tostadas,TOSTADA CLASICA BAUDUCCO 142GR,Gs   7.900,https://www.stock.com.py/images/thumbs/0193440_500.jpeg,6/12/24
Tostadas,MARETTI TOSTADITAS SABOR TOMATE OLIVA Y OREGANO 70 GR,Gs   8.900,https://www.stock.com.py/images/thumbs/0189194_500.jpeg,6/12/24
Tostadas,MOLINOS DEL BOSQUE TOSTADAS DE ARROZ SABOR VAINILLA 150 GR,Gs   11.800,https://www.stock.com.py/images/thumbs/0183664_500.jpeg,6/12/24
Tostadas,MOLINOS DEL BOSQUE TOSTADAS DE ARROZ SIN SAL 150 GR,Gs   11.800,https://www.stock.com.py/images/thumbs/0183662_500.jpeg,6/12/24
Tostadas,MOLINOS DEL BOSQUE TOSTADAS DE ARROZ SABOR ORIGINAL 150 GR,Gs   11.800,https://www.stock.com.py/images/thumbs/0183660_500.jpeg,6/12/24
Mariscos,CAMARON CONG CRUDO GRANDE MARITIMA 500GR BSA,Gs   81.000,https://www.stock.com.py/images/thumbs/0176919_500.png,6/12/24
Mariscos,CAMARON CONG CRUDO CHICO MARITIMA 500GR BSA,Gs   59.700,https://www.stock.com.py/images/thumbs/0176918_500.png,6/12/24
Mariscos,SALMON KETA E/V X KG ,Gs   170.550,https://www.stock.com.py/images/thumbs/0173835_500.jpeg,6/12/24
Mariscos,MEJILLONES OCEANICA CON C,Gs   22.000,https://www.stock.com.py/images/thumbs/0165582_500.jpeg,6/12/24
Mariscos,CAMARON OCEANICA 500 GR 7,Gs   51.000,https://www.stock.com.py/images/thumbs/0165577_500.jpeg,6/12/24
Mariscos,PAELLA OCEANICA 800 GR DE,Gs   65.600,https://www.stock.com.py/images/thumbs/0151661_500.jpeg,6/12/24
Mariscos,COLA DE CAMARON OCEANICA 5,Gs   66.000,https://www.stock.com.py/images/thumbs/0151658_500.jpeg,6/12/24
Toallitas Humedas,TOALLITA HUMEDA PURO & NATURAL HUGGIES 80UNID,Gs   53.250,https://www.stock.com.py/images/thumbs/0209237_500.jpeg,6/12/24
Toallitas Humedas,TOALLITA HUMEDA PURO & NATURAL HUGGIES 48UNID,Gs   35.400,https://www.stock.com.py/images/thumbs/0209236_500.jpeg,6/12/24
Toallitas Humedas,TOALLITA HUMEDA OLEO CALCAREO HUGGIES 48UNID,Gs   33.700,https://www.stock.com.py/images/thumbs/0209235_500.jpeg,6/12/24
Toallitas Humedas,TOALLITA HUMEDA CUIDADO 4 EN 1 HUGGIES 48UNID,Gs   22.350,https://www.stock.com.py/images/thumbs/0209234_500.jpeg,6/12/24
Toallitas Humedas,HUGGIES TRIPLE PROTECCION TOALLITAS HUMEDAS 96 UNIDADES,Gs   23.650,https://www.stock.com.py/images/thumbs/0209233_500.jpeg,6/12/24
Toallitas Humedas,TOALLITA HUM TRIP/PROTECCION 48UN HUGGIE,Gs   13.150,https://www.stock.com.py/images/thumbs/0209232_500.jpeg,6/12/24
Toallitas Humedas,TOALLITAS HUM SURT DODDY PAGUE 2 LLEVE 3,Gs   17.600,https://www.stock.com.py/images/thumbs/0208674_500.jpeg,6/12/24
Toallitas Humedas,TOALLITA HUMED PIEL SENSIBLE DODDY 100UN,Gs   14.800,https://www.stock.com.py/images/thumbs/0208611_500.jpeg,6/12/24
Toallitas Humedas,TOALLITAS HUMEDAS DODDY 50 UNIDADES,Gs   8.800,https://www.stock.com.py/images/thumbs/0208610_500.jpeg,6/12/24
Toallitas Humedas,SPRAY ANTIMOSQUITOS CITRONELA RICITOS DE ORO 100ML FCO,Gs   31.200,https://www.stock.com.py/images/thumbs/0202396_500.jpeg,6/12/24
Toallitas Humedas,JOHNSON-S BABY JABON LIQUIDO PARA BA?O ANTES DE DORMIR 200 ML,Gs   28.800,https://www.stock.com.py/images/thumbs/0199576_500.jpeg,6/12/24
Toallitas Humedas,JOHNSON-S BABY JABON LIQUIDO PARA BA?O CON GLICERINA 200 ML,Gs   18.650,https://www.stock.com.py/images/thumbs/0199575_500.jpeg,6/12/24
Toallitas Humedas,TOALLITAS HUMEDAS PREVEX BABY DERMO 72UNID,Gs   23.000,https://www.stock.com.py/images/thumbs/0198421_500.jpeg,6/12/24
Toallitas Humedas,AGUBABY TOALLITAS HUMEDAS CON ALOE VERA Y MANZANILLA 100 UNIDADES,Gs   13.850,https://www.stock.com.py/images/thumbs/0197020_500.jpeg,6/12/24
Toallitas Humedas,AGUBABY TOALLITAS HUMEDAS CON ALOE VERA Y MANZANILLA 50 UNIDADES,Gs   8.250,https://www.stock.com.py/images/thumbs/0197019_500.jpeg,6/12/24
Toallitas Humedas,JABON PARA BEBE 80 GR ALGABO BABY,Gs   6.400,https://www.stock.com.py/images/thumbs/0191148_500.jpeg,6/12/24
Toallitas Humedas,TOALLITAS HUMEDAS AGUBABY 50UNID,Gs   8.250,https://www.stock.com.py/images/thumbs/0188504_500.jpeg,6/12/24
Toallitas Humedas,JABON LIQ ALGABO BABY TIERNAS COSQUILLAS 200ML FCO,Gs   10.900,https://www.stock.com.py/images/thumbs/0183290_500.jpeg,6/12/24
Toallitas Humedas,TOALLITAS HUMEDAS C/MANZANILLA 100 UN DODDY,Gs   14.800,https://www.stock.com.py/images/thumbs/0173359_500.jpeg,6/12/24
Toallitas Humedas,TOALLITAS HUMEDAS CON VITAMINA E 100UN DODDY PAQ,Gs   14.800,https://www.stock.com.py/images/thumbs/0173356_500.jpeg,6/12/24
Toallitas Humedas,TOALLITAS HUMEDAS CON ALOE VERA 100UN DODDY PAQ,Gs   14.800,https://www.stock.com.py/images/thumbs/0173355_500.jpeg,6/12/24
Toallitas Humedas,TOALLITAS HUMEDAS CON AVENA 50UN DODDY PAQ,Gs   8.800,https://www.stock.com.py/images/thumbs/0173354_500.jpeg,6/12/24
Toallitas Humedas,TOALLITAS HUMEDAS CON VITAMINA E 50UN DODDY PAQ,Gs   8.800,https://www.stock.com.py/images/thumbs/0173353_500.jpeg,6/12/24
Toallitas Humedas,TOALLITAS HUMEDAS CON ALOE VERA 50UN DODDY PAQ,Gs   8.800,https://www.stock.com.py/images/thumbs/0173352_500.jpeg,6/12/24
Toallitas Humedas,TOALLITAS HUMEDAS SIN ALCOHOL 100UN AGUBABY PAQ,Gs   13.850,https://www.stock.com.py/images/thumbs/0165893_500.jpeg,6/12/24
Cuidado y Limpieza,LIMPIA VIDRIOS ANTIEMPAN?ANTE 200 ML C/G,Gs   27.100,https://www.stock.com.py/images/thumbs/0212714_500.png,11/12/24
Cuidado y Limpieza,AROMATIZANTE MINI GEL LAVANDA CAR 70GR GLADE LATA,Gs   13.900,https://www.stock.com.py/images/thumbs/0212444_500.jpeg,11/12/24
Cuidado y Limpieza,LIMPIA NEUMATICOS CLASSIC 500 ML PROAUTO,Gs   25.100,https://www.stock.com.py/images/thumbs/0202771_500.jpeg,11/12/24
Cuidado y Limpieza,PROTECTOR P/ CUERO C/ GATILLO 200ML PROA,Gs   29.350,https://www.stock.com.py/images/thumbs/0202769_500.jpeg,11/12/24
Cuidado y Limpieza,LIMPIA VIDRIOS PERFUMADO AUTOCRAFT 500 M,Gs   17.500,https://www.stock.com.py/images/thumbs/0202727_500.jpeg,11/12/24
Cuidado y Limpieza,LIMPIA NEUMATICOS AUTOCRAFT 500 ML PROAU,Gs   20.200,https://www.stock.com.py/images/thumbs/0202726_500.jpeg,11/12/24
Cuidado y Limpieza,SILICONA DE SECADO RAPIDO PERFUMADO 120,Gs   18.200,https://www.stock.com.py/images/thumbs/0202725_500.jpeg,11/12/24
Cuidado y Limpieza,CERA EN PASTA TRADICIONAL 200 GR PROAUTO,Gs   30.350,https://www.stock.com.py/images/thumbs/0202724_500.jpeg,11/12/24
Cuidado y Limpieza,LAVA AUTOS CON CERA 500 ML PROAUTO PET,Gs   27.300,https://www.stock.com.py/images/thumbs/0202723_500.jpeg,11/12/24
Cuidado y Limpieza,SILICONA EN AEROSOL AQUA SPORT REVIGAL 440cm3,Gs   43.500,https://www.stock.com.py/images/thumbs/0198474_500.jpeg,11/12/24
Cuidado y Limpieza,REVIVIDOR DE COLOR NEGRO REVIGAL 490cm3,Gs   31.350,https://www.stock.com.py/images/thumbs/0198473_500.jpeg,11/12/24
Cuidado y Limpieza,AROMATIZANTE GEL FRESA 60 GR PROAUTO FCO,Gs   13.650,https://www.stock.com.py/images/thumbs/0193881_500.jpeg,11/12/24
Cuidado y Limpieza,CARFRESH EROTIC AROMATIZANTE PARA AUTO DE MARACUYA 75 CC,Gs   15.000,https://www.stock.com.py/images/thumbs/0192611_500.jpeg,11/12/24
Cuidado y Limpieza,CARFRESH AROMATIZANTE PARA AUTO CUERO CHOCOLATE 75 ML,Gs   15.000,https://www.stock.com.py/images/thumbs/0192607_500.jpeg,11/12/24
Cuidado y Limpieza,SILICONA PERFUMADA AMERICA PARA AUTO CENTRALSUL 400ML,Gs   28.900,https://www.stock.com.py/images/thumbs/0186732_500.jpeg,11/12/24
Cuidado y Limpieza,SILICONA PERFUMADA PARA AUTO EN AEROSOL CENTRALSUL 400ML,Gs   38.650,https://www.stock.com.py/images/thumbs/0186728_500.jpeg,11/12/24
Cuidado y Limpieza,SILICONA JIMO GEL 200 GR,Gs   21.000,https://www.stock.com.py/images/thumbs/0185139_500.jpeg,11/12/24
Cuidado y Limpieza,SILICONA GEL PERFUMADO 150 GR PROAUTO PET,Gs   20.200,https://www.stock.com.py/images/thumbs/0185128_500.jpeg,11/12/24
Cuidado y Limpieza,ESPONJA DE LIMPIEZA PROAUTO BLIS,Gs   28.350,https://www.stock.com.py/images/thumbs/0185123_500.jpeg,11/12/24
Cuidado y Limpieza,LIMPIA NEUMATICOS ACTIVA GLOSS 500 ML PROAUTO,Gs   31.550,https://www.stock.com.py/images/thumbs/0185119_500.jpeg,11/12/24
Cuidado y Limpieza,AROMATIZANTE GEL TALCO 60 GR PROAUTO FCO,Gs   13.650,https://www.stock.com.py/images/thumbs/0185039_500.jpeg,11/12/24
Cuidado y Limpieza,AROMATIZANTE GEL NUEVO 60 GR PROAUTO FCO,Gs   13.650,https://www.stock.com.py/images/thumbs/0185037_500.jpeg,11/12/24
Cuidado y Limpieza,AROMATIZANTE BREEZE CAR FRESH 6.5 GR PROAUTO BLIS,Gs   19.200,https://www.stock.com.py/images/thumbs/0185035_500.jpeg,11/12/24
Cuidado y Limpieza,AROMATIZANTE BREEZE SEN. AMORE 6.5 GR PROAUTO BLIS,Gs   19.200,https://www.stock.com.py/images/thumbs/0185033_500.jpeg,11/12/24
Aire libre,JUGUETE PISTOLA P/AGUA DY REF. 1189-31A,Gs   26.900,https://www.stock.com.py/images/thumbs/0207561_500.png,11/12/24
Aire libre,JILONG FLOTADOR DE 50 CM,Gs   9.900,https://www.stock.com.py/images/thumbs/0189882_500.jpeg,11/12/24
Aire libre,CHALECO SALVAVIDA U ION 41CM JILONG REF 47303 CJA,Gs   39.900,https://www.stock.com.py/images/thumbs/0170733_500.jpeg,11/12/24
Aire libre,PELOTA P/PLAYA INFLABLE SPORTS 40CM JILONG,Gs   9.900,https://www.stock.com.py/images/thumbs/0170688_500.jpeg,11/12/24
Aire libre,PILETA REDONDA 3 ANILLOS 66LTS JILONG REF 10086/1 BLIS,Gs   39.900,https://www.stock.com.py/images/thumbs/noDefaultImage_stock_500.gif,11/12/24
Aire libre,LENTE P/NATACION BLIS REF MKM908878,Gs   14.900,https://www.stock.com.py/images/thumbs/noDefaultImage_stock_500.gif,11/12/24
Aire libre,JUGUETE P/PLAYA CAMION 5P BOL MKM696118,Gs   24.900,https://www.stock.com.py/images/thumbs/noDefaultImage_stock_500.gif,11/12/24
Aire libre,JUGUETE GLOBOS MULT C/SOP DY REF 32981,Gs   24.500,https://www.stock.com.py/images/thumbs/noDefaultImage_stock_500.gif,11/12/24
Aire libre,JUGUETE PISTOLA DY P/AGUA,Gs   84.900,https://www.stock.com.py/images/thumbs/noDefaultImage_stock_500.gif,11/12/24
Aire libre,JUGUETE JGO DE TE DY C/ACCESORIOS,Gs   74.900,https://www.stock.com.py/images/thumbs/noDefaultImage_stock_500.gif,11/12/24
Aire libre,JUGUETE PALITA P/PLAYA DY,Gs   19.900,https://www.stock.com.py/images/thumbs/noDefaultImage_stock_500.gif,11/12/24
Aire libre,COLCHON INFLABLE INFANTIL DY,Gs   459.000,https://www.stock.com.py/images/thumbs/noDefaultImage_stock_500.gif,11/12/24
Aire libre,JUGUETE CARRITO P/MUN?ECA DY,Gs   34.900,https://www.stock.com.py/images/thumbs/noDefaultImage_stock_500.gif,11/12/24
Aire libre,JUGUETE CAJA REGISTRADORA DY,Gs   184.900,https://www.stock.com.py/images/thumbs/noDefaultImage_stock_500.gif,11/12/24
Aire libre,INFLADOR C/GLOBO DY  GRANDE,Gs   24.900,https://www.stock.com.py/images/thumbs/noDefaultImage_stock_500.gif,11/12/24
Aire libre,FLOTADOR INFL BESTWAY ANILLO NEON 91CM,Gs   21.900,https://www.stock.com.py/images/thumbs/noDefaultImage_stock_500.gif,11/12/24
Aire libre,JUGUETE PISTOLA D/AGUA DY REF A-118,Gs   109.900,https://www.stock.com.py/images/thumbs/noDefaultImage_stock_500.gif,11/12/24
Aire libre,JUGUETE PISTOLA D/AGUA DY REF 956,Gs   89.900,https://www.stock.com.py/images/thumbs/noDefaultImage_stock_500.gif,11/12/24
Aire libre,JUGUETE JGO D/BOLAS DY REF L130-1,Gs   69.900,https://www.stock.com.py/images/thumbs/noDefaultImage_stock_500.gif,11/12/24
Aire libre,JUGUETE CARRITO D/BEBE DY REF0881M,Gs   64.900,https://www.stock.com.py/images/thumbs/noDefaultImage_stock_500.gif,11/12/24
Aire libre,JUGUETE PISTOLA D/AGUA DY REF645,Gs   14.900,https://www.stock.com.py/images/thumbs/noDefaultImage_stock_500.gif,11/12/24
Aire libre,JUGUETE CAN?ON D/AGUA DOBLE DY REFBD025,Gs   29.900,https://www.stock.com.py/images/thumbs/noDefaultImage_stock_500.gif,11/12/24
Aire libre,PILOTIN DIS VRIOS DY REF 5759,Gs   7.500,https://www.stock.com.py/images/thumbs/noDefaultImage_stock_500.gif,11/12/24
Aire libre,JUGUETE PISTOLA P/AGUA DY REF WG-14,Gs   49.900,https://www.stock.com.py/images/thumbs/noDefaultImage_stock_500.gif,11/12/24
Aire libre,JUGUETE PISTOLA P/AGUA DY REF MKL674141,Gs   24.900,https://www.stock.com.py/images/thumbs/noDefaultImage_stock_500.gif,11/12/24
Aire libre,JUGUETE PISTOLA DE AGUA  DY MKJ028231,Gs   39.900,https://www.stock.com.py/images/thumbs/noDefaultImage_stock_500.gif,11/12/24
Aire libre,JUGUETE PISTOLA DE AGUA DY MKK280941,Gs   39.900,https://www.stock.com.py/images/thumbs/noDefaultImage_stock_500.gif,11/12/24
Aire libre,JUGUETE PELOTA DE 30UN PLAS DY MKL764519,Gs   24.900,https://www.stock.com.py/images/thumbs/noDefaultImage_stock_500.gif,11/12/24
Aguardientes,SPRITZ 750/ESPU/DEMISEC LIVENZA PACK 750,Gs   85.000,https://www.stock.com.py/images/thumbs/0208986_500.jpeg,11/12/24
Aguardientes,COCTEL GASIFICADO TONIC CITR FORTIN 269M,Gs   5.500,https://www.stock.com.py/images/thumbs/0208193_500.jpeg,11/12/24
Aguardientes,COCTEL GASIFICADO RON/COLA FORTIN 269 ML,Gs   5.500,https://www.stock.com.py/images/thumbs/0208192_500.jpeg,11/12/24
Aguardientes,APERITIVO SPIRITS ITALIAN BENGALA D/275M,Gs   6.500,https://www.stock.com.py/images/thumbs/0207979_500.jpeg,11/12/24
Aguardientes,OJITO BENGALA SPIRITS DE 275 ML,Gs   6.500,https://www.stock.com.py/images/thumbs/0207978_500.jpeg,11/12/24
Aguardientes,GIN TONIC BENGALA SPIRITS DE 275 ML,Gs   6.500,https://www.stock.com.py/images/thumbs/0207977_500.jpeg,11/12/24
Aguardientes,BEBIDA MIXTA VODKA/POMELO DR. LEMON 473M,Gs   7.000,https://www.stock.com.py/images/thumbs/0207959_500.jpeg,11/12/24
Aguardientes,VINO TINTO SUAVE CANCAO SERRA GAUCHA 1L,Gs   30.000,https://www.stock.com.py/images/thumbs/0201229_500.jpeg,11/12/24
Aguardientes,VINO TINTO SUAV CANCAO SERRA GAUCHA 750M,Gs   23.500,https://www.stock.com.py/images/thumbs/0201228_500.jpeg,11/12/24
Aguardientes,GIN 750ML BEEFEATER BOT ,Gs   121.000,https://www.stock.com.py/images/thumbs/0196181_500.jpeg,11/12/24
Aguardientes,GIN TONIC TANQUERAY 750ML,Gs   130.000,https://www.stock.com.py/images/thumbs/0185561_500.jpeg,11/12/24
Aguardientes,PISCO ESPECIAL 750ML CAPEL BOTELLA,Gs   65.000,https://www.stock.com.py/images/thumbs/0179900_500.jpeg,11/12/24
Aguardientes,APERITIVO APEROL 750ML,Gs   87.000,https://www.stock.com.py/images/thumbs/0179084_500.png,11/12/24
Aguardientes,GIN 750ML BOMBAY SAPPHIRE BOT,Gs   145.000,https://www.stock.com.py/images/thumbs/0173047_500.jpeg,11/12/24
Aguardientes,GIN ROCKS SECO 1LT,Gs   41.050,https://www.stock.com.py/images/thumbs/0155355_500.jpeg,11/12/24
Aguardientes,COCTEL GASIFICADO FRESHCOCO FORTIN 269ML,Gs   5.500,https://www.stock.com.py/images/thumbs/noDefaultImage_stock_500.gif,11/12/24
Comercial,TALONARIO DE RECIBO GS 100 HOJAS ALAMO S/E,Gs   8.150,https://www.stock.com.py/images/thumbs/0202238_500.jpeg,11/12/24
Comercial,PTE.PAGARE EN G SIN COLOR X20,Gs   7.300,https://www.stock.com.py/images/thumbs/0166340_500.png,11/12/24
Lamparas Varias,PORTA LAMPARA  TIPO PLAFON BASE MEDIANA SUPERUTIL BLI,Gs   10.900,https://www.stock.com.py/images/thumbs/0185281_500.jpeg,11/12/24
Lamparas Varias,PORTA LAMPARA TIPO PLAFON DECORATIVO SUPERUTIL,Gs   11.600,https://www.stock.com.py/images/thumbs/0185280_500.jpeg,11/12/24
Lamparas Varias,PORTALAMPARA 1 UN COMUN,Gs   6.100,https://www.stock.com.py/images/thumbs/0158207_500.jpeg,11/12/24
Talcos,REXONA EFFICIENT TALCO PARA PIES 100 GR,Gs   13.300,https://www.stock.com.py/images/thumbs/0203510_500.jpeg,11/12/24
Talcos,REXONA EFFICIENT FRESH DESODORANTE PARA PIES EN AEROSOL 153 ML,Gs   28.300,https://www.stock.com.py/images/thumbs/0199812_500.jpeg,11/12/24
Talcos,TALCO SEDIZADO CAPRICE TOTAL FRESH 125GR,Gs   11.550,https://www.stock.com.py/images/thumbs/0198987_500.jpeg,11/12/24
Talcos,TALCO PÉDICO DESODORANTE HOMBRE TOTAL FRESH 125GR,Gs   12.100,https://www.stock.com.py/images/thumbs/0198977_500.jpeg,11/12/24
Talcos,TALCO SEDIZADO BOUQUET TOTAL FRESH 125GR,Gs   11.550,https://www.stock.com.py/images/thumbs/0198967_500.jpeg,11/12/24
Talcos,TALCO SEDIZADO SPORTIF TOTAL FRESH 125GR,Gs   11.550,https://www.stock.com.py/images/thumbs/0198966_500.jpeg,11/12/24
Talcos,POLVO DE FECULA PARA NIÑOS JUNIOR'S POLYANA 125GR,Gs   12.100,https://www.stock.com.py/images/thumbs/0198777_500.jpeg,11/12/24
Talcos,TALCO PEDICO TOTAL FRESH MENTOLADO POLYANA 125GR,Gs   12.100,https://www.stock.com.py/images/thumbs/0198776_500.jpeg,11/12/24
Talcos,DESODORANTE FUNGIC P/PIES ZAPAT BIS 150CC,Gs   24.000,https://www.stock.com.py/images/thumbs/0196857_500.jpeg,11/12/24
Talcos,POLVO PEDICO DERMAFAR NF 100GR,Gs   20.850,https://www.stock.com.py/images/thumbs/0188485_500.jpeg,11/12/24
Talcos,DESODORANTE SACK POLVO PARA PIE 80 GR,Gs   11.900,https://www.stock.com.py/images/thumbs/0186118_500.jpeg,11/12/24
Talcos,DESODORANTE CAROLINE PEDICO POLV.80 GR,Gs   11.500,https://www.stock.com.py/images/thumbs/0186117_500.jpeg,11/12/24
Talcos,TALCO PERFUMADO CORPORAL CAROLINE,Gs   12.900,https://www.stock.com.py/images/thumbs/0186116_500.jpeg,11/12/24
Talcos,TALCO PERFUMADO CORPORAL CAROLINE,Gs   12.900,https://www.stock.com.py/images/thumbs/0186115_500.jpeg,11/12/24
Talcos,TALCO PERFUMADO CORPORAL CAROLINE,Gs   12.900,https://www.stock.com.py/images/thumbs/0186114_500.jpeg,11/12/24
Talcos,DESODORANTE PEDICO AEROSOL SACK 150ml,Gs   23.600,https://www.stock.com.py/images/thumbs/0186112_500.jpeg,11/12/24
Talcos,DESODORANT ANTITRANSPIRANTE PARA PIES 153ML ALGABO,Gs   26.000,https://www.stock.com.py/images/thumbs/0184749_500.jpeg,11/12/24
Talcos,TALCO ALGABO FRASCO 250 ML FLORAL,Gs   12.500,https://www.stock.com.py/images/thumbs/0184738_500.jpeg,11/12/24
Talcos,TALCO PEDICO SALICILATO 100GR DR WELLS FCO,Gs   10.550,https://www.stock.com.py/images/thumbs/0173365_500.jpeg,11/12/24
Talcos,TALCO PEDICO 100GR DR. WELLS FCO,Gs   10.550,https://www.stock.com.py/images/thumbs/0173362_500.jpeg,11/12/24
Talcos,TALCO PEDICO LADY 80GR DR. WELLS,Gs   10.550,https://www.stock.com.py/images/thumbs/0173361_500.jpeg,11/12/24
Talcos,TALCO PEDICO DR WELLS MENTA 80GR,Gs   10.550,https://www.stock.com.py/images/thumbs/0173360_500.jpeg,11/12/24
Talcos,TALCO ALGABO FTALCO ALGABO FRASCO 250 GR AMBRACO 250 GR,Gs   12.500,https://www.stock.com.py/images/thumbs/0159079_500.jpeg,11/12/24
Talcos,TALCO XANAPIE MAXIMA PROTEC 105GR,Gs   16.100,https://www.stock.com.py/images/thumbs/0142829_500.jpeg,11/12/24
Talcos,TALCO XANAPIE PEDICO SPECIAL 105GR,Gs   14.300,https://www.stock.com.py/images/thumbs/0142828_500.jpeg,11/12/24
Talcos,TALCO XANAPIE PEDICO NORMAL,Gs   10.750,https://www.stock.com.py/images/thumbs/0142825_500.jpeg,11/12/24
Talcos,COLONIA ALGABO FRASCO 500 ML TIPO,Gs   28.500,https://www.stock.com.py/images/thumbs/0112997_500.jpeg,11/12/24
Tampones,KOTEX TAMPONES FEMENINOS SUPER 12 UNIDADES,Gs   20.000,https://www.stock.com.py/images/thumbs/0209222_500.png,11/12/24
Tampones,TAMPONES FEMENINOS MEDIO KOTEX 12UN,Gs   21.000,https://www.stock.com.py/images/thumbs/0209221_500.png,11/12/24
Caldos/Sopas/Pure,PURE DE PAPA ORIGINAL MAGGI 125 GR,Gs   15.500,https://www.stock.com.py/images/thumbs/0207980_500.jpeg,11/12/24
Caldos/Sopas/Pure,SOPA CREMA VEGETALES 60GR KNORR,Gs   11.100,https://www.stock.com.py/images/thumbs/0204451_500.jpeg,11/12/24
Caldos/Sopas/Pure,KNORR PURE PAPAS RECETA COMPLETA LISTA 125 GR,Gs   17.050,https://www.stock.com.py/images/thumbs/0203603_500.jpeg,11/12/24
Caldos/Sopas/Pure,CALDO D/VERDURAS DESHIDRATADO 12UN MAGGI,Gs   10.000,https://www.stock.com.py/images/thumbs/0200531_500.jpeg,11/12/24
Caldos/Sopas/Pure,PURE DE PAPAS INSTANTANEO KNORR 125GR,Gs   15.900,https://www.stock.com.py/images/thumbs/0198784_500.jpeg,11/12/24
Caldos/Sopas/Pure,KNORR SOPA CREMA ZAPALLO CON NUEZ MOSCADA 70 GR,Gs   11.100,https://www.stock.com.py/images/thumbs/0196780_500.jpeg,11/12/24
Caldos/Sopas/Pure,"KNORR SOPA DE VEGETALES CON CARACOLITOS TRICOLOR 107,5 GR",Gs   11.100,https://www.stock.com.py/images/thumbs/0196776_500.jpeg,11/12/24
Caldos/Sopas/Pure,CALDO DE GALLINA KNORR 12UNID,Gs   10.400,https://www.stock.com.py/images/thumbs/0195337_500.jpeg,11/12/24
Caldos/Sopas/Pure,CALDO DE GALLINA KNORR 6UNID,Gs   6.250,https://www.stock.com.py/images/thumbs/0195336_500.jpeg,11/12/24
Caldos/Sopas/Pure,CALDO DE CARNE KNORR 12UNID,Gs   10.400,https://www.stock.com.py/images/thumbs/0195329_500.jpeg,11/12/24
Caldos/Sopas/Pure,CALDO DE CARNE KNORR 6UNID,Gs   6.250,https://www.stock.com.py/images/thumbs/0195328_500.jpeg,11/12/24
Caldos/Sopas/Pure,PURE DE PAPAS BIANCA 125GR,Gs   8.900,https://www.stock.com.py/images/thumbs/0188472_500.jpeg,11/12/24
Caldos/Sopas/Pure,PURE DE PAPAS BIANCA 400GR,Gs   21.900,https://www.stock.com.py/images/thumbs/0188470_500.jpeg,11/12/24
Caldos/Sopas/Pure,SOPA D/GALLINA C/FIDEO DESHIDRATADA 60GR MAGGI,Gs   10.800,https://www.stock.com.py/images/thumbs/0181695_500.jpeg,11/12/24
Caldos/Sopas/Pure,SOPA D/CARNE C/FIDEO CARACOLITO DESHIDRATADA 63GR MAGGI,Gs   10.850,https://www.stock.com.py/images/thumbs/0181694_500.jpeg,11/12/24
Caldos/Sopas/Pure,PURE DE PAPAS AMELIA CON LECHE DESHIDRATADO 150 GR,Gs   8.550,https://www.stock.com.py/images/thumbs/0181171_500.jpeg,11/12/24
Caldos/Sopas/Pure,PURE D/PAPAS 125GR AMELIA,Gs   7.400,https://www.stock.com.py/images/thumbs/0159227_500.jpeg,11/12/24
Maquillajes/Otros,MASCARA PARA PESTAÑAS NEW COLOR INTENSE VOLUMEN,Gs   28.350,https://www.stock.com.py/images/thumbs/0184567_500.jpeg,11/12/24
Maquillajes/Otros,NEW COLOR MASCARA PARA PESTA?AS INTENSE VOLUMEN WATER PROOF,Gs   28.350,https://www.stock.com.py/images/thumbs/0184565_500.jpeg,11/12/24
Maquillajes/Otros,MASCARA PARA PESTAÑAS NEW COLOR LONG DOUBLE,Gs   28.350,https://www.stock.com.py/images/thumbs/0184563_500.jpeg,11/12/24
Maquillajes/Otros,MASCARA PARA PESTAÑAS NEW COLOR LONG DOUBLE WATER PROOF,Gs   28.350,https://www.stock.com.py/images/thumbs/0184561_500.jpeg,11/12/24
Maquillajes/Otros,PESTAÑAS POSTIZAS MEDIUM NEWCOLOR CJA,Gs   15.800,https://www.stock.com.py/images/thumbs/0180442_500.jpeg,11/12/24
Maquillajes/Otros,PESTAÑAS POSTIZAS SMALL NEWCOLOR CJA,Gs   15.800,https://www.stock.com.py/images/thumbs/0180440_500.jpeg,11/12/24
Maquillajes/Otros,PROTECTOR LABIAL MED REPAIR LIP CARE 4.8G NIVEA,Gs   30.750,https://www.stock.com.py/images/thumbs/0179297_500.jpeg,11/12/24
Maquillajes/Otros,MASCARA PARA PESTAÑA NEW COLOR EXTRA VOLUMEN A AGUA,Gs   28.350,https://www.stock.com.py/images/thumbs/0161304_500.jpeg,11/12/24
Maquillajes/Otros,MASCARA PARA PESTAÑA NEW COLOR EXTRA VOLUMEN,Gs   28.350,https://www.stock.com.py/images/thumbs/0161303_500.jpeg,11/12/24
Insecticidas,BAYGON INSECTICIDA MATA CUCARACHAS Y ARA?AS 300 ML,Gs   24.900,https://www.stock.com.py/images/thumbs/0212527_500.jpeg,11/12/24
Insecticidas,BAYGON INSECTICIDA MATA MOSCAS Y MOSQUITOS 300 ML,Gs   24.900,https://www.stock.com.py/images/thumbs/0212526_500.jpeg,11/12/24
Insecticidas,INSECTICIDA RAID CASA Y JARDIN,Gs   32.900,https://www.stock.com.py/images/thumbs/0212471_500.jpeg,11/12/24
Insecticidas,INSECTICIDA LIQ REPUESTO/MOSQ RAID 32.9M,Gs   57.900,https://www.stock.com.py/images/thumbs/0212461_500.jpeg,11/12/24
Insecticidas,INSECTICIDA PARA TODO INSECTO 300ML BAYGON AER,Gs   24.900,https://www.stock.com.py/images/thumbs/0212449_500.jpeg,11/12/24
Insecticidas,INSECTICIDA MATIRIS INSECTOS VOLADORES AEROSOL 400 ML BASE ACUOSA x 12,Gs   24.950,https://www.stock.com.py/images/thumbs/0201088_500.jpeg,11/12/24
Insecticidas,RATICIDA CEBO GRANULADO 25GR MATIRIS CJA ,Gs   8.450,https://www.stock.com.py/images/thumbs/0201081_500.jpeg,11/12/24
Insecticidas,INSECTICIDA MATA INSECTOS RASTREROS 400ML MATIRIS AER,Gs   24.950,https://www.stock.com.py/images/thumbs/0201060_500.jpeg,11/12/24
Insecticidas,INSECTICIDA MATA TODO 400ML MATIRIS AEROSOL,Gs   24.950,https://www.stock.com.py/images/thumbs/0201059_500.jpeg,11/12/24
Insecticidas,INSECTICIDA MATIRIS CASA/JARDIN 400ML MATIRIS,Gs   24.950,https://www.stock.com.py/images/thumbs/0201058_500.jpeg,11/12/24
Insecticidas,CEBO RATICIDA EN GRANOS MAPEX RATA CAJA 1 UNIDAD,Gs   8.450,https://www.stock.com.py/images/thumbs/0201040_500.jpeg,11/12/24
Insecticidas,INSECTICIDA MATA TODO MATIRIS 400ML,Gs   24.950,https://www.stock.com.py/images/thumbs/0201032_500.jpeg,11/12/24
Insecticidas,INSECTICIDA MATA MOSCAS Y MOSQUITOS MATIRIS 400ML,Gs   24.950,https://www.stock.com.py/images/thumbs/0201031_500.jpeg,11/12/24
Insecticidas,MAPEX INSECTICIDA AEROSOL MATA MOSQUITOS SIN OLOR 330 ML,Gs   33.300,https://www.stock.com.py/images/thumbs/0199194_500.jpeg,11/12/24
Insecticidas,MAPEX INSECTICIDA AEROSOL MULTI INSECTOS SIN OLOR 330 ML,Gs   33.300,https://www.stock.com.py/images/thumbs/0199193_500.jpeg,11/12/24
Insecticidas,MATA ACAROS Y POLILLAS MATIRIS 400ml,Gs   26.500,https://www.stock.com.py/images/thumbs/0186277_500.jpeg,11/12/24
Insecticidas,INSECTICIDA LIQUIDO PARA CASA Y JARDIN MAPEX 1Litro,Gs   16.600,https://www.stock.com.py/images/thumbs/0186215_500.jpeg,11/12/24
Insecticidas,DESINFECTANTE DE AMBIENTES WHITEX 350ml,Gs   21.500,https://www.stock.com.py/images/thumbs/0186197_500.jpeg,11/12/24
Insecticidas,INSECTICIDA FUMIGADOR DE INSECTOS MAPEX 300ml,Gs   29.000,https://www.stock.com.py/images/thumbs/0186176_500.jpeg,11/12/24
Insecticidas,HORMIGUICIDA EN POLVO MAPEX 500gr,Gs   26.900,https://www.stock.com.py/images/thumbs/0186151_500.jpeg,11/12/24
Insecticidas,INSECTICIDA MATA DENGUE MAPEX 330ml,Gs   27.000,https://www.stock.com.py/images/thumbs/0186150_500.jpeg,11/12/24
Insecticidas,INSECTICIDA DE INSECTOS MATATODO MAPEX 330ml,Gs   27.000,https://www.stock.com.py/images/thumbs/0186126_500.jpeg,11/12/24
Insecticidas,INSECTICIDA PREMIUM FULMINANTE MAPEX 300ml,Gs   27.000,https://www.stock.com.py/images/thumbs/0186121_500.jpeg,11/12/24
Insecticidas,INSECTICIDA PARA INSECTOS MAPEX 800ml,Gs   9.500,https://www.stock.com.py/images/thumbs/0186105_500.jpeg,11/12/24
Insecticidas,INSECTICIDA PARA INSECTOS VOLADORES MAPEX 330ml,Gs   20.000,https://www.stock.com.py/images/thumbs/0186101_500.jpeg,11/12/24
Insecticidas,INSECTICIDA PARA INSECTOS RASTREROS MAPEX 350ml,Gs   27.000,https://www.stock.com.py/images/thumbs/0186100_500.jpeg,11/12/24
Insecticidas,HORMIGUICIDA EN POLVO MAPEX 500gr,Gs   16.100,https://www.stock.com.py/images/thumbs/0186099_500.jpeg,11/12/24
Insecticidas,HORMIGUICIDA EN POLVO MAPEX 1Kg,Gs   26.900,https://www.stock.com.py/images/thumbs/0186098_500.jpeg,11/12/24
Cubiertos,TENEDOR TRAMONTINA 1 UN R,Gs   36.900,https://www.stock.com.py/images/thumbs/0212712_500.jpeg,11/12/24
Cubiertos,JUEGOS CUBIERTOS TRAMONTINA BL,Gs   25.800,https://www.stock.com.py/images/thumbs/0212710_500.jpeg,11/12/24
Cubiertos,JUEGO NEW CREMA 3 PIEZAS T231995,Gs   15.500,https://www.stock.com.py/images/thumbs/0212709_500.jpeg,11/12/24
Cubiertos,JUEGO TRINCHANTE 2 PIEZAS TRAMONTINA,Gs   34.600,https://www.stock.com.py/images/thumbs/0201212_500.jpeg,11/12/24
Cubiertos,JUEGO MARTINAZZO PARA ASADOR MADER 5 PIEZAS,Gs   191.000,https://www.stock.com.py/images/thumbs/0200760_500.jpeg,11/12/24
Cubiertos,JUEGO ASADOR MARTINAZZO 2 PIEZAS MANGO MADERA,Gs   69.900,https://www.stock.com.py/images/thumbs/0200758_500.jpeg,11/12/24
Cubiertos,JUEGO MARTINAZZO PARA ASAD MANG MADERA 2 PIEZAS,Gs   52.600,https://www.stock.com.py/images/thumbs/0200757_500.jpeg,11/12/24
Cubiertos,TRAMONTINA JUEGO ASADOR CON CHAIRA 2 PIEZAS,Gs   48.900,https://www.stock.com.py/images/thumbs/0200601_500.jpeg,11/12/24
Cubiertos,TRAMONTINA PINCHO DOBLE DE ACERO INOXIDABLE,Gs   60.800,https://www.stock.com.py/images/thumbs/0200599_500.jpeg,11/12/24
Cubiertos,TRAMONTINA ESPETO FINO PARA ASADO 85 CM,Gs   31.900,https://www.stock.com.py/images/thumbs/0200597_500.jpeg,11/12/24
Cubiertos,TRAMONTINA CHURRASCO JUEGO ASADOR CON TABLA 3 PIEZAS,Gs   111.200,https://www.stock.com.py/images/thumbs/0200594_500.jpeg,11/12/24
Cubiertos,TRAMONTINA CHURRASCO CEPILLO PARA LIMPIAR PARRILLA,Gs   82.500,https://www.stock.com.py/images/thumbs/0200592_500.jpeg,11/12/24
Cubiertos,JUEGO CUBIERTOS P/ASADO MG MADERA 12 PZ TRAMONTINA CJA,Gs   199.900,https://www.stock.com.py/images/thumbs/0200579_500.jpeg,11/12/24
Cubiertos,JGO CUBIERTOS PLASTICO NEGRO NEW COLOR TRAMONTINA 3 PZ BLIS ,Gs   15.500,https://www.stock.com.py/images/thumbs/0193127_500.jpeg,11/12/24
Cubiertos,TENEDOR/CUCHILLO PARA ASADO,Gs   64.600,https://www.stock.com.py/images/thumbs/0193124_500.jpeg,11/12/24
Cubiertos,TABLA P/ PICAR DE MADERA PEQ ESL S/E,Gs   35.500,https://www.stock.com.py/images/thumbs/0192876_500.jpeg,11/12/24
Cubiertos,TABLA P/ PICAR DE MADERA 20 X 30 CM REF 2302 ,Gs   33.300,https://www.stock.com.py/images/thumbs/0192740_500.jpeg,11/12/24
Cubiertos,CUCHARON INOX S/E DAYO REF KT0029 ,Gs   10.700,https://www.stock.com.py/images/thumbs/0189612_500.jpeg,11/12/24
Cubiertos,CUCHARA GRANDE NYLON S/E DAYO REF KT0028A,Gs   11.200,https://www.stock.com.py/images/thumbs/0189611_500.jpeg,11/12/24
Cubiertos,TABLA P/ PICAR DE MADERA GDE ESL S/E ,Gs   44.500,https://www.stock.com.py/images/thumbs/0183001_500.jpeg,11/12/24
Cubiertos,CUCHILLO CARNICERO 7PULG MANGO BLANCO SUPERUTIL BLIS,Gs   30.600,https://www.stock.com.py/images/thumbs/0182897_500.jpeg,11/12/24
Cubiertos,TABLA PARA PIZZA DE MADERA 34 CM,Gs   72.700,https://www.stock.com.py/images/thumbs/0181809_500.jpeg,11/12/24
Cubiertos,CUCHARA TRAMONTINA ,Gs   30.600,https://www.stock.com.py/images/thumbs/0181534_500.jpeg,11/12/24
Cubiertos,PUZZLEZ TABLA DE PICAR CON RANURA CHICA,Gs   24.150,https://www.stock.com.py/images/thumbs/0178086_500.jpeg,11/12/24
Cubiertos,PORTA LLAVES PUZZLEZ MADERA,Gs   8.550,https://www.stock.com.py/images/thumbs/0178082_500.jpeg,11/12/24
Cubiertos,TABLA P/ PICAR MADERA 33.5 CM X 16.5 CM PUZZLEZ BLIS ,Gs   16.750,https://www.stock.com.py/images/thumbs/0178075_500.jpeg,11/12/24
Cubiertos,PUZZLEZ TABLA DE PICAR CON RANURA  MEDIANA,Gs   27.000,https://www.stock.com.py/images/thumbs/0178074_500.jpeg,11/12/24
Cubiertos,PUZZLEZ TABLA DE PICAR CON AGARRADERA DOBLE GRANDE,Gs   44.750,https://www.stock.com.py/images/thumbs/0178072_500.jpeg,11/12/24
Nachos/ Palitos Salados,NACHOS TACO VILLA BOLSA 300 GR,Gs   17.250,https://www.stock.com.py/images/thumbs/0177544_500.jpeg,11/12/24
Nachos/ Palitos Salados,PALITO SALADO DULCESAR PAQUETE 100GR,Gs   4.800,https://www.stock.com.py/images/thumbs/0167706_500.png,11/12/24
Esponjas/Lanas,ESPONJA LAVAFACIL REPUESTO JASPE BLIS,Gs   9.250,https://www.stock.com.py/images/thumbs/0211858_500.png,11/12/24
Esponjas/Lanas,ESPONJA D/ ACERO PAGUE 2 LLEVE 3 PULOIL BSA ,Gs   7.700,https://www.stock.com.py/images/thumbs/0206307_500.jpeg,11/12/24
Esponjas/Lanas,ESPONJA RAYUM COLORES,Gs   4.500,https://www.stock.com.py/images/thumbs/0202715_500.jpeg,11/12/24
Esponjas/Lanas,ESPONJA MULTIUSO DAYO 4UNID,Gs   4.100,https://www.stock.com.py/images/thumbs/0198663_500.jpeg,11/12/24
Esponjas/Lanas,ESPONJA MULTIUSO ANATOMICA VIRUTEX 1UNID,Gs   4.400,https://www.stock.com.py/images/thumbs/0198622_500.jpeg,11/12/24
Esponjas/Lanas,ESPONJA MULTIUSO CUIDAUÑAS PULOIL 1UNID,Gs   5.150,https://www.stock.com.py/images/thumbs/0195166_500.jpeg,11/12/24
Esponjas/Lanas,LANA DE ACERO EN ROLLOS ELITE 6UNID LLEVE 3 PAGUE 2,Gs   8.600,https://www.stock.com.py/images/thumbs/0195157_500.jpeg,11/12/24
Esponjas/Lanas,ESPONJAS RAYAS SCOTCH BRITE CJA,Gs   7.400,https://www.stock.com.py/images/thumbs/0193054_500.jpeg,11/12/24
Esponjas/Lanas,ESPONJA CON SALVA UÑAS LAVAMAS ,Gs   4.050,https://www.stock.com.py/images/thumbs/0191835_500.jpeg,11/12/24
Esponjas/Lanas,ESPONJA CON FIBRA LAVAMAS,Gs   3.200,https://www.stock.com.py/images/thumbs/0191834_500.jpeg,11/12/24
Esponjas/Lanas,LANA DE ACERO 8UN LAVAMAS PAQ,Gs   5.100,https://www.stock.com.py/images/thumbs/0191831_500.jpeg,11/12/24
Esponjas/Lanas,ESPONJA MULTIUSO 110x75x20MM DAYO ,Gs   1.000,https://www.stock.com.py/images/thumbs/0188044_500.jpeg,11/12/24
Esponjas/Lanas,ESPONJA MEDIDA 110x75x20MM DAYO,Gs   2.200,https://www.stock.com.py/images/thumbs/0188042_500.jpeg,11/12/24
Esponjas/Lanas,FIBRA ESPONJA EDES 1 UN SA,Gs   3.200,https://www.stock.com.py/images/thumbs/0177967_500.jpeg,11/12/24
Esponjas/Lanas,FIBRA ESPONJA EDES 1 UN,Gs   2.900,https://www.stock.com.py/images/thumbs/0177962_500.jpeg,11/12/24
Esponjas/Lanas,ESPONJA LAVAFACIL C/MANIJA JASPE BLIS,Gs   23.100,https://www.stock.com.py/images/thumbs/0176754_500.jpeg,11/12/24
Esponjas/Lanas,ESPONJA MULTIUSO C/FIBRA BETTANIN LLEVE 4 PAGUE 3,Gs   8.350,https://www.stock.com.py/images/thumbs/0176687_500.jpeg,11/12/24
Esponjas/Lanas,ESPONJA C/FIBRA SIEMPRE LIMPIA VIRULANA PAQ,Gs   4.150,https://www.stock.com.py/images/thumbs/0176517_500.jpeg,11/12/24
Esponjas/Lanas,ESPONJA MULTIONDAS VIRULANA BLI,Gs   6.250,https://www.stock.com.py/images/thumbs/0176482_500.jpeg,11/12/24
Esponjas/Lanas,LANA DE ACERO EN ROLLITOS PULOIL 10UNID,Gs   5.400,https://www.stock.com.py/images/thumbs/0176078_500.jpeg,11/12/24
Esponjas/Lanas,LANA DE ACERO PULOIL 6UNID,Gs   4.300,https://www.stock.com.py/images/thumbs/0175099_500.jpeg,11/12/24
Esponjas/Lanas,ESPONJA DE COCINA PULOIL PAGUE 2 LLEVE 3,Gs   10.250,https://www.stock.com.py/images/thumbs/0175077_500.jpeg,11/12/24
Esponjas/Lanas,ESPONJA PARA COCINA PILLOW PULOIL ,Gs   6.500,https://www.stock.com.py/images/thumbs/0175031_500.jpeg,11/12/24
Esponjas/Lanas,ESPONJA DE ACERO PULOIL,Gs   3.900,https://www.stock.com.py/images/thumbs/0175024_500.jpeg,11/12/24
Esponjas/Lanas,ESPONJA FLASH PULOIL,Gs   6.500,https://www.stock.com.py/images/thumbs/0175017_500.jpeg,11/12/24
Esponjas/Lanas,ESPONJA MULTIUSO PULOIL PAGUE 3 LLEVE 4 ,Gs   10.800,https://www.stock.com.py/images/thumbs/0175015_500.jpeg,11/12/24
Esponjas/Lanas,ESPONJA MULTIUSO PULOIL 1UNID,Gs   3.600,https://www.stock.com.py/images/thumbs/0175014_500.jpeg,11/12/24
Semi-Blandos/Sandwich,MOLHO SABOR QUESO CHEDDAR POLENGHI 220GR,Gs   25.050,https://www.stock.com.py/images/thumbs/0211516_500.jpeg,11/12/24
Semi-Blandos/Sandwich,QUESO ZERO LACTOSA PRATTO PARA SANDWICH POLENGHI 144GR,Gs   22.900,https://www.stock.com.py/images/thumbs/0211515_500.jpeg,11/12/24
Semi-Blandos/Sandwich,QUESO CREAM CHEESE LIGHT ZERO LACTOSA POLENGHI 150GR,Gs   38.050,https://www.stock.com.py/images/thumbs/0211514_500.jpeg,11/12/24
Semi-Blandos/Sandwich,QUESO LIGHT POLENGUINHO 68GR,Gs   10.900,https://www.stock.com.py/images/thumbs/0211512_500.jpeg,11/12/24
Semi-Blandos/Sandwich,QUESO POLENGUINHO 68GR C/4 UN POLENGHI,Gs   11.800,https://www.stock.com.py/images/thumbs/0211511_500.jpeg,11/12/24
Semi-Blandos/Sandwich,QUESO NATURAL POLENGUINHO 136GR,Gs   19.200,https://www.stock.com.py/images/thumbs/0211510_500.jpeg,11/12/24
Semi-Blandos/Sandwich,QUESO LIGHT POLENGUINHO 136GR,Gs   18.950,https://www.stock.com.py/images/thumbs/0211509_500.jpeg,11/12/24
Semi-Blandos/Sandwich,QUESO CHEDDAR PARA SANDWICH POLENGHI 144GR,Gs   18.150,https://www.stock.com.py/images/thumbs/0211507_500.jpeg,11/12/24
Semi-Blandos/Sandwich,QUESO GOUDA ILOLAY LIGHT 200 GR,Gs   27.650,https://www.stock.com.py/images/thumbs/0211465_500.jpeg,11/12/24
Semi-Blandos/Sandwich,QUESO MOZZARELLA ILOLAY LIGHT 200 GR,Gs   27.800,https://www.stock.com.py/images/thumbs/0211462_500.jpeg,11/12/24
Semi-Blandos/Sandwich,QUESO TYBO ILOLAY 200 GR,Gs   25.950,https://www.stock.com.py/images/thumbs/0211461_500.jpeg,11/12/24
Semi-Blandos/Sandwich,QUESO MOZZARELLA ILOLAY 200 GR,Gs   25.950,https://www.stock.com.py/images/thumbs/0211458_500.jpeg,11/12/24
Semi-Blandos/Sandwich,QUESO MOZZARELLA LA PRADERA 500 GR,Gs   45.900,https://www.stock.com.py/images/thumbs/0208332_500.jpeg,11/12/24
Semi-Blandos/Sandwich,QUESO SANDWICH LA PRADERA 500 GR,Gs   45.500,https://www.stock.com.py/images/thumbs/0208331_500.jpeg,11/12/24
Semi-Blandos/Sandwich,QUESO CHEDDAR TONADITA 10 FETAS,Gs   17.500,https://www.stock.com.py/images/thumbs/0207639_500.jpeg,11/12/24
Semi-Blandos/Sandwich,QUESO CHEDDAR SCHREIBER MELT 400 GR,Gs   26.100,https://www.stock.com.py/images/thumbs/0207431_500.jpeg,11/12/24
Semi-Blandos/Sandwich,QUESO CREMOSO LIGHT TREBOL KASE 200GR,Gs   12.050,https://www.stock.com.py/images/thumbs/0206304_500.jpeg,11/12/24
Semi-Blandos/Sandwich,SANDUBOM QUESO CHEDDAR 8 FETAS EMBALADAS INDIVIDUALMENTE 120 GR,Gs   14.100,https://www.stock.com.py/images/thumbs/0202124_500.png,11/12/24
Semi-Blandos/Sandwich,QUESO MUZARELLA LACTOLANDA KG,Gs   71.450,https://www.stock.com.py/images/thumbs/0201720_500.jpeg,11/12/24
Semi-Blandos/Sandwich,QUESO DAMBO LACTOLANDA 1 KG,Gs   71.450,https://www.stock.com.py/images/thumbs/0201719_500.jpeg,11/12/24
Semi-Blandos/Sandwich,ILOLAY QUESO RALLADO 115 GR,Gs   25.600,https://www.stock.com.py/images/thumbs/0199773_500.jpeg,11/12/24
Semi-Blandos/Sandwich,QUESO CHEDDAR UNTABLE CONAPROLE 230GR,Gs   21.700,https://www.stock.com.py/images/thumbs/0198932_500.jpeg,11/12/24
Semi-Blandos/Sandwich,QUESO RALLADO REGGIANITO LA SERENISIMA 40GR,Gs   8.600,https://www.stock.com.py/images/thumbs/0198783_500.jpeg,11/12/24
Semi-Blandos/Sandwich,QUESO SANDWICH LA FORTUNA xKG,Gs   70.150,https://www.stock.com.py/images/thumbs/0197714_500.jpeg,11/12/24
Semi-Blandos/Sandwich,QUESO RALLADO SERENISIMA 120 GR,Gs   25.600,https://www.stock.com.py/images/thumbs/0196688_500.jpeg,11/12/24
Semi-Blandos/Sandwich,QUESO CREMOSO CULINARIO LACTOLANDA 250GR,Gs   17.350,https://www.stock.com.py/images/thumbs/0194941_500.jpeg,11/12/24
Semi-Blandos/Sandwich,QUESO SANDWICH ENVASADO AL VACIO 200GR LA PRADERA PLAS,Gs   21.850,https://www.stock.com.py/images/thumbs/0191797_500.jpeg,11/12/24
Semi-Blandos/Sandwich,QUESO SARDO TROZADO SANTA ROSA xKG,Gs   174.050,https://www.stock.com.py/images/thumbs/0187837_500.jpeg,11/12/24
Lavandinas,LAVANDINA EN GEL CITRICA AYUDIN 500ML,Gs   16.950,https://www.stock.com.py/images/thumbs/0207972_500.jpeg,11/12/24
Lavandinas,LAVANDINA FRAG PUREZA GLACIAR AYUDIN 2L,Gs   16.650,https://www.stock.com.py/images/thumbs/0203081_500.jpeg,11/12/24
Lavandinas,LAVANDINA MULTISUPERFICIES LAVANDA 2 L A,Gs   16.650,https://www.stock.com.py/images/thumbs/0203080_500.jpeg,11/12/24
Lavandinas,LAVANDINA LAVANDA AYUDIN TRIPLE PODER 1L,Gs   8.900,https://www.stock.com.py/images/thumbs/0203079_500.jpeg,11/12/24
Lavandinas,LAVANDINA P/ROPA BLANCA BASE BASE 2LTS.,Gs   22.900,https://www.stock.com.py/images/thumbs/0202260_500.jpeg,11/12/24
Lavandinas,AYUDIN CLASICA AGUA LAVANDINA COMUN 1 LITRO,Gs   7.500,https://www.stock.com.py/images/thumbs/0199862_500.jpeg,11/12/24
Lavandinas,LAVANDINA AL 2.5% LAVA 1000 500CC,Gs   3.850,https://www.stock.com.py/images/thumbs/0192344_500.jpeg,11/12/24
Lavandinas,LAVANDINA 4% LAVA 1000 500CC,Gs   3.200,https://www.stock.com.py/images/thumbs/0192339_500.jpeg,11/12/24
Lavandinas,LAVANDINA 4% LAVA 1000 DE 1000CC,Gs   5.300,https://www.stock.com.py/images/thumbs/0192338_500.jpeg,11/12/24
Lavandinas,LAVANDINA ANTI-SPALSH AYUDIN 2LT,Gs   18.600,https://www.stock.com.py/images/thumbs/0187164_500.jpeg,11/12/24
Lavandinas,LAVANDINA ANTI-SPLASH AYUDIN 1LT,Gs   10.100,https://www.stock.com.py/images/thumbs/0187163_500.jpeg,11/12/24
Lavandinas,LAVANDINA PUREZA GLACIAR TRIPLE PODER AYUDIN 1L,Gs   8.900,https://www.stock.com.py/images/thumbs/0186953_500.jpeg,11/12/24
Lavandinas,LAVANDINA P/ROPA BLANCA BASE BASE 500ML PET ,Gs   6.950,https://www.stock.com.py/images/thumbs/0176709_500.jpeg,11/12/24
Lavandinas,LAVANDINA BASE BASE FURIA SACHET 250C.C,Gs   1.050,https://www.stock.com.py/images/thumbs/0166643_500.png,11/12/24
Lavandinas,LAVANDINA BASE BASE LAVA-PINO TR. ACCION DE 1 LITRO,Gs   10.750,https://www.stock.com.py/images/thumbs/0166632_500.png,11/12/24
Lavandinas,"LAVANDINA BASE BASE 2,5% 500 CC",Gs   3.350,https://www.stock.com.py/images/thumbs/0166631_500.png,11/12/24
Lavandinas,LAVANDINA P/ROPA BLANCA BASE BASE 1LT PET,Gs   12.100,https://www.stock.com.py/images/thumbs/0166622_500.png,11/12/24
Lavandinas,LAVANDINA BASE BASE SACHET 250 CC,Gs   1.200,https://www.stock.com.py/images/thumbs/0166611_500.png,11/12/24
Lavandinas,LAVANDINA BASE BASE 4% DE 500 CC,Gs   3.700,https://www.stock.com.py/images/thumbs/0166605_500.png,11/12/24
Lavandinas,LAVANDINA BASE BASE 6% DE 1 LITRO,Gs   8.250,https://www.stock.com.py/images/thumbs/0166604_500.png,11/12/24
Lavandinas,LAVANDINA LAVA 1000 2LT,Gs   8.250,https://www.stock.com.py/images/thumbs/0152377_500.jpeg,11/12/24
Lavandinas,LAVANDINA LAVA 1000 1LT,Gs   4.700,https://www.stock.com.py/images/thumbs/0152375_500.jpeg,11/12/24
Lavandinas,LAVANDINA LAVA 1000 500ML,Gs   2.900,https://www.stock.com.py/images/thumbs/0152374_500.jpeg,11/12/24
Lavandinas,"LAVANDINA BASE BASE 2,5% DE 2 LITROS",Gs   10.400,https://www.stock.com.py/images/thumbs/0150832_500.jpeg,11/12/24
Lavandinas,"LAVANDINA BASE BASE LAVANDINA 2,5% DE 1 LITRO",Gs   5.400,https://www.stock.com.py/images/thumbs/0150774_500.jpeg,11/12/24
Lavandinas,LAVANDINA BASE BASE 4% DE 1 LITRO,Gs   6.300,https://www.stock.com.py/images/thumbs/0150748_500.jpeg,11/12/24
Lavandinas,LAVANDINA BASE BASE 6% DE 5 LITROS,Gs   34.800,https://www.stock.com.py/images/thumbs/0150747_500.jpeg,11/12/24
Lavandinas,LAVANDINA BASE BASE 6% DE 500 CC,Gs   4.650,https://www.stock.com.py/images/thumbs/0150745_500.jpeg,11/12/24
Comercial,TALONARIO DE RECIBO GS 100 HOJAS ALAMO S/E,Gs   8.150,https://www.stock.com.py/images/thumbs/0202238_500.jpeg,11/12/24
Comercial,PTE.PAGARE EN G SIN COLOR X20,Gs   7.300,https://www.stock.com.py/images/thumbs/0166340_500.png,11/12/24
Vinagres/Otros,VINAGRE DE VINO BLANCO LA COPA 500ML PET,Gs   7.000,https://www.stock.com.py/images/thumbs/0204544_500.jpeg,11/12/24
Vinagres/Otros,VINAGRE D/ALCOHOL BLANC TIA HELENA 750ML,Gs   4.600,https://www.stock.com.py/images/thumbs/0202591_500.jpeg,11/12/24
Vinagres/Otros,VINAGRE DE MANZANA 500 ML ABADIA,Gs   4.950,https://www.stock.com.py/images/thumbs/0200145_500.jpeg,11/12/24
Vinagres/Otros,VINAGRE DE MANZANA LIGTH ALCAZAR 500ML,Gs   12.950,https://www.stock.com.py/images/thumbs/0197795_500.jpeg,11/12/24
Vinagres/Otros,VINAGRE DE ALCOHOL ALCAZAR 300ML,Gs   6.450,https://www.stock.com.py/images/thumbs/0197794_500.jpeg,11/12/24
Vinagres/Otros,VINAGRE DE VINO BLANCO ALCAZAR 300ML,Gs   6.450,https://www.stock.com.py/images/thumbs/0197793_500.jpeg,11/12/24
Vinagres/Otros,VINAGRE DE MANZANA ALCAZAR 300ML,Gs   6.950,https://www.stock.com.py/images/thumbs/0197792_500.jpeg,11/12/24
Vinagres/Otros,VINAGRE DE MANZANA ALCAZAR 750ML,Gs   9.850,https://www.stock.com.py/images/thumbs/0197788_500.jpeg,11/12/24
Vinagres/Otros,VINAGRE DE VINO BLANCO ALCAZAR 750ML,Gs   9.050,https://www.stock.com.py/images/thumbs/0197787_500.jpeg,11/12/24
Vinagres/Otros,VINAGRE DE VINO TINTO ALCAZAR 750ML,Gs   9.050,https://www.stock.com.py/images/thumbs/0197786_500.jpeg,11/12/24
Vinagres/Otros,VINAGRE DE ALCOHOL ALCAZAR 750ML,Gs   9.050,https://www.stock.com.py/images/thumbs/0197785_500.jpeg,11/12/24
Vinagres/Otros,VINAGRE DE VINO BLANCO ALCAZAR 500ML,Gs   8.100,https://www.stock.com.py/images/thumbs/0197783_500.jpeg,11/12/24
Vinagres/Otros,VINAGRE DE VINO BLANCO ABADIA 900ML,Gs   5.800,https://www.stock.com.py/images/thumbs/0197780_500.jpeg,11/12/24
Vinagres/Otros,VINAGRE DE VINO TINTO ABADIA 900ML,Gs   5.800,https://www.stock.com.py/images/thumbs/0197779_500.jpeg,11/12/24
Vinagres/Otros,VINAGRE AROMATIZADO CON ALBAHACA ALCAZAR 500ML,Gs   9.500,https://www.stock.com.py/images/thumbs/0197778_500.jpeg,11/12/24
Vinagres/Otros,VINAGRE AROMATIZADO CON OREGANO ALCAZAR 500ML,Gs   9.500,https://www.stock.com.py/images/thumbs/0197777_500.jpeg,11/12/24
Vinagres/Otros,VINAGRE DE VINO BLANCO ABADIA 500ML,Gs   4.950,https://www.stock.com.py/images/thumbs/0197776_500.jpeg,11/12/24
Vinagres/Otros,VINAGRE DE VINO TINTO ABADIA 500ML,Gs   4.950,https://www.stock.com.py/images/thumbs/0197775_500.png,11/12/24
Vinagres/Otros,ACETO BALSAMICO ALCAZAR 500ML,Gs   20.500,https://www.stock.com.py/images/thumbs/0197774_500.jpeg,11/12/24
Vinagres/Otros,VINAGRE DE ALCOHOL ALCAZAR 500ML,Gs   8.100,https://www.stock.com.py/images/thumbs/0197772_500.jpeg,11/12/24
Vinagres/Otros,VINAGRE DE ALCOHOL ALCAZAR 1LT,Gs   10.300,https://www.stock.com.py/images/thumbs/0197771_500.jpeg,11/12/24
Vinagres/Otros,VINAGRE DE VINO TINTO ALCAZAR 500ML,Gs   8.100,https://www.stock.com.py/images/thumbs/0197770_500.jpeg,11/12/24
Vinagres/Otros,VINAGRE DE MANZANA ALCAZAR 500ML,Gs   8.450,https://www.stock.com.py/images/thumbs/0197769_500.jpeg,11/12/24
Vinagres/Otros,VINAGRE DE MANZANA ALCAZAR 1LT,Gs   11.150,https://www.stock.com.py/images/thumbs/0197768_500.jpeg,11/12/24
Vinagres/Otros,VINAGRE DE MANZANA LA COPA 230 ML,Gs   5.350,https://www.stock.com.py/images/thumbs/0196938_500.jpeg,11/12/24
Vinagres/Otros,VINAGRE DE ALCOHOL LA COPA 450 ML,Gs   5.350,https://www.stock.com.py/images/thumbs/0196937_500.jpeg,11/12/24
Vinagres/Otros,JUGO DE LIMON ABADIA 400ML,Gs   5.250,https://www.stock.com.py/images/thumbs/0192322_500.jpeg,11/12/24
Vinagres/Otros,VINAGRE DE VINO BLANCO DUL-CESAR 500ML,Gs   5.750,https://www.stock.com.py/images/thumbs/0191957_500.jpeg,11/12/24
Cuidado y Limpieza,LIMPIA VIDRIOS ANTIEMPAN?ANTE 200 ML C/G,Gs   27.100,https://www.stock.com.py/images/thumbs/0212714_500.png,11/12/24
Cuidado y Limpieza,AROMATIZANTE MINI GEL LAVANDA CAR 70GR GLADE LATA,Gs   13.900,https://www.stock.com.py/images/thumbs/0212444_500.jpeg,11/12/24
Cuidado y Limpieza,LIMPIA NEUMATICOS CLASSIC 500 ML PROAUTO,Gs   25.100,https://www.stock.com.py/images/thumbs/0202771_500.jpeg,11/12/24
Cuidado y Limpieza,PROTECTOR P/ CUERO C/ GATILLO 200ML PROA,Gs   29.350,https://www.stock.com.py/images/thumbs/0202769_500.jpeg,11/12/24
Cuidado y Limpieza,LIMPIA VIDRIOS PERFUMADO AUTOCRAFT 500 M,Gs   17.500,https://www.stock.com.py/images/thumbs/0202727_500.jpeg,11/12/24
Cuidado y Limpieza,LIMPIA NEUMATICOS AUTOCRAFT 500 ML PROAU,Gs   20.200,https://www.stock.com.py/images/thumbs/0202726_500.jpeg,11/12/24
Cuidado y Limpieza,SILICONA DE SECADO RAPIDO PERFUMADO 120,Gs   18.200,https://www.stock.com.py/images/thumbs/0202725_500.jpeg,11/12/24
Cuidado y Limpieza,CERA EN PASTA TRADICIONAL 200 GR PROAUTO,Gs   30.350,https://www.stock.com.py/images/thumbs/0202724_500.jpeg,11/12/24
Cuidado y Limpieza,LAVA AUTOS CON CERA 500 ML PROAUTO PET,Gs   27.300,https://www.stock.com.py/images/thumbs/0202723_500.jpeg,11/12/24
Cuidado y Limpieza,SILICONA EN AEROSOL AQUA SPORT REVIGAL 440cm3,Gs   43.500,https://www.stock.com.py/images/thumbs/0198474_500.jpeg,11/12/24
Cuidado y Limpieza,REVIVIDOR DE COLOR NEGRO REVIGAL 490cm3,Gs   31.350,https://www.stock.com.py/images/thumbs/0198473_500.jpeg,11/12/24
Cuidado y Limpieza,AROMATIZANTE GEL FRESA 60 GR PROAUTO FCO,Gs   13.650,https://www.stock.com.py/images/thumbs/0193881_500.jpeg,11/12/24
Cuidado y Limpieza,CARFRESH EROTIC AROMATIZANTE PARA AUTO DE MARACUYA 75 CC,Gs   15.000,https://www.stock.com.py/images/thumbs/0192611_500.jpeg,11/12/24
Cuidado y Limpieza,CARFRESH AROMATIZANTE PARA AUTO CUERO CHOCOLATE 75 ML,Gs   15.000,https://www.stock.com.py/images/thumbs/0192607_500.jpeg,11/12/24
Cuidado y Limpieza,SILICONA PERFUMADA AMERICA PARA AUTO CENTRALSUL 400ML,Gs   28.900,https://www.stock.com.py/images/thumbs/0186732_500.jpeg,11/12/24
Cuidado y Limpieza,SILICONA PERFUMADA PARA AUTO EN AEROSOL CENTRALSUL 400ML,Gs   38.650,https://www.stock.com.py/images/thumbs/0186728_500.jpeg,11/12/24
Cuidado y Limpieza,SILICONA JIMO GEL 200 GR,Gs   21.000,https://www.stock.com.py/images/thumbs/0185139_500.jpeg,11/12/24
Cuidado y Limpieza,SILICONA GEL PERFUMADO 150 GR PROAUTO PET,Gs   20.200,https://www.stock.com.py/images/thumbs/0185128_500.jpeg,11/12/24
Cuidado y Limpieza,ESPONJA DE LIMPIEZA PROAUTO BLIS,Gs   28.350,https://www.stock.com.py/images/thumbs/0185123_500.jpeg,11/12/24
Cuidado y Limpieza,LIMPIA NEUMATICOS ACTIVA GLOSS 500 ML PROAUTO,Gs   31.550,https://www.stock.com.py/images/thumbs/0185119_500.jpeg,11/12/24
Cuidado y Limpieza,AROMATIZANTE GEL TALCO 60 GR PROAUTO FCO,Gs   13.650,https://www.stock.com.py/images/thumbs/0185039_500.jpeg,11/12/24
Cuidado y Limpieza,AROMATIZANTE GEL NUEVO 60 GR PROAUTO FCO,Gs   13.650,https://www.stock.com.py/images/thumbs/0185037_500.jpeg,11/12/24
Cuidado y Limpieza,AROMATIZANTE BREEZE CAR FRESH 6.5 GR PROAUTO BLIS,Gs   19.200,https://www.stock.com.py/images/thumbs/0185035_500.jpeg,11/12/24
Cuidado y Limpieza,AROMATIZANTE BREEZE SEN. AMORE 6.5 GR PROAUTO BLIS,Gs   19.200,https://www.stock.com.py/images/thumbs/0185033_500.jpeg,11/12/24
Cognac/ Brandie,COGNAC TRES LEONES BOTELLA 920 CC,Gs   7.500,https://www.stock.com.py/images/thumbs/0201557_500.jpeg,11/12/24
Cognac/ Brandie,RON SABOR LIMON FORTIN 750ML,Gs   18.700,https://www.stock.com.py/images/thumbs/0198512_500.jpeg,11/12/24
Cubiertos,TENEDOR TRAMONTINA 1 UN R,Gs   36.900,https://www.stock.com.py/images/thumbs/0212712_500.jpeg,11/12/24
Cubiertos,JUEGOS CUBIERTOS TRAMONTINA BL,Gs   25.800,https://www.stock.com.py/images/thumbs/0212710_500.jpeg,11/12/24
Cubiertos,JUEGO NEW CREMA 3 PIEZAS T231995,Gs   15.500,https://www.stock.com.py/images/thumbs/0212709_500.jpeg,11/12/24
Cubiertos,JUEGO TRINCHANTE 2 PIEZAS TRAMONTINA,Gs   34.600,https://www.stock.com.py/images/thumbs/0201212_500.jpeg,11/12/24
Cubiertos,JUEGO MARTINAZZO PARA ASADOR MADER 5 PIEZAS,Gs   191.000,https://www.stock.com.py/images/thumbs/0200760_500.jpeg,11/12/24
Cubiertos,JUEGO ASADOR MARTINAZZO 2 PIEZAS MANGO MADERA,Gs   69.900,https://www.stock.com.py/images/thumbs/0200758_500.jpeg,11/12/24
Cubiertos,JUEGO MARTINAZZO PARA ASAD MANG MADERA 2 PIEZAS,Gs   52.600,https://www.stock.com.py/images/thumbs/0200757_500.jpeg,11/12/24
Cubiertos,TRAMONTINA JUEGO ASADOR CON CHAIRA 2 PIEZAS,Gs   48.900,https://www.stock.com.py/images/thumbs/0200601_500.jpeg,11/12/24
Cubiertos,TRAMONTINA PINCHO DOBLE DE ACERO INOXIDABLE,Gs   60.800,https://www.stock.com.py/images/thumbs/0200599_500.jpeg,11/12/24
Cubiertos,TRAMONTINA ESPETO FINO PARA ASADO 85 CM,Gs   31.900,https://www.stock.com.py/images/thumbs/0200597_500.jpeg,11/12/24
Cubiertos,TRAMONTINA CHURRASCO JUEGO ASADOR CON TABLA 3 PIEZAS,Gs   111.200,https://www.stock.com.py/images/thumbs/0200594_500.jpeg,11/12/24
Cubiertos,TRAMONTINA CHURRASCO CEPILLO PARA LIMPIAR PARRILLA,Gs   82.500,https://www.stock.com.py/images/thumbs/0200592_500.jpeg,11/12/24
Cubiertos,JUEGO CUBIERTOS P/ASADO MG MADERA 12 PZ TRAMONTINA CJA,Gs   199.900,https://www.stock.com.py/images/thumbs/0200579_500.jpeg,11/12/24
Cubiertos,JGO CUBIERTOS PLASTICO NEGRO NEW COLOR TRAMONTINA 3 PZ BLIS ,Gs   15.500,https://www.stock.com.py/images/thumbs/0193127_500.jpeg,11/12/24
Cubiertos,TENEDOR/CUCHILLO PARA ASADO,Gs   64.600,https://www.stock.com.py/images/thumbs/0193124_500.jpeg,11/12/24
Cubiertos,TABLA P/ PICAR DE MADERA PEQ ESL S/E,Gs   35.500,https://www.stock.com.py/images/thumbs/0192876_500.jpeg,11/12/24
Cubiertos,TABLA P/ PICAR DE MADERA 20 X 30 CM REF 2302 ,Gs   33.300,https://www.stock.com.py/images/thumbs/0192740_500.jpeg,11/12/24
Cubiertos,CUCHARON INOX S/E DAYO REF KT0029 ,Gs   10.700,https://www.stock.com.py/images/thumbs/0189612_500.jpeg,11/12/24
Cubiertos,CUCHARA GRANDE NYLON S/E DAYO REF KT0028A,Gs   11.200,https://www.stock.com.py/images/thumbs/0189611_500.jpeg,11/12/24
Cubiertos,TABLA P/ PICAR DE MADERA GDE ESL S/E ,Gs   44.500,https://www.stock.com.py/images/thumbs/0183001_500.jpeg,11/12/24
Cubiertos,CUCHILLO CARNICERO 7PULG MANGO BLANCO SUPERUTIL BLIS,Gs   30.600,https://www.stock.com.py/images/thumbs/0182897_500.jpeg,11/12/24
Cubiertos,TABLA PARA PIZZA DE MADERA 34 CM,Gs   72.700,https://www.stock.com.py/images/thumbs/0181809_500.jpeg,11/12/24
Cubiertos,CUCHARA TRAMONTINA ,Gs   30.600,https://www.stock.com.py/images/thumbs/0181534_500.jpeg,11/12/24
Cubiertos,PUZZLEZ TABLA DE PICAR CON RANURA CHICA,Gs   24.150,https://www.stock.com.py/images/thumbs/0178086_500.jpeg,11/12/24
Cubiertos,PORTA LLAVES PUZZLEZ MADERA,Gs   8.550,https://www.stock.com.py/images/thumbs/0178082_500.jpeg,11/12/24
Cubiertos,TABLA P/ PICAR MADERA 33.5 CM X 16.5 CM PUZZLEZ BLIS ,Gs   16.750,https://www.stock.com.py/images/thumbs/0178075_500.jpeg,11/12/24
Cubiertos,PUZZLEZ TABLA DE PICAR CON RANURA  MEDIANA,Gs   27.000,https://www.stock.com.py/images/thumbs/0178074_500.jpeg,11/12/24
Cubiertos,PUZZLEZ TABLA DE PICAR CON AGARRADERA DOBLE GRANDE,Gs   44.750,https://www.stock.com.py/images/thumbs/0178072_500.jpeg,11/12/24
Regianito/Parmesano,QUESO PARMESANO CONAPROLE XKG,Gs   165.000,https://www.stock.com.py/images/thumbs/0180003_500.jpeg,11/12/24
Regianito/Parmesano,QUESO TREBOL 1 KG SARDO,Gs   97.350,https://www.stock.com.py/images/thumbs/0138432_500.jpeg,11/12/24
Alimento de Aves,COMIDA P/AVES TORI CJA 1 UN,Gs   13.550,https://www.stock.com.py/images/thumbs/0212683_500.jpeg,11/12/24
Alimento de Aves,ALIMENTO P/ AVES MIJO 800G ANIMALS,Gs   13.300,https://www.stock.com.py/images/thumbs/0212682_500.jpeg,11/12/24
Alimento de Aves,ALIMENTO P/ AVES GIRASOL EXTRA GRANDE 800G ANIMALS,Gs   24.000,https://www.stock.com.py/images/thumbs/0212681_500.png,11/12/24
Alimento de Aves,ALIMENTO P/ AVES GIRASOL CHICO PAJAROS 800G ANIMALS,Gs   16.600,https://www.stock.com.py/images/thumbs/0212680_500.png,11/12/24
Alimento de Aves,ALIMENTO P/ AVES ALPISTE Y LINO 800G ANIMALS,Gs   23.750,https://www.stock.com.py/images/thumbs/0212679_500.png,11/12/24
Alimento de Aves,ALIMENTO P/ AVES ALPISTE 800G ANIMALS,Gs   25.500,https://www.stock.com.py/images/thumbs/0212678_500.png,11/12/24
Alimento de Aves,SUPER MIX BOLSAS X800GR,Gs   15.850,https://www.stock.com.py/images/thumbs/0209588_500.jpeg,11/12/24
Alimento de Aves,ALIMENTO P/ AVE MEZCLA LOROS Y PERICOS 800G ANIMALS,Gs   23.100,https://www.stock.com.py/images/thumbs/0205500_500.jpeg,11/12/24
Alimento de Aves,ALIMENTO P/ AVES MIJO/LINO MEZCLA 800G ANIMALS,Gs   17.800,https://www.stock.com.py/images/thumbs/0181172_500.jpeg,11/12/24
Alimento de Aves,COMIDA P/AVES TORI CJA 1 UN,Gs   8.400,https://www.stock.com.py/images/thumbs/0181163_500.jpeg,11/12/24
Alimento de Aves,ALIMENTO BALANCEADO P/POLLITOS 1KG FOODY PAQ,Gs   7.750,https://www.stock.com.py/images/thumbs/0153276_500.jpeg,11/12/24
Alimento de Aves,SUPER MIX BOLSAS X400GR.,Gs   8.100,https://www.stock.com.py/images/thumbs/0153274_500.jpeg,11/12/24
Alimento de Aves,GIRASOL BOLSAS X400GR,Gs   11.700,https://www.stock.com.py/images/thumbs/0153272_500.jpeg,11/12/24
Alimento de Aves,MIJO BOLSAS X400GR,Gs   10.700,https://www.stock.com.py/images/thumbs/0153268_500.jpeg,11/12/24
Alimento de Aves,ALIMENTO PARA AVES CAJA 1 UN ALPIS,Gs   10.750,https://www.stock.com.py/images/thumbs/0138543_500.jpeg,11/12/24
Alimento de Aves,LINO BOLSAS X800GR,Gs   20.000,https://www.stock.com.py/images/thumbs/noDefaultImage_stock_500.gif,11/12/24
Alimento de Aves,MAIZ A GRANEL 1 KG MOLIDO,Gs   3.500,https://www.stock.com.py/images/thumbs/noDefaultImage_stock_500.gif,11/12/24
Alimento de Aves,MAIZ A GRANEL 1 KG TUPI,Gs   3.500,https://www.stock.com.py/images/thumbs/noDefaultImage_stock_500.gif,11/12/24
Especiales,QUESO AZUL SHEHUEN xKG,Gs   133.950,https://www.stock.com.py/images/thumbs/0211541_500.jpeg,11/12/24
Especiales,QUESO EN HORMA AZUL SANTA ROSA xKG,Gs   185.250,https://www.stock.com.py/images/thumbs/0187836_500.jpeg,11/12/24
Productos para Afeitar,Maq. Des. PB3 Sensitive x 4,Gs   46.900,https://www.stock.com.py/images/thumbs/0204893_500.jpeg,11/12/24
Productos para Afeitar,ESPUMA D/AFEITAR HIDRAT DEEP BLUE URBAN CARE UNLIMITED MEN 149GR,Gs   32.700,https://www.stock.com.py/images/thumbs/0190701_500.jpeg,11/12/24
Productos para Afeitar,AFTER SHAVE HIDRATANTE URBAN CARE UNLIMITED MEN DEEP BLUE 75 ML,Gs   40.100,https://www.stock.com.py/images/thumbs/0184829_500.jpeg,11/12/24
Productos para Afeitar,ESPUMA DE AFEITAR HIPOALERGENICO X193GR ALGABO ALGABO                    x 12,Gs   17.850,https://www.stock.com.py/images/thumbs/0184420_500.png,11/12/24
Productos para Afeitar,NIVEA FOR MEN AFTE FRASCO 100 ML,Gs   85.900,https://www.stock.com.py/images/thumbs/0179308_500.jpeg,11/12/24
Productos para Afeitar,ESPUMA DE AFEITAR NIVEA HIDRATANTE SENSITIVE FCO 200 ML  ,Gs   73.000,https://www.stock.com.py/images/thumbs/0179306_500.jpeg,11/12/24
Productos para Afeitar,ESPUMA D/AFEITAR HIDRATANTE ORIGINALS 200ML NIVEA AER,Gs   73.000,https://www.stock.com.py/images/thumbs/0179305_500.jpeg,11/12/24
Productos para Afeitar,CREMA DE AFEITAR SUAVE PROTECT CARE NIVEA 100ML,Gs   33.350,https://www.stock.com.py/images/thumbs/0179303_500.jpeg,11/12/24
Productos para Afeitar,CREMA DE AFEITAR DR. SELBY PMO,Gs   17.200,https://www.stock.com.py/images/thumbs/0176995_500.jpeg,11/12/24
Productos para Afeitar,Gillette Foamy Mentol 175 g,Gs   62.500,https://www.stock.com.py/images/thumbs/0174292_500.jpeg,11/12/24
Productos para Afeitar,Maq. Des. PB3 Sensitive x 2,Gs   26.150,https://www.stock.com.py/images/thumbs/0174280_500.jpeg,11/12/24
Productos para Afeitar,Rpto. Venus Breeze x 2,Gs   51.450,https://www.stock.com.py/images/thumbs/0174278_500.jpeg,11/12/24
Productos para Afeitar,MAQ. D/AFEITAR VENUS DIVINE SENSITIVE 3HOJAS GILLETTE BLI,Gs   46.550,https://www.stock.com.py/images/thumbs/0174277_500.jpeg,11/12/24
Productos para Afeitar,NIVEA FOR MEN FRASCO 100 ML,Gs   85.900,https://www.stock.com.py/images/thumbs/0174049_500.jpeg,11/12/24
Accesorios Varios,CINTA ADHESIVA ANTIDESLIZANTE TACSA DE 5,Gs   44.300,https://www.stock.com.py/images/thumbs/0207454_500.jpeg,11/12/24
Accesorios Varios,SUPERUTIL TORNILLO ATERRAJADOR 3 X 25/30,Gs   6.400,https://www.stock.com.py/images/thumbs/0203222_500.jpeg,11/12/24
Accesorios Varios,SUPERUTIL TORNILLO P/MADERA 3 X 25/30 X,Gs   4.300,https://www.stock.com.py/images/thumbs/0203221_500.jpeg,11/12/24
Accesorios Varios,SUPERUTIL TORNILLO ATERRAJADOR DE 6 1/2,Gs   5.500,https://www.stock.com.py/images/thumbs/0203219_500.jpeg,11/12/24
Accesorios Varios,LINTERNA LED 3 W ECOVILLE HV4331,Gs   65.100,https://www.stock.com.py/images/thumbs/0201196_500.jpeg,11/12/24
Accesorios Varios,HILO D/FERRETERIA CABO 3 GREEN COTTON,Gs   20.900,https://www.stock.com.py/images/thumbs/0192671_500.jpeg,11/12/24
Accesorios Varios,ESCUADRA 30CM LIFE Y LIVING REF ST/110302 ,Gs   34.200,https://www.stock.com.py/images/thumbs/0189535_500.jpeg,11/12/24
Accesorios Varios,NIVEL  LIFE Y LIVING REFST/110208 ,Gs   84.000,https://www.stock.com.py/images/thumbs/0189508_500.jpeg,11/12/24
Accesorios Varios,APLICADOR D/SILICONA LIFE Y LIVING REFST/030304 ,Gs   36.800,https://www.stock.com.py/images/thumbs/0184064_500.jpeg,11/12/24
Accesorios Varios,REMACHADORA 27CM DAYO,Gs   40.700,https://www.stock.com.py/images/thumbs/0182094_500.jpeg,11/12/24
Accesorios Varios,ACEITERA ALTA PRESION 250G STANFORD,Gs   28.200,https://www.stock.com.py/images/thumbs/0182076_500.jpeg,11/12/24
Accesorios Varios,SOPAPA PLASTICA C/REJILLA PLASTICA 1 1/2 DUKE BLIS,Gs   14.900,https://www.stock.com.py/images/thumbs/0170483_500.jpeg,11/12/24
Accesorios Varios,JUEGO DE HERRAMIENTAS MANUALES 13PZS STANFORD S/E REF ST-130111,Gs   158.600,https://www.stock.com.py/images/thumbs/0159949_500.jpeg,11/12/24
Accesorios Varios,HILO D/ FERRETERIA CABO 9 GREEN COTTON,Gs   20.900,https://www.stock.com.py/images/thumbs/0158309_500.jpeg,11/12/24
Accesorios Varios,CANILLA SUPERUTIL PLASTICO PARA JARDIN 1/2,Gs   10.300,https://www.stock.com.py/images/thumbs/0151872_500.jpeg,11/12/24
Accesorios Varios,CLAVOS SUPERUTIL 100 UN ACERO,Gs   6.600,https://www.stock.com.py/images/thumbs/0151787_500.jpeg,11/12/24
Accesorios Varios,CLAVOS SUPERUTIL CAJA 1 UN ACER,Gs   5.800,https://www.stock.com.py/images/thumbs/0151786_500.jpeg,11/12/24
Suavizantes,SUAVIZANTE P/ROPA EXOTICO CAVALLARO 2L,Gs   33.400,https://www.stock.com.py/images/thumbs/0208042_500.jpeg,11/12/24
Suavizantes,SUAVIZANTE P/ROPA EXOTICO CAVALLARO 900M,Gs   17.700,https://www.stock.com.py/images/thumbs/0208041_500.jpeg,11/12/24
Suavizantes,SUAVIZANTE P/ROPA EXOTICO CAVALLARO 450M,Gs   10.700,https://www.stock.com.py/images/thumbs/0208040_500.jpeg,11/12/24
Suavizantes,SUAVIZANTE P/ROPA COCONUT CAVALLARO 900M,Gs   17.700,https://www.stock.com.py/images/thumbs/0208039_500.jpeg,11/12/24
Suavizantes,SUAVIZANTE P/ROPA COCONUT CAVALLARO 450M,Gs   10.700,https://www.stock.com.py/images/thumbs/0208038_500.jpeg,11/12/24
Suavizantes,SUAVIZANTE P/ROPAS GRANEL XKG ADA BID,Gs   13.700,https://www.stock.com.py/images/thumbs/0207374_500.png,11/12/24
Suavizantes,COMFORT SUAVIZANTE PARA ROPA EXPERT CARE 500 ML,Gs   21.950,https://www.stock.com.py/images/thumbs/0203978_500.jpeg,11/12/24
Suavizantes,SUAVIZANTE COMFORT TRAD BRISA TROP 1.8L,Gs   29.600,https://www.stock.com.py/images/thumbs/0202075_500.jpeg,11/12/24
Suavizantes,SUAVIZANTE PARA ROPA ORIENTAL CAVALLARO 450ML,Gs   12.850,https://www.stock.com.py/images/thumbs/0195791_500.jpeg,11/12/24
Suavizantes,SUAVIZANTE PARA ROPA FLORAL CAVALLARO 450ML,Gs   12.850,https://www.stock.com.py/images/thumbs/0195790_500.jpeg,11/12/24
Suavizantes,SUAVIZANTE PARA ROPA PREMIUM DELICADO CAVALLARO 900ML,Gs   17.700,https://www.stock.com.py/images/thumbs/0195786_500.jpeg,11/12/24
Suavizantes,SUAVIZANTE PARA ROPA PREMIUM CLASICO CAVALLARO 900ML,Gs   17.700,https://www.stock.com.py/images/thumbs/0195785_500.jpeg,11/12/24
Suavizantes,SUAVIZANTE PARA ROPA PREMIUM INTENSO CAVALLARO 450ML,Gs   10.700,https://www.stock.com.py/images/thumbs/0195784_500.jpeg,11/12/24
Suavizantes,SUAVIZANTE PARA ROPA PREMIUM CLASICO CAVALLARO 450ML,Gs   10.700,https://www.stock.com.py/images/thumbs/0195783_500.jpeg,11/12/24
Suavizantes,SUAVIZANTE PARA ROPA PURO CUIDADO COMFORT 3LT,Gs   46.850,https://www.stock.com.py/images/thumbs/0195652_500.jpeg,11/12/24
Suavizantes,"SUAVIZANTE PARA ROPA TRADICIONAL COMFORT 1,8LT",Gs   29.350,https://www.stock.com.py/images/thumbs/0195651_500.jpeg,11/12/24
Suavizantes,SUAVIZANTE PARA ROPA TRADICIONAL COMFORT 3LT,Gs   46.850,https://www.stock.com.py/images/thumbs/0195649_500.jpeg,11/12/24
Suavizantes,SUAVIZANTE PARA ROPA CUIDADO INTENSIVO COMFORT 1LT,Gs   41.850,https://www.stock.com.py/images/thumbs/0195647_500.jpeg,11/12/24
Suavizantes,SUAVIZANTE PARA ROPA CUIDADO INTENSIVO COMFORT 1LT,Gs   41.850,https://www.stock.com.py/images/thumbs/0195645_500.jpeg,11/12/24
Suavizantes,SUAVIZANTE PARA ROPA CUIDADO INTENSIVO COMFORT 1LT,Gs   41.850,https://www.stock.com.py/images/thumbs/0195644_500.jpeg,11/12/24
Suavizantes,SUAVIZANTE PARA ROPA CUIDADO INTENSIVO COMFORT 500ML,Gs   21.950,https://www.stock.com.py/images/thumbs/0195643_500.jpeg,11/12/24
Suavizantes,SUAVIZANTE PARA ROPA ASI 900ML,Gs   17.500,https://www.stock.com.py/images/thumbs/0195152_500.jpeg,11/12/24
Suavizantes,SUAVIZANTE P/ROPAS FLORES BLANCAS 3LT POMPITA BDN,Gs   35.000,https://www.stock.com.py/images/thumbs/0191815_500.jpeg,11/12/24
Suavizantes,SUAVIZANTE DE ROPA ENCANTO FLORAL POMPITA 1L,Gs   13.200,https://www.stock.com.py/images/thumbs/0188074_500.jpeg,11/12/24
Suavizantes,SUAVIZANTE DE ROPA POMPITA FANTASY 1LT,Gs   13.200,https://www.stock.com.py/images/thumbs/0188073_500.jpeg,11/12/24
Suavizantes,SUAVIZANTE PARA ROPA ORIENTAL CAVALLARO 1600ML,Gs   39.300,https://www.stock.com.py/images/thumbs/0186844_500.jpeg,11/12/24
Suavizantes,SUAVIZANTE PARA ROPA FLORAL CAVALLARO 1600ML,Gs   39.300,https://www.stock.com.py/images/thumbs/0186843_500.jpeg,11/12/24
Suavizantes,SUAVIZANTE PARA ROPA TROPICAL CAVALLARO 450ML,Gs   12.850,https://www.stock.com.py/images/thumbs/0186825_500.jpeg,11/12/24
Margarina,DELICATA MARGARINA CREMA VEGETAL 250 GR,Gs   6.400,https://www.stock.com.py/images/thumbs/0183231_500.jpeg,11/12/24
Margarina,DELICATA MARGARINA CREMA VEGETAL 500 GR,Gs   11.700,https://www.stock.com.py/images/thumbs/0183230_500.jpeg,11/12/24
Margarina,MARGARINA SADIA QUALY ISTITUCIONA X KG,Gs   31.600,https://www.stock.com.py/images/thumbs/0173578_500.jpeg,11/12/24
Margarina,GRASA VEGETAL OK POTE 500GR ,Gs   11.700,https://www.stock.com.py/images/thumbs/0173558_500.jpeg,11/12/24
Margarina,MARGARINA OK P/COCINAR 500GR POT,Gs   10.750,https://www.stock.com.py/images/thumbs/0173557_500.jpeg,11/12/24
Margarina,MARGARINA OK P/COCINAR 250GR POT,Gs   5.900,https://www.stock.com.py/images/thumbs/0173556_500.jpeg,11/12/24
Papas,BATATA PELADA CONGELADA LA BANDEJA X 1KG PAQ,Gs   22.950,https://www.stock.com.py/images/thumbs/0212409_500.jpeg,11/12/24
Papas,MANDIOCA CONGELADA 1KG LA BANDEJA PLAS,Gs   12.100,https://www.stock.com.py/images/thumbs/0212408_500.jpeg,11/12/24
Papas,PAPA FRITA TRADICIONAL 1 KG AVIKO PQTE,Gs   31.300,https://www.stock.com.py/images/thumbs/0177550_500.jpeg,11/12/24
Papas,PAPAS NOISETTES 600 GR AVIKO,Gs   25.200,https://www.stock.com.py/images/thumbs/0177549_500.jpeg,11/12/24
Papas,PAPA FRITA MC CAIN PAQ 400 GR,Gs   13.750,https://www.stock.com.py/images/thumbs/0162806_500.png,11/12/24
Papas,PAPA FRITA CONGELADA MC CAIN NOISETTES ,Gs   38.700,https://www.stock.com.py/images/thumbs/0146855_500.jpeg,11/12/24
Papas,PAPA FRITA CONGELADA MC CAIN B,Gs   24.900,https://www.stock.com.py/images/thumbs/0146849_500.jpeg,11/12/24
Bolsas/Basureros,BASURERO JAGUAR T/MOVIL 7.5LT,Gs   22.600,https://www.stock.com.py/images/thumbs/0209581_500.jpeg,11/12/24
Bolsas/Basureros,BOLSAS PARA BAN?O TAM MEDIANO PIXOL 30UN,Gs   11.100,https://www.stock.com.py/images/thumbs/0208033_500.jpeg,11/12/24
Bolsas/Basureros,BOLSA P/BASURA POLIFOAM 5*200LT ,Gs   9.700,https://www.stock.com.py/images/thumbs/0206330_500.jpeg,11/12/24
Bolsas/Basureros,BOLSA PARA RESIDUOS RESISTENTE 200LT X 10UN LAVA1000 PAQ,Gs   18.750,https://www.stock.com.py/images/thumbs/0206329_500.jpeg,11/12/24
Bolsas/Basureros,BOLSA PARA RESIDUOS ECONOMICA 200LT X 10UN LAVA1000 PAQ,Gs   7.900,https://www.stock.com.py/images/thumbs/0206328_500.jpeg,11/12/24
Bolsas/Basureros,BOLSA PARA RESIDUOS RESISTENTE 250L YVERA BSA,Gs   13.800,https://www.stock.com.py/images/thumbs/0206325_500.jpeg,11/12/24
Bolsas/Basureros,BOLSA P/RESIDUOS SUPERIOR ALTA RESISTENCIA 200LT 10UND BASE BASE BSA,Gs   24.950,https://www.stock.com.py/images/thumbs/0206315_500.jpeg,11/12/24
Bolsas/Basureros,BOLSA PARA BASURA MEDIANA  70LT x 10UND VIRUTEX ROLL ,Gs   9.900,https://www.stock.com.py/images/thumbs/0203684_500.jpeg,11/12/24
Bolsas/Basureros,BOLSA PARA RESIDUOS RESISTENTE 200LT DAYO 5UNID,Gs   6.900,https://www.stock.com.py/images/thumbs/0197018_500.jpeg,11/12/24
Bolsas/Basureros,BOLSA PARA RESIDUOS RESISTENTE 40LTS DAYO 10UNID,Gs   1.950,https://www.stock.com.py/images/thumbs/0196327_500.jpeg,11/12/24
Bolsas/Basureros,BOLSAS P/RESIDUOS REFORZADAS 150LT POLIFOAM PAQ,Gs   14.000,https://www.stock.com.py/images/thumbs/0192419_500.jpeg,11/12/24
Bolsas/Basureros,BOLSA PARA RESIDUOS RESISTENTE 150LT X 10UN LAVA1000 PAQ,Gs   12.650,https://www.stock.com.py/images/thumbs/0192340_500.jpeg,11/12/24
Bolsas/Basureros,BOLSA PARA RESIDUOS ECONOMICA 40LTS DAYO 10UNID,Gs   1.250,https://www.stock.com.py/images/thumbs/0188030_500.jpeg,11/12/24
Bolsas/Basureros,BOLSA PARA RESIDUOS RESISTENTE 150LT DAYO 10UNID,Gs   8.650,https://www.stock.com.py/images/thumbs/0182057_500.jpeg,11/12/24
Bolsas/Basureros,BOLSA PARA RESIDUOS RESISTENTE 100LT DAYO 10UNID,Gs   5.700,https://www.stock.com.py/images/thumbs/0182056_500.jpeg,11/12/24
Bolsas/Basureros,BOLSA PARA RESIDUOS ECONOMICA 100LTS DAYO 10UNID,Gs   2.950,https://www.stock.com.py/images/thumbs/0182055_500.jpeg,11/12/24
Bolsas/Basureros,BOLSA PARA RESIDUOS ECONOMICA 200LTS DAYO 5UNID,Gs   3.950,https://www.stock.com.py/images/thumbs/0182054_500.jpeg,11/12/24
Bolsas/Basureros,BOLSA PARA RESIDUOS ECONOMICA 150LTS DAYO 10UNID,Gs   4.800,https://www.stock.com.py/images/thumbs/0181032_500.jpeg,11/12/24
Bolsas/Basureros,BOLSA P/RESIDUOS RESISTENTES 200LT BASE BASE BSA,Gs   13.200,https://www.stock.com.py/images/thumbs/0176749_500.jpeg,11/12/24
Bolsas/Basureros,BOLSA POLIFOAM P/BAÑO *10UN,Gs   3.050,https://www.stock.com.py/images/thumbs/0176704_500.jpeg,11/12/24
Bolsas/Basureros,BOLSA P/RESIDUOS RESISTENTES 150LT BASE BASE BSA,Gs   9.400,https://www.stock.com.py/images/thumbs/0176641_500.jpeg,11/12/24
Bolsas/Basureros,BOLSAS P/RESIDUOS ECONOMICAS 150LT POLIFOAM PAQ,Gs   6.850,https://www.stock.com.py/images/thumbs/0176586_500.jpeg,11/12/24
Bolsas/Basureros,BOLSAS P/RESIDUOS 150LT VERDE AMITA 5UN PAQ,Gs   9.900,https://www.stock.com.py/images/thumbs/0172920_500.jpeg,11/12/24
Bolsas/Basureros,BOLSA PARA RESIDUOS AMITA 150 LITROS 10 UNIDADES,Gs   10.900,https://www.stock.com.py/images/thumbs/0172877_500.jpeg,11/12/24
Bolsas/Basureros,BOLSA PARA RESIDUOS AMITA BOLSA 100,Gs   7.400,https://www.stock.com.py/images/thumbs/0172876_500.jpeg,11/12/24
Bolsas/Basureros,BOLSA PARA RESIDUOS AMITA BOLSA 100,Gs   5.600,https://www.stock.com.py/images/thumbs/0172875_500.jpeg,11/12/24
Bolsas/Basureros,BOLSA PARA RESIDUOS AMITA BOLSA 70,Gs   3.300,https://www.stock.com.py/images/thumbs/0172874_500.jpeg,11/12/24
Bolsas/Basureros,BOLSA PARA RESIDUOS AMITA BOLSA 40,Gs   2.050,https://www.stock.com.py/images/thumbs/0172873_500.jpeg,11/12/24
Pre-Pizza,PREPIZZA STOCK 220GR PV,Gs   2.450,https://www.stock.com.py/images/thumbs/0209782_500.jpeg,11/12/24
Pre-Pizza,PRE PIZZA TRADICIONAL 200GR PANTODOS BSA,Gs   6.900,https://www.stock.com.py/images/thumbs/0209677_500.png,11/12/24
Pre-Pizza,PRE-PIZZA BLANCA GOURMET EL GERMANO 120GR,Gs   8.100,https://www.stock.com.py/images/thumbs/0187191_500.jpeg,11/12/24
Pre-Pizza,PRE-PIZZA DE GLUTEN EL GERMANO 2UNID,Gs   7.700,https://www.stock.com.py/images/thumbs/0187190_500.jpeg,11/12/24
Pre-Pizza,PRE PIZZA INTEGRAL MY FRIEND B,Gs   6.400,https://www.stock.com.py/images/thumbs/0178003_500.jpeg,11/12/24
Pre-Pizza,PRE PIZZA MY FRIEND 1 UN B,Gs   6.400,https://www.stock.com.py/images/thumbs/0178001_500.jpeg,11/12/24
Pañuelos/Esponjas,PAN?UELOS DE PAPEL ELITE 90 UN,Gs   12.600,https://www.stock.com.py/images/thumbs/0206768_500.jpeg,11/12/24
Pañuelos/Esponjas,CEPILLO PARA DUCHA PULOIL 1UNID,Gs   26.250,https://www.stock.com.py/images/thumbs/0194924_500.jpeg,11/12/24
Pañuelos/Esponjas,ESTOPA HIDROFILA GRANDE 250GR,Gs   9.450,https://www.stock.com.py/images/thumbs/0175701_500.jpeg,11/12/24
Pañuelos/Esponjas,PAÑUELOS TRIPLE HOJA MENTA ELITE 1x10UNID,Gs   3.700,https://www.stock.com.py/images/thumbs/0174996_500.jpeg,11/12/24
Pañuelos/Esponjas,PAÑUELOS TRIPLE HOJA AROMAS SURTIDOS ELITE 6UNID,Gs   16.850,https://www.stock.com.py/images/thumbs/0174995_500.jpeg,11/12/24
Pañuelos/Esponjas,PAÑUELOS TRIPLE HOJA VARIEDAD ELITE PAQUETE 6UNID,Gs   15.200,https://www.stock.com.py/images/thumbs/0174994_500.jpeg,11/12/24
Pañuelos/Esponjas,PAÑUELOS TRIPLE HOJA ELITE 60UNID,Gs   19.750,https://www.stock.com.py/images/thumbs/0174993_500.jpeg,11/12/24
Pañuelos/Esponjas,PAÑUELOS DESECHABLES TRIPLE HOJA ELITE 10UNID,Gs   2.950,https://www.stock.com.py/images/thumbs/0174935_500.jpeg,11/12/24
Pañuelos/Esponjas,ESTOPA GREEN COTTON CHICO,Gs   8.400,https://www.stock.com.py/images/thumbs/0158311_500.jpeg,11/12/24
Legumbres enlatadas,Arvejas BIANCA 200 gr.,Gs   2.950,https://www.stock.com.py/images/thumbs/0211707_500.jpeg,11/12/24
Legumbres enlatadas,JARDINERA BIANCA 300GR,Gs   4.200,https://www.stock.com.py/images/thumbs/0207641_500.jpeg,11/12/24
Legumbres enlatadas,CHOCLO LATA  200GR EXCELLENT LAT,Gs   6.000,https://www.stock.com.py/images/thumbs/0206897_500.png,11/12/24
Legumbres enlatadas,ARVEJAS SECAS 200GR EXCELLENT LAT,Gs   4.500,https://www.stock.com.py/images/thumbs/0206896_500.png,11/12/24
Legumbres enlatadas,PALMITOS EN TROZOS 800GR EXCELLENT LATA,Gs   25.500,https://www.stock.com.py/images/thumbs/0206895_500.png,11/12/24
Legumbres enlatadas,PALMITOS E/TROZOS 400GR EXCELLENT LAT,Gs   14.100,https://www.stock.com.py/images/thumbs/0206894_500.png,11/12/24
Legumbres enlatadas,PALMITOS E/RODAJAS X800GR EXELLENT LATA,Gs   31.350,https://www.stock.com.py/images/thumbs/0206893_500.png,11/12/24
Legumbres enlatadas,PALMITO E/RODAJAS 400GR EXCELLENT LAT,Gs   16.900,https://www.stock.com.py/images/thumbs/0206892_500.png,11/12/24
Legumbres enlatadas,Palmitos enteros EXCELLENT 800 gr.,Gs   37.850,https://www.stock.com.py/images/thumbs/0206891_500.png,11/12/24
Legumbres enlatadas,PALMITOS ENTEROS 400GR EXCELLENT LATA,Gs   20.200,https://www.stock.com.py/images/thumbs/0206890_500.png,11/12/24
Legumbres enlatadas,PRIMICIA FEIJOADA 420 GR,Gs   13.200,https://www.stock.com.py/images/thumbs/0204519_500.jpeg,11/12/24
Legumbres enlatadas,ATUN DESMENUZADO E/ACEITE GOMES DA COSTA 140GR LAT,Gs   9.200,https://www.stock.com.py/images/thumbs/0202543_500.jpeg,11/12/24
Legumbres enlatadas,DO?A PUPA JARDINERA 340 GR,Gs   8.200,https://www.stock.com.py/images/thumbs/0199945_500.jpeg,11/12/24
Legumbres enlatadas,DO?A PUPA ARVEJAS 340 GR,Gs   5.050,https://www.stock.com.py/images/thumbs/0199936_500.jpeg,11/12/24
Legumbres enlatadas,JARDINERA DE VEGETALES NORTE 200GR,Gs   5.250,https://www.stock.com.py/images/thumbs/0198418_500.jpeg,11/12/24
Legumbres enlatadas,ARVEJA NORTE 200GR,Gs   4.050,https://www.stock.com.py/images/thumbs/0197897_500.jpeg,11/12/24
Legumbres enlatadas,CHOCLO EN GRANOS NORTE 200GR,Gs   5.650,https://www.stock.com.py/images/thumbs/0197896_500.jpeg,11/12/24
Legumbres enlatadas,BON GUSTO JARDINERA DE HORTALIZAS Y LEGUMBRES EN CONSERVA 300 GR,Gs   6.650,https://www.stock.com.py/images/thumbs/0196997_500.jpeg,11/12/24
Legumbres enlatadas,BON GUSTO ENSALADA DE HORTALIZAS 300 GR,Gs   6.150,https://www.stock.com.py/images/thumbs/0196996_500.jpeg,11/12/24
Legumbres enlatadas,ARCOR CHOCLO AMARILLO ENTERO 300 GR,Gs   9.500,https://www.stock.com.py/images/thumbs/0196673_500.jpeg,11/12/24
Legumbres enlatadas,FRIJOLES NEGROS REFRITOS LA COSTEÑA 400GR,Gs   18.850,https://www.stock.com.py/images/thumbs/0195381_500.jpeg,11/12/24
Legumbres enlatadas,FRIJOLES CHARROS LA COSTEÑA 560GR,Gs   25.600,https://www.stock.com.py/images/thumbs/0195380_500.jpeg,11/12/24
Legumbres enlatadas,CHOCLO EN GRANOS SELECCIONADOS BON GUSTO 200GR,Gs   6.100,https://www.stock.com.py/images/thumbs/0195073_500.jpeg,11/12/24
Legumbres enlatadas,PALMITOS ENTEROS 400GR DOBLE RICCO LAT,Gs   24.900,https://www.stock.com.py/images/thumbs/0169069_500.jpeg,11/12/24
Legumbres enlatadas,PALMITOS SAN DIEGO LATA 180 GR,Gs   16.200,https://www.stock.com.py/images/thumbs/0169066_500.jpeg,11/12/24
Normal,GASEOSA COLA PEPSI 250ML,Gs   3.000,https://www.stock.com.py/images/thumbs/0209775_500.jpeg,11/12/24
Normal,GASEOSA COLA SIN AZUCAR PEPSI BLACK 500ML,Gs   5.500,https://www.stock.com.py/images/thumbs/0209774_500.jpeg,11/12/24
Normal,GASEOSA COLA PEPSI 3LT,Gs   16.000,https://www.stock.com.py/images/thumbs/0209773_500.jpeg,11/12/24
Normal,GASEOSA PEPSI COLA 2 LITROS BOTELLA,Gs   12.000,https://www.stock.com.py/images/thumbs/0209772_500.jpeg,11/12/24
Normal,GASEOSA PEPSI COLA 500 ML BOTELLA,Gs   5.500,https://www.stock.com.py/images/thumbs/0209771_500.jpeg,11/12/24
Normal,GASEOSA COLA SIN AZUCAR PEPSI BLACK 2LT,Gs   12.000,https://www.stock.com.py/images/thumbs/0209770_500.jpeg,11/12/24
Normal,GASEOSA SABOR POMELO PASO DE LOS TOROS 3LT,Gs   16.000,https://www.stock.com.py/images/thumbs/0209528_500.jpeg,11/12/24
Normal,GASEOSA SABOR POMELO PASO DE LOS TOROS 2LTS,Gs   12.000,https://www.stock.com.py/images/thumbs/0209525_500.jpeg,11/12/24
Normal,GASEOSA SABOR POMELO PASO DE LOS TOROS 500ML,Gs   5.500,https://www.stock.com.py/images/thumbs/0209524_500.jpeg,11/12/24
Normal,AGUA TONICA 2 LTS SCHWEPPES PET,Gs   12.900,https://www.stock.com.py/images/thumbs/0208787_500.jpeg,11/12/24
Normal,GASEOSA CITRUS SCHWEPPES BOTELLA 500CC,Gs   6.000,https://www.stock.com.py/images/thumbs/0208785_500.jpeg,11/12/24
Normal,GASEOSA CITRUS SCHWEPPES BOTELLA 2,Gs   12.900,https://www.stock.com.py/images/thumbs/0208784_500.jpeg,11/12/24
Normal,DE LA COSTA GASEOSA SABOR GUARANA 269 ML,Gs   4.000,https://www.stock.com.py/images/thumbs/0206703_500.jpeg,11/12/24
Normal,GASEOSA COLA DE LA COSTA 269 ML 6UN,Gs   4.000,https://www.stock.com.py/images/thumbs/0206702_500.jpeg,11/12/24
Normal,GASEOSA PIÑA 3L NIKO BOT,Gs   7.500,https://www.stock.com.py/images/thumbs/0206701_500.jpeg,11/12/24
Normal,DE LA COSTA GASEOSA SABOR GUARANA 3 LITROS,Gs   6.500,https://www.stock.com.py/images/thumbs/0206697_500.jpeg,11/12/24
Normal,GASEOSA NIKP GUARANA 3LT PEP,Gs   7.500,https://www.stock.com.py/images/thumbs/0206696_500.jpeg,11/12/24
Normal,GASEOSA LIMON 2LT DE LA COSTA BOT,Gs   5.000,https://www.stock.com.py/images/thumbs/0206685_500.jpeg,11/12/24
Normal,GASEOSA NIKO LIMA LIMON DESC 2LT,Gs   4.700,https://www.stock.com.py/images/thumbs/0206677_500.jpeg,11/12/24
Normal,GASEOSA GUARANA NIKO BOTELLA 1 LT.,Gs   3.500,https://www.stock.com.py/images/thumbs/0206676_500.jpeg,11/12/24
Normal,GASEOSA NIKO GUARANA DESC 2LT,Gs   4.700,https://www.stock.com.py/images/thumbs/0206675_500.jpeg,11/12/24
Normal,GASEOSA NIKO POMELO DESC 2LT,Gs   4.700,https://www.stock.com.py/images/thumbs/0206674_500.jpeg,11/12/24
Normal,GASEOSA NIKO GUARANA DESC 330ML,Gs   2.000,https://www.stock.com.py/images/thumbs/0206673_500.jpeg,11/12/24
Normal,GASEOSA S/LIMA LIMON SPRITE MEGAPACK 1LT,Gs   22.000,https://www.stock.com.py/images/thumbs/0206481_500.jpeg,11/12/24
Normal,GASEOSA SABOR NARANJA FANTA MEGAPACK 1LT,Gs   22.000,https://www.stock.com.py/images/thumbs/0206480_500.jpeg,11/12/24
Normal,GASEOSA SABOR GUARANA FANTA MINI 250ML,Gs   17.500,https://www.stock.com.py/images/thumbs/0205314_500.jpeg,11/12/24
Normal,COCA-COLA GASEOSA SABOR ORIGINAL MENOS AZUCARES 1 LITRO,Gs   8.000,https://www.stock.com.py/images/thumbs/0203716_500.jpeg,11/12/24
Normal,GASEOSA CERO CALORIAS SABOR GUARANA PIRI 2 LITRO,Gs   4.850,https://www.stock.com.py/images/thumbs/0201611_500.jpeg,11/12/24
Acces.Iluminacion,FICHA ADAPTADOR UNIVERSAL SUPERUTIL BSA,Gs   8.500,https://www.stock.com.py/images/thumbs/0192254_500.jpeg,11/12/24
Acces.Iluminacion,FICHA SUPERUTIL BLISTER 1 UN MACHO,Gs   10.300,https://www.stock.com.py/images/thumbs/0192253_500.jpeg,11/12/24
Acces.Iluminacion,PROLONGADOR ECON.C/ZAPATILLA 8MT SUPERUTIL BLIS,Gs   54.800,https://www.stock.com.py/images/thumbs/0192250_500.jpeg,11/12/24
Acces.Iluminacion,PROLONGADOR C/PORTA LAMPARA 5MT SUPERUTIL BLIS,Gs   34.600,https://www.stock.com.py/images/thumbs/0192249_500.jpeg,11/12/24
Acces.Iluminacion,PROLONGADOR ECON SIMPLE DE 5MT SUPERUTIL BLIS,Gs   38.000,https://www.stock.com.py/images/thumbs/0192248_500.jpeg,11/12/24
Acces.Iluminacion,PROLONGADOR ECON C/ZAPATILLA DE 5MT SUPERUTIL BLIS,Gs   44.200,https://www.stock.com.py/images/thumbs/0192247_500.jpeg,11/12/24
Acces.Iluminacion,ENCHUFE TRES SALIDAS SUPERUTIL,Gs   10.400,https://www.stock.com.py/images/thumbs/0185295_500.jpeg,11/12/24
Acces.Iluminacion,FICHA MACHO ESPECIAL SUPERUTIL,Gs   7.100,https://www.stock.com.py/images/thumbs/0185294_500.jpeg,11/12/24
Acces.Iluminacion,FICHA HEMBRA ESPECIAL SUPERUTIL,Gs   7.400,https://www.stock.com.py/images/thumbs/0185293_500.jpeg,11/12/24
Acces.Iluminacion,FICHA ADAPTADOR SUPERUTIL ,Gs   10.300,https://www.stock.com.py/images/thumbs/0185289_500.jpeg,11/12/24
Acces.Iluminacion,FICHA UNIVERSAL SUPERUTIL,Gs   12.000,https://www.stock.com.py/images/thumbs/0185288_500.jpeg,11/12/24
Acces.Iluminacion,ADAPTADOR ESPAÑOL T/GRUESO PATA REDONDA SUPERUTIL,Gs   17.000,https://www.stock.com.py/images/thumbs/0185286_500.jpeg,11/12/24
Acces.Iluminacion,ADAPTADOR ESPAÑOL T/GRUESO PATA PLANA SUPERUTIL,Gs   16.800,https://www.stock.com.py/images/thumbs/0185285_500.jpeg,11/12/24
Acces.Iluminacion,FICHA MULTIPLE 4 TOMAS SUPERUTIL,Gs   20.200,https://www.stock.com.py/images/thumbs/0185284_500.jpeg,11/12/24
Acces.Iluminacion,LLAVE P/DUCHA 25A 250V UNID ELEKTRON BLI,Gs   14.600,https://www.stock.com.py/images/thumbs/0185270_500.jpeg,11/12/24
Acces.Iluminacion,ARRANCADOR 4.65W PHILIPS BLIS PHILIPS                   x 25,Gs   5.000,https://www.stock.com.py/images/thumbs/0177489_500.jpeg,11/12/24
Acces.Iluminacion,FICHA ADAPTADOR TRIPLE,Gs   8.200,https://www.stock.com.py/images/thumbs/0158215_500.jpeg,11/12/24
Acces.Iluminacion,ENCHUFE SUPERUTIL TRES SALIDAS,Gs   12.000,https://www.stock.com.py/images/thumbs/0158214_500.jpeg,11/12/24
Acces.Iluminacion,FICHA ADAPTADOR BLISTER 1 UN PLANO,Gs   6.000,https://www.stock.com.py/images/thumbs/0158211_500.jpeg,11/12/24
Acces.Iluminacion,CABLE SUPERUTIL 1 UN x 1,Gs   64.500,https://www.stock.com.py/images/thumbs/0158210_500.jpeg,11/12/24
Acces.Iluminacion,CABLE SUPERUTIL BLISTER 1 UN PARAL,Gs   45.500,https://www.stock.com.py/images/thumbs/0158209_500.jpeg,11/12/24
Acces.Iluminacion,LLAVE SUPERUTIL BLISTER 1 UN BUSCA,Gs   7.300,https://www.stock.com.py/images/thumbs/0151847_500.jpeg,11/12/24
Acces.Iluminacion,FICHA MACHO BLISTER 1 UN PLANA,Gs   4.900,https://www.stock.com.py/images/thumbs/0151821_500.jpeg,11/12/24
Acces.Iluminacion,CABLE SUPERUTIL BLISTER 1 UN PP EX,Gs   53.200,https://www.stock.com.py/images/thumbs/0151810_500.jpeg,11/12/24
Acces.Iluminacion,FICHA SUPERUTIL BLISTER 1 UN HEMBR,Gs   5.100,https://www.stock.com.py/images/thumbs/0151805_500.jpeg,11/12/24
Enteros,BEBIDA LACTEA SABOR COCO SAN LOREN 1LT,Gs   6.200,https://www.stock.com.py/images/thumbs/0211718_500.jpeg,11/12/24
Enteros,YOGURT SABOR FRUTILLA SAN LOREN 1LT,Gs   6.200,https://www.stock.com.py/images/thumbs/0211717_500.jpeg,11/12/24
Enteros,YOGURT SABOR VAINILLA SACHET SAN LOREN 1LT,Gs   6.200,https://www.stock.com.py/images/thumbs/0211716_500.jpeg,11/12/24
Enteros,YOGUR DESCR TREBOL GRIEGUR NATURAL 200GR,Gs   6.800,https://www.stock.com.py/images/thumbs/0207961_500.jpeg,11/12/24
Enteros,YOGHURT GRIEGO LOS COLONOS 25 GR,Gs   5.000,https://www.stock.com.py/images/thumbs/0207025_500.jpeg,11/12/24
Enteros,YOGURT KISSI KIDS 150/13GR C/FRUCTICEREAL LOS COLONOS POT,Gs   3.800,https://www.stock.com.py/images/thumbs/0205487_500.jpeg,11/12/24
Enteros,YOGHURT ENTERO FRUTILLA X 350GR LOS COLONOS POTE ,Gs   5.000,https://www.stock.com.py/images/thumbs/0205476_500.jpeg,11/12/24
Enteros,YOGHURT ENTERO COCO X 350GR LOS COLONOS POTE ,Gs   5.000,https://www.stock.com.py/images/thumbs/0205475_500.jpeg,11/12/24
Enteros,YOGHURT GRIEGO CIRUELA X125 GR LOS COLONOS POT ,Gs   5.000,https://www.stock.com.py/images/thumbs/0205473_500.jpeg,11/12/24
Enteros,YOGURTH GRIEGO NATURAL CON FRUTILLA X125 GR POTE ,Gs   5.000,https://www.stock.com.py/images/thumbs/0205472_500.jpeg,11/12/24
Enteros,BEBIDA LACTEA SABOR DURAZNO TAMBO BLANCO 500ML SACHET,Gs   3.650,https://www.stock.com.py/images/thumbs/0205465_500.jpeg,11/12/24
Enteros,BEBIDA LACTEA SABOR DURAZNO TAMBO BLANCO 1LT SACHET,Gs   6.900,https://www.stock.com.py/images/thumbs/0205464_500.jpeg,11/12/24
Enteros,YOGHURT ENTERO LA PRADERA FRUTILLA 500 ML SCH ,Gs   4.900,https://www.stock.com.py/images/thumbs/0205460_500.jpeg,11/12/24
Enteros,PARMALAT YOGURT ENTERO BEBIBLE SABOR CREMA Y CHOCOLATE 900 ML,Gs   8.450,https://www.stock.com.py/images/thumbs/0203696_500.jpeg,11/12/24
Enteros,PARMALAT YOGURT ENTERO BEBIBLE SABOR COCO 900 ML,Gs   8.450,https://www.stock.com.py/images/thumbs/0203695_500.jpeg,11/12/24
Enteros,PARMALAT YOGURT ENTERO BEBIBLE SABOR VAINILLA 900 ML,Gs   8.450,https://www.stock.com.py/images/thumbs/0203694_500.jpeg,11/12/24
Enteros,PARMALAT YOGURT ENTERO BEBIBLE SABOR FRUTILLA 900 ML,Gs   8.450,https://www.stock.com.py/images/thumbs/0203693_500.jpeg,11/12/24
Enteros,YOGUR ENT TREBOL SAB FRU DEL BOSQUE 1LT,Gs   9.450,https://www.stock.com.py/images/thumbs/0203172_500.jpeg,11/12/24
Enteros,CEREGURT TEDDY CON CEREALES CHOC,Gs   3.600,https://www.stock.com.py/images/thumbs/0201718_500.jpeg,11/12/24
Enteros,CEREGURT ÑANDU CON CEREALES F R,Gs   3.600,https://www.stock.com.py/images/thumbs/0201716_500.jpeg,11/12/24
Enteros,CEREGURT VAQUITA CON CEREAL CF,Gs   3.600,https://www.stock.com.py/images/thumbs/0201715_500.jpeg,11/12/24
Enteros,LACTEOS LA FORTUNA YOGHURT LIGHT SABOR UVA 180 GR,Gs   2.700,https://www.stock.com.py/images/thumbs/0200229_500.jpeg,11/12/24
Enteros,LACTEOS LA FORTUNA YOGHURT LIGHT SABOR VAINILLA 180 GR,Gs   2.700,https://www.stock.com.py/images/thumbs/0200228_500.jpeg,11/12/24
Enteros,LACTEOS LA FORTUNA YOGHURT LIGHT SABOR FRUTILLA 180 GR,Gs   2.700,https://www.stock.com.py/images/thumbs/0200227_500.jpeg,11/12/24
Enteros,LACTEOS LA FORTUNA YOGHURT LIGHT SABOR CIRUELA 180 GR,Gs   2.700,https://www.stock.com.py/images/thumbs/0200226_500.jpeg,11/12/24
Enteros,YOGHURT NATURAL S/AZUCAR LA FORTUNA 350GR,Gs   4.450,https://www.stock.com.py/images/thumbs/0200225_500.jpeg,11/12/24
Enteros,YOGHURT CON COLAGENO SABOR MANZANA LA FORTUNA 180GR,Gs   6.200,https://www.stock.com.py/images/thumbs/0198581_500.jpeg,11/12/24
Enteros,YOGHURT CON COLAGENO SABOR NARANJA + ZANAHORIA LA FORTUNA 180GR,Gs   6.200,https://www.stock.com.py/images/thumbs/0198580_500.jpeg,11/12/24
Limpiadores,LYSOFORM DESINFECTANTE BA?O LIMPIADOR LIQUIDO 500 CC,Gs   30.000,https://www.stock.com.py/images/thumbs/0212522_500.jpeg,11/12/24
Limpiadores,ANTIGRASA LIMPIEZA DIARIA REPUESTO MR. MUSCULO 900ML,Gs   21.900,https://www.stock.com.py/images/thumbs/0212519_500.jpeg,11/12/24
Limpiadores,MR MUSCULO COCINA LIMPIADOR LIQUIDO ANTIGRASA LIMPIEZA DIARIA 450 CM3,Gs   10.250,https://www.stock.com.py/images/thumbs/0212518_500.jpeg,11/12/24
Limpiadores,MR. MUSCULO EXTRA POWER COCINA ANTIGRASA RECARGA 450 ML,Gs   14.900,https://www.stock.com.py/images/thumbs/0212516_500.jpeg,11/12/24
Limpiadores,CERA LIQ CERAMICOS ROJO BLEM REP 450ML,Gs   25.800,https://www.stock.com.py/images/thumbs/0212493_500.jpeg,11/12/24
Limpiadores,CERA LIQ CERAMICOS INCOLORO BLEM REP 450,Gs   25.800,https://www.stock.com.py/images/thumbs/0212492_500.jpeg,11/12/24
Limpiadores,LYSOFORM LIMPIADOR LIQUIDO DESINFECTANTE MULTISUPERFICIES 450 ML,Gs   14.900,https://www.stock.com.py/images/thumbs/0212490_500.jpeg,11/12/24
Limpiadores,LYSOFROM DESINFECTANTE MULTISUPERFICIES 500 CC,Gs   26.500,https://www.stock.com.py/images/thumbs/0212489_500.jpeg,11/12/24
Limpiadores,LYSOFORM DESINFECTANTE DE PISOS LAVANDA 4 LITROS,Gs   58.500,https://www.stock.com.py/images/thumbs/0212486_500.jpeg,11/12/24
Limpiadores,"LYSOFORM DESINFECTANTE DE PISOS SOLUCION TOTAL LAVANDA 1,8 LITROS",Gs   26.500,https://www.stock.com.py/images/thumbs/0212485_500.jpeg,11/12/24
Limpiadores,LYSOFORM DESINFECTANTE DE PISOS FLORAL PERFECTION 900 ML,Gs   15.500,https://www.stock.com.py/images/thumbs/0212484_500.jpeg,11/12/24
Limpiadores,LYSOFORM DESINFECTANTE DE PISOS LAVANDA 900 ML,Gs   15.500,https://www.stock.com.py/images/thumbs/0212482_500.jpeg,11/12/24
Limpiadores,BLEM CERA LIQUIDA PARA CERAMICOS ROJO 800 ML,Gs   41.900,https://www.stock.com.py/images/thumbs/0212481_500.jpeg,11/12/24
Limpiadores,BLEM CERA LIQUIDA PARA CERAMICOS INCOLORO 800 ML,Gs   41.900,https://www.stock.com.py/images/thumbs/0212480_500.jpeg,11/12/24
Limpiadores,PATO PURIFIC MARINA GEL LIMPIADOR DESINFECTANTE PARA INODOROS 500 ML,Gs   40.900,https://www.stock.com.py/images/thumbs/0212479_500.jpeg,11/12/24
Limpiadores,LIMPIADOR LIQ. VIDRIO Y MULTIUSO 500ML MR. MUSCULO GAT. ,Gs   24.900,https://www.stock.com.py/images/thumbs/0212441_500.jpeg,11/12/24
Limpiadores,LIMPIADOR LIQ VID/MULT MR MUSCULO 450ML,Gs   11.200,https://www.stock.com.py/images/thumbs/0212440_500.jpeg,11/12/24
Limpiadores,LIMPIADOR ADHESIVO PATO DURAZNO 24.6GR,Gs   13.900,https://www.stock.com.py/images/thumbs/0212433_500.jpeg,11/12/24
Limpiadores,LIMPIADOR ADHESIVO 4EN1 LAVANDA 24.6GR,Gs   13.900,https://www.stock.com.py/images/thumbs/0212432_500.jpeg,11/12/24
Limpiadores,LIMPIADOR LIQ LAVANDA GLADE 1.8LT MR MUSCULO BOT,Gs   25.700,https://www.stock.com.py/images/thumbs/0212424_500.jpeg,11/12/24
Limpiadores,LIMPIADOR LIQUIDO CAMPOS DE LAVANDA GLADE 900ML,Gs   13.700,https://www.stock.com.py/images/thumbs/0212421_500.jpeg,11/12/24
Limpiadores,LIMPIADOR CREMOSO LYSOFORM 450ML,Gs   21.900,https://www.stock.com.py/images/thumbs/0212418_500.jpeg,11/12/24
Limpiadores,ACTIVO 100 LIMPIADOR AROMATIZANTE PARA SUPERFICIES FLORES DE JARDIN 900 ML,Gs   8.000,https://www.stock.com.py/images/thumbs/0211478_500.jpeg,11/12/24
Limpiadores,ACTIVO 100 LIMPIADOR AROMATIZANTE PARA SUPERFICIES CAMPOS DE ALGODON 900 ML,Gs   8.000,https://www.stock.com.py/images/thumbs/0211476_500.jpeg,11/12/24
Limpiadores,ACTIVO 100 LIMPIADOR AROMATIZANTE PARA SUPERFICIES LAVANDA 900 ML,Gs   8.000,https://www.stock.com.py/images/thumbs/0211475_500.jpeg,11/12/24
Limpiadores,TOALLITAS DESINFECT D/SUPER AYUDIN 36UN,Gs   29.000,https://www.stock.com.py/images/thumbs/0207950_500.jpeg,11/12/24
Limpiadores,LIMPIADOR ANTIHONGOS C/CLOR AYUDIN 450ML,Gs   16.000,https://www.stock.com.py/images/thumbs/0207949_500.jpeg,11/12/24
Limpiadores,LIMPIADOR D/BAN? ACTIV/ANTIS AYUDIN 500ML,Gs   33.200,https://www.stock.com.py/images/thumbs/0207948_500.jpeg,11/12/24
Plantas/Accesorios,MACETERO CUAD REF T9412 NRO 12 VERDE T.A PLASTIC S/E,Gs   13.200,https://www.stock.com.py/images/thumbs/0203105_500.jpeg,11/12/24
Plantas/Accesorios,BARRILITO REF T050 BARRIL NRO 20 VERDE T.A. PLASTIC S/E,Gs   26.000,https://www.stock.com.py/images/thumbs/0203098_500.jpeg,11/12/24
Plantas/Accesorios,MACETERO CUADRADO PQ REF T9408 NRO 8 VERDE T.A. PLASTIC S/E,Gs   7.900,https://www.stock.com.py/images/thumbs/0202229_500.jpeg,11/12/24
Plantas/Accesorios,MACETERO P/ PARED REF T0068 NRO 22 VERDE T.A PLASTIC S/E,Gs   22.500,https://www.stock.com.py/images/thumbs/0202212_500.jpeg,11/12/24
Plantas/Accesorios,BARRILITO REF T050 BARRIL NRO 20 AMARILLO T.A PLASTIC S/E,Gs   26.000,https://www.stock.com.py/images/thumbs/0202209_500.jpeg,11/12/24
Plantas/Accesorios,VASO DE PARED FLORENCIA NEGRO RISCHIOTO 3.3L,Gs   15.500,https://www.stock.com.py/images/thumbs/0193958_500.jpeg,11/12/24
Plantas/Accesorios,RISCHIOTO MACETERO VERDE MEDIANO PARA PARED,Gs   22.600,https://www.stock.com.py/images/thumbs/0193755_500.jpeg,11/12/24
Plantas/Accesorios,MACETERO RED. PEQ T9508 NRO 8 NARANJA T.A PLASTIC S/E,Gs   8.500,https://www.stock.com.py/images/thumbs/0191277_500.jpeg,11/12/24
Plantas/Accesorios,MACETERO RED. PEQ REF T9508 NRO 8 AMARILLO T.A PLASTIC S/E,Gs   8.500,https://www.stock.com.py/images/thumbs/0191276_500.jpeg,11/12/24
Plantas/Accesorios,FILTRO P/ TERMO D/ ACERO INOXIDABLE MT TERERE RE,Gs   35.000,https://www.stock.com.py/images/thumbs/0178428_500.jpeg,11/12/24
Frutas,FRUTILLA ENTERA CONGELADA SABROSON 1KG,Gs   48.300,https://www.stock.com.py/images/thumbs/0187235_500.jpeg,11/12/24
Frutas,FRANGUESAS ENTERAS CONGELADAS SABROSON 1KG,Gs   128.200,https://www.stock.com.py/images/thumbs/0187234_500.jpeg,11/12/24
Frutas,ARANDANOS ENTEROS CONGELADOS SABROSON 1KG,Gs   72.400,https://www.stock.com.py/images/thumbs/0187233_500.jpeg,11/12/24
Frutas,SMOOTHIES VERDE FRUTOS DEL MAIPO 500GR PAQ,Gs   43.900,https://www.stock.com.py/images/thumbs/0179798_500.jpeg,11/12/24
Frutas,SMOOTHIES ROJO FRUTOS DEL MAIPO 500GR BSA,Gs   51.800,https://www.stock.com.py/images/thumbs/0172998_500.jpeg,11/12/24
Frutas,FRAMBUESA 400 GR x 1,Gs   44.000,https://www.stock.com.py/images/thumbs/0147369_500.jpeg,11/12/24
Merenderos/Termos/Papelera,PORTA SAN REMO MERIENDA685E,Gs   9.200,https://www.stock.com.py/images/thumbs/0183347_500.jpeg,11/12/24
Merenderos/Termos/Papelera,BOTELLA SAN REMO CON PICO CON VALV 754/20E,Gs   6.300,https://www.stock.com.py/images/thumbs/0155982_500.jpeg,11/12/24
Merenderos/Termos/Papelera,BOTELLA SAN REMO CON PICO 500ML 756/20E,Gs   7.700,https://www.stock.com.py/images/thumbs/0155937_500.jpeg,11/12/24
Merenderos/Termos/Papelera,BOTELLA SAN REMO DEP 500ML 756/30E,Gs   8.600,https://www.stock.com.py/images/thumbs/0155889_500.jpeg,11/12/24
Merenderos/Termos/Papelera,PAPELERA SAN REMO 20.5LT 280E,Gs   59.900,https://www.stock.com.py/images/thumbs/0155886_500.jpeg,11/12/24
Cuidado para Calzados,POMADA LIQ AUTOBRILLO MARRON 60ML WASSINGTON FCO,Gs   16.950,https://www.stock.com.py/images/thumbs/0176029_500.jpeg,11/12/24
Cuidado para Calzados,POMADA LIQ AUTOBRILLO NEGRO 60GR WASSINGTON FCO,Gs   16.950,https://www.stock.com.py/images/thumbs/0176028_500.jpeg,11/12/24
Cuidado para Calzados,POMADA LIQUIDA CUERO/CUERINA BLANCO 60CM WASSINGTON PLAS,Gs   15.950,https://www.stock.com.py/images/thumbs/0176022_500.jpeg,11/12/24
Cuidado para Calzados,ESPONJA PARA ZAPATOS WASSINGTON MARRON,Gs   25.950,https://www.stock.com.py/images/thumbs/0176021_500.jpeg,11/12/24
Cuidado para Calzados,ESPONJA PARA ZAPATOS WASSINGTON NEGRO,Gs   25.950,https://www.stock.com.py/images/thumbs/0176020_500.jpeg,11/12/24
Cuidado para Calzados,ESPONJA BRILLO PARA CALZADO WASSI,Gs   25.950,https://www.stock.com.py/images/thumbs/0176019_500.jpeg,11/12/24
Cuidado para Calzados,POMADA PARA CALZADO NEGRO 30GR WASSINTON,Gs   8.700,https://www.stock.com.py/images/thumbs/0176017_500.jpeg,11/12/24
Con Alcohol,COCTEL SABOR FRUTILLA COROTE 500ML PET,Gs   8.000,https://www.stock.com.py/images/thumbs/0211837_500.png,11/12/24
Con Alcohol,COCTEL SABOR DURAZNO COROTE 500ML PET,Gs   8.000,https://www.stock.com.py/images/thumbs/0211836_500.png,11/12/24
Con Alcohol,COCTEL SABOR LIMON COROTE 500ML PET,Gs   8.000,https://www.stock.com.py/images/thumbs/0211835_500.png,11/12/24
Con Alcohol,COCTEL SABOR MENTA COROTE 500ML PET,Gs   8.000,https://www.stock.com.py/images/thumbs/0211834_500.png,11/12/24
Con Alcohol,GIN DULCE INTENCION STRAWBERRY 900 ML,Gs   40.200,https://www.stock.com.py/images/thumbs/0211824_500.png,11/12/24
Con Alcohol,TRES LEONES COCTEL CON RON ESENCIAS DE FRUTOS ROJOS 750 ML,Gs   19.000,https://www.stock.com.py/images/thumbs/0209215_500.jpeg,11/12/24
Con Alcohol,FERNET BUHERO NEGRO 700 ML,Gs   55.800,https://www.stock.com.py/images/thumbs/0207543_500.jpeg,11/12/24
Con Alcohol,DR. LEMON MOJITO BEBIDA ALCOHOLICA 275 ML,Gs   4.000,https://www.stock.com.py/images/thumbs/0207049_500.jpeg,11/12/24
Con Alcohol,FERNET 1882 750ML,Gs   49.500,https://www.stock.com.py/images/thumbs/0207032_500.jpeg,11/12/24
Con Alcohol,BENGALA  ITALIAN  SPRITZ SABOR NARANJA 269 ML,Gs   5.000,https://www.stock.com.py/images/thumbs/0206671_500.jpeg,11/12/24
Con Alcohol,BENGALA SPIRITS BEBIDA ALCOHOLICA SABOR MOJITO Y RON 269 ML,Gs   5.000,https://www.stock.com.py/images/thumbs/0206670_500.jpeg,11/12/24
Con Alcohol,BENGALA  GIN Y TONIC 269 ML,Gs   5.000,https://www.stock.com.py/images/thumbs/0206669_500.jpeg,11/12/24
Con Alcohol,VERMOUTH RESERVA ROJO YZAGUIRRE 1L,Gs   189.000,https://www.stock.com.py/images/thumbs/0205354_500.jpeg,11/12/24
Con Alcohol,COCKTEL FRUTILLA 870 ML SAMBA SUL PET,Gs   13.400,https://www.stock.com.py/images/thumbs/0205337_500.jpeg,11/12/24
Con Alcohol,COCKTEL MENTA 870 ML SAMBA SUL PET,Gs   13.400,https://www.stock.com.py/images/thumbs/0205336_500.jpeg,11/12/24
Con Alcohol,TRES LEONES COCTEL CON RON ESENCIAS DE LIMON 750 ML,Gs   19.000,https://www.stock.com.py/images/thumbs/0201565_500.jpeg,11/12/24
Con Alcohol,TRES LEONES COCTEL CON RON ESENCIAS DE MBURUKUYA 750 ML,Gs   19.000,https://www.stock.com.py/images/thumbs/0201564_500.jpeg,11/12/24
Con Alcohol,TRES LEONES COCTEL CON RON ESENCIAS DE COCO 750 ML,Gs   19.000,https://www.stock.com.py/images/thumbs/0201550_500.jpeg,11/12/24
Con Alcohol,FERNET BRANCA SABOR MENTA 750ML,Gs   72.900,https://www.stock.com.py/images/thumbs/0201492_500.jpeg,11/12/24
Con Alcohol,COCKTEL DURAZNO 870 ML SAMBA SUL PET,Gs   13.400,https://www.stock.com.py/images/thumbs/0193918_500.jpeg,11/12/24
Con Alcohol,COCKTAIL MBURUCUYA 870ML SAMBA SUL PET,Gs   13.400,https://www.stock.com.py/images/thumbs/0193917_500.jpeg,11/12/24
Con Alcohol,COCKTEL COCO 870 ML SAMBA SUL PET,Gs   13.400,https://www.stock.com.py/images/thumbs/0193916_500.jpeg,11/12/24
Con Alcohol,COCKTEL PIÑA 870 ML SAMBA SUL PET,Gs   13.400,https://www.stock.com.py/images/thumbs/0193915_500.jpeg,11/12/24
Con Alcohol,CINZANO VERMOUTH BIANCO 1 L,Gs   38.500,https://www.stock.com.py/images/thumbs/0191121_500.jpeg,11/12/24
Con Alcohol,BEBIDA APERITIVO BRANCA 450 ML FERNET BOT,Gs   45.450,https://www.stock.com.py/images/thumbs/0190952_500.jpeg,11/12/24
Con Alcohol,FERNET BRANCA 750ML,Gs   72.900,https://www.stock.com.py/images/thumbs/0187803_500.jpeg,11/12/24
Con Alcohol,FERNET BRANCA 1LITRO,Gs   94.350,https://www.stock.com.py/images/thumbs/0186936_500.jpeg,11/12/24
Con Alcohol,COCTEL CAPEL PIÑA COLADA 12X7,Gs   65.000,https://www.stock.com.py/images/thumbs/0179947_500.jpeg,11/12/24
Cremas/Aceites/Otros,LECHE CORPORAL LACTOVIT REAFIRMANT 400ML,Gs   52.800,https://www.stock.com.py/images/thumbs/0211772_500.jpeg,11/12/24
Cremas/Aceites/Otros,CREMA CORP NUTRITIVA HUMECT DAILY 350 ML,Gs   22.800,https://www.stock.com.py/images/thumbs/0208702_500.png,11/12/24
Cremas/Aceites/Otros,CREMA CORPORAL UNICREM 240ML,Gs   21.200,https://www.stock.com.py/images/thumbs/0208685_500.png,11/12/24
Cremas/Aceites/Otros,CREMA CORPORAL UNICREM 60GR,Gs   9.850,https://www.stock.com.py/images/thumbs/0208684_500.png,11/12/24
Cremas/Aceites/Otros,LOCION CORPORAL MIEL Y ALMENDRAS ALGABO,Gs   25.100,https://www.stock.com.py/images/thumbs/0208182_500.jpeg,11/12/24
Cremas/Aceites/Otros,LOCION CORPORAL BODY CARE INTENSIVE HIDRATA Y REPARA NEUTROGENA 400ML,Gs   56.000,https://www.stock.com.py/images/thumbs/0201433_500.jpeg,11/12/24
Cremas/Aceites/Otros,Body Care Intensive Hidrata & Repara Neutrogena 200 ml,Gs   34.350,https://www.stock.com.py/images/thumbs/0201430_500.jpeg,11/12/24
Cremas/Aceites/Otros,CREMA CORPORAL HUMECTACION DIARIA ST IVES 532ML,Gs   53.500,https://www.stock.com.py/images/thumbs/0197866_500.jpeg,11/12/24
Cremas/Aceites/Otros,CREMA CORPORAL NUTRITIVA BAJO LA DUCHA NIVEA 250ML,Gs   43.250,https://www.stock.com.py/images/thumbs/0195556_500.jpeg,11/12/24
Cremas/Aceites/Otros,CREMA CORPORAL PIEL RENOVADA 532ML ST IVES FCO ,Gs   53.500,https://www.stock.com.py/images/thumbs/0191194_500.jpeg,11/12/24
Cremas/Aceites/Otros,LOCION CORPORAL FOREVER YOU SWEET CARE 250ML,Gs   34.300,https://www.stock.com.py/images/thumbs/0187432_500.jpeg,11/12/24
Cremas/Aceites/Otros,LOCION CORPORAL SENSUAL PEAR SWEET CARE 250ML,Gs   34.300,https://www.stock.com.py/images/thumbs/0187430_500.jpeg,11/12/24
Cremas/Aceites/Otros,COLONIA BODY SPLASH STRAWBERRY SWEET CARE 140ML,Gs   50.400,https://www.stock.com.py/images/thumbs/0187264_500.jpeg,11/12/24
Cremas/Aceites/Otros,COLONIA BODY SPLASH STRAWBERRY & CHAMPAGNE SWEET CARE 60ML,Gs   35.900,https://www.stock.com.py/images/thumbs/0187263_500.jpeg,11/12/24
Cremas/Aceites/Otros,COLONIA BODY SPLASH SENSUAL PEAR B/S SWET CARE 140ML,Gs   50.400,https://www.stock.com.py/images/thumbs/0187262_500.jpeg,11/12/24
Cremas/Aceites/Otros,COLONIA BODY SPLASH SENSUAL PEAR SWEET CARE 60ML,Gs   35.900,https://www.stock.com.py/images/thumbs/0187261_500.jpeg,11/12/24
Cremas/Aceites/Otros,COLONIA BODY SPLASH PURE WHITE SWEET CARE 140ML,Gs   50.400,https://www.stock.com.py/images/thumbs/0187260_500.jpeg,11/12/24
Cremas/Aceites/Otros,COLONIA BODY SPLASH PURE WHITE SWEET CARE 60ML,Gs   35.900,https://www.stock.com.py/images/thumbs/0187259_500.jpeg,11/12/24
Cremas/Aceites/Otros,COLONIA BODY SPLASH PASSION VAINILLA SWEET CARE 140ML,Gs   50.400,https://www.stock.com.py/images/thumbs/0187258_500.jpeg,11/12/24
Cremas/Aceites/Otros,COLONIA BODY SPLASH HAPPY TOUCH SWEET CARE 140ML,Gs   50.400,https://www.stock.com.py/images/thumbs/0187256_500.jpeg,11/12/24
Cremas/Aceites/Otros,COLONIA BODY SPLASH HAPPY TOUCH SWEET CARE 60ML,Gs   35.900,https://www.stock.com.py/images/thumbs/0187255_500.jpeg,11/12/24
Cremas/Aceites/Otros,COLONIA BODY SPLASH FOREVER YOU SWEET CARE 140ML,Gs   50.400,https://www.stock.com.py/images/thumbs/0187252_500.jpeg,11/12/24
Cremas/Aceites/Otros,COLONIA BODY SPLASH FOREVER YOU SWEET CARE 60ML,Gs   35.900,https://www.stock.com.py/images/thumbs/0187251_500.jpeg,11/12/24
Cremas/Aceites/Otros,COLONIA BODY SPLASH FLOWER MIST SWEET CARE 140ML,Gs   50.400,https://www.stock.com.py/images/thumbs/0187250_500.jpeg,11/12/24
Dulces/Mermeladas/Miel,MANTECA DE MANI MANI KING ORIGINAL 350GR,Gs   25.000,https://www.stock.com.py/images/thumbs/0209437_500.jpeg,11/12/24
Dulces/Mermeladas/Miel,MERMELADA/FRUTILLA LIGHT ARCOR FCO 390GR,Gs   17.000,https://www.stock.com.py/images/thumbs/0208228_500.jpeg,11/12/24
Dulces/Mermeladas/Miel,MERMELADA DURAZ INTENSO LOS NIETITOS 390,Gs   44.700,https://www.stock.com.py/images/thumbs/0207485_500.jpeg,11/12/24
Dulces/Mermeladas/Miel,MERMELADA TRES FRUT DIET LOS NIETITOS 34,Gs   39.000,https://www.stock.com.py/images/thumbs/0207391_500.jpeg,11/12/24
Dulces/Mermeladas/Miel,MERMELADA DURAZNO DIET LOS NIETITOS 340G,Gs   39.000,https://www.stock.com.py/images/thumbs/0207388_500.jpeg,11/12/24
Dulces/Mermeladas/Miel,MERMELADA 3FRUT INTEN LOS NIETITOS 390GR,Gs   44.000,https://www.stock.com.py/images/thumbs/0207387_500.jpeg,11/12/24
Dulces/Mermeladas/Miel,MERMELADA D/FRUT INTEN LOS NIETITOS 390G,Gs   45.000,https://www.stock.com.py/images/thumbs/0207386_500.jpeg,11/12/24
Dulces/Mermeladas/Miel,MERMELADA NARANJA INT LOS NIETITOS 390GR,Gs   31.000,https://www.stock.com.py/images/thumbs/0207385_500.jpeg,11/12/24
Dulces/Mermeladas/Miel,MERMELADA DE GUAYABA TRAD KADO 250GR,Gs   5.600,https://www.stock.com.py/images/thumbs/0207145_500.jpeg,11/12/24
Dulces/Mermeladas/Miel,DULCE DE LECHE REPOSTERO LA PRADERA 500GR SACH,Gs   13.200,https://www.stock.com.py/images/thumbs/0204511_500.jpeg,11/12/24
Dulces/Mermeladas/Miel,DULCE DE LECHE 220GR LOS COLONOS POTE,Gs   7.300,https://www.stock.com.py/images/thumbs/0203187_500.jpeg,11/12/24
Dulces/Mermeladas/Miel,MANTECA DE MANI CREMOSA 250GR KELWA DOYP ,Gs   16.150,https://www.stock.com.py/images/thumbs/0202467_500.jpeg,11/12/24
Dulces/Mermeladas/Miel,MERMELADA FRAMBUESA LIGHT CORMILLOT 390GR FCO,Gs   23.900,https://www.stock.com.py/images/thumbs/0202452_500.jpeg,11/12/24
Dulces/Mermeladas/Miel,BC LA CAMPAGNOLA MERMELADA DE FRUTILLA 390 GR,Gs   21.000,https://www.stock.com.py/images/thumbs/0202011_500.jpeg,11/12/24
Dulces/Mermeladas/Miel,DULCE D/LECHE C/CHOCO LOS NIETITOS 400GR,Gs   27.650,https://www.stock.com.py/images/thumbs/0201973_500.jpeg,11/12/24
Dulces/Mermeladas/Miel,LOS NIETITOS DULCE DE LECHE CON CAFE 400 GR,Gs   27.650,https://www.stock.com.py/images/thumbs/0201970_500.jpeg,11/12/24
Dulces/Mermeladas/Miel,MERMELADA DE GUAYABA SABORES DE AREGUA 650G POTE,Gs   13.200,https://www.stock.com.py/images/thumbs/0201750_500.jpeg,11/12/24
Dulces/Mermeladas/Miel,MERMELADA DE GUAYABA SABORES DE AREGUA 500G POTE,Gs   7.250,https://www.stock.com.py/images/thumbs/0201749_500.jpeg,11/12/24
Dulces/Mermeladas/Miel,MERMELADA DE GUAYABA SABORES DE AREGUA 250G POTE,Gs   4.750,https://www.stock.com.py/images/thumbs/0201748_500.jpeg,11/12/24
Dulces/Mermeladas/Miel,MERMELADA DE GUAYABA SABORES DE AREGUA 240G POTE,Gs   4.950,https://www.stock.com.py/images/thumbs/0201747_500.jpeg,11/12/24
Dulces/Mermeladas/Miel,MERMELADA DE DURAZNO SABORES DE AREGUA 250G SACHET,Gs   6.900,https://www.stock.com.py/images/thumbs/0201746_500.jpeg,11/12/24
Dulces/Mermeladas/Miel,MERMELADA DE GUAYABA SABORES DE AREGUA 250G SACHET,Gs   6.900,https://www.stock.com.py/images/thumbs/0201745_500.jpeg,11/12/24
Dulces/Mermeladas/Miel,MERMELADA DE CIRUELA SABORES DE AREGUA 250G SACHET,Gs   6.900,https://www.stock.com.py/images/thumbs/0201744_500.jpeg,11/12/24
Dulces/Mermeladas/Miel,MERMELADA DE FRUTILLA  SABORES DE AREGUA 250G SACHET,Gs   7.500,https://www.stock.com.py/images/thumbs/0201743_500.jpeg,11/12/24
Dulces/Mermeladas/Miel,MERMELADA DE MORA LIGHT SABORES DE AREGUA 250G SACHET,Gs   7.500,https://www.stock.com.py/images/thumbs/0201742_500.jpeg,11/12/24
Dulces/Mermeladas/Miel,MERMELADA DE DURAZNO LIGHT SABORES DE AREGUA 250G SACHET,Gs   6.900,https://www.stock.com.py/images/thumbs/0201741_500.jpeg,11/12/24
Dulces/Mermeladas/Miel,MERMELADA DE CIRUELA LIGHT SABORES DE AREGUA 250G SACHET,Gs   6.900,https://www.stock.com.py/images/thumbs/0201740_500.jpeg,11/12/24
Dulces/Mermeladas/Miel,MERMELADA DE FRUTILLA LIGHT SABORES DE AREGUA 250G SACHET,Gs   7.500,https://www.stock.com.py/images/thumbs/0201739_500.jpeg,11/12/24
Dulces/Mermeladas/Miel,MERMELADA DE GUAYABA LIGHT SABORES DE AREGUA 250G SACHET,Gs   6.900,https://www.stock.com.py/images/thumbs/0201736_500.jpeg,11/12/24
Dulces/Mermeladas/Miel,MERMELADA DE GUAYABA SABORES DE AREGUA 410G,Gs   14.900,https://www.stock.com.py/images/thumbs/0201735_500.jpeg,11/12/24
Tampones,KOTEX TAMPONES FEMENINOS SUPER 12 UNIDADES,Gs   20.000,https://www.stock.com.py/images/thumbs/0209222_500.png,11/12/24
Tampones,TAMPONES FEMENINOS MEDIO KOTEX 12UN,Gs   21.000,https://www.stock.com.py/images/thumbs/0209221_500.png,11/12/24
Especiales,QUESO AZUL SHEHUEN xKG,Gs   133.950,https://www.stock.com.py/images/thumbs/0211541_500.jpeg,11/12/24
Especiales,QUESO EN HORMA AZUL SANTA ROSA xKG,Gs   185.250,https://www.stock.com.py/images/thumbs/0187836_500.jpeg,11/12/24
Azúcar/Endulzantes,DULCITAN EDULCORANTE DE MESA LIQUIDO 250 ML,Gs   15.250,https://www.stock.com.py/images/thumbs/0204540_500.jpeg,11/12/24
Azúcar/Endulzantes,EDULCORANTE LIQ C/SUCRALOSA/STEVIA ARCOI,Gs   14.450,https://www.stock.com.py/images/thumbs/0202569_500.jpeg,11/12/24
Azúcar/Endulzantes,EDULCORANTE D/M LIQ HECODULC STEV 250ML,Gs   40.000,https://www.stock.com.py/images/thumbs/0202519_500.jpeg,11/12/24
Azúcar/Endulzantes,EDULCORANTE LIQ HECODULC SABOR VAINILLA 100ML,Gs   20.000,https://www.stock.com.py/images/thumbs/0202079_500.jpeg,11/12/24
Azúcar/Endulzantes,EDULCORANTE D/M LIQ HECODULC STEV 100ML,Gs   22.000,https://www.stock.com.py/images/thumbs/0202078_500.jpeg,11/12/24
Azúcar/Endulzantes,AZUCAR D/CAÑA ORGANICO 500GR LA FELSINA,Gs   8.200,https://www.stock.com.py/images/thumbs/0200369_500.jpeg,11/12/24
Azúcar/Endulzantes,ENDULZANTE LIQ KAA HEE 100ML DULCITAN,Gs   24.000,https://www.stock.com.py/images/thumbs/0200061_500.jpeg,11/12/24
Azúcar/Endulzantes,DULZERO EDULCORANTE DE MESA LIQUIDO CON SUCRALOSA Y STEVIA 100 ML,Gs   10.500,https://www.stock.com.py/images/thumbs/0200050_500.jpeg,11/12/24
Azúcar/Endulzantes,DULZERO EDULCORANTE DE MESA LIQUIDO CON SUCRALOSA Y STEVIA 250 ML,Gs   18.900,https://www.stock.com.py/images/thumbs/0200049_500.jpeg,11/12/24
Azúcar/Endulzantes,DULZERO EDULCORANTE DE MESA LIQUIDO CON SUCRALOSA Y STEVIA 500 ML,Gs   31.000,https://www.stock.com.py/images/thumbs/0200048_500.jpeg,11/12/24
Azúcar/Endulzantes,EDULCORANTE 100% STEVIA KADO 100ML,Gs   15.000,https://www.stock.com.py/images/thumbs/0198749_500.jpeg,11/12/24
Azúcar/Endulzantes,EDULCORANTE CON SUCRALOSA KADO 100ML,Gs   12.200,https://www.stock.com.py/images/thumbs/0198747_500.jpeg,11/12/24
Azúcar/Endulzantes,EDULCORANTE EN POLVO MIX DE STEVIA KADO 100UNID,Gs   23.000,https://www.stock.com.py/images/thumbs/0198746_500.jpeg,11/12/24
Azúcar/Endulzantes,CHUKER CON STEVIA ENDULCORANTE DE MESA LIQUIDO 500 CC,Gs   34.550,https://www.stock.com.py/images/thumbs/0196738_500.jpeg,11/12/24
Azúcar/Endulzantes,CHUKER CON STEVIA ENDULCORANTE DE MESA LIQUIDO 250 CC,Gs   22.200,https://www.stock.com.py/images/thumbs/0196737_500.jpeg,11/12/24
Azúcar/Endulzantes,EDULCORANTE CON KA'A HE'E DULCITAN 100ML,Gs   10.950,https://www.stock.com.py/images/thumbs/0196078_500.jpeg,11/12/24
Azúcar/Endulzantes,EDULCORANTE LIFE CON SUCRALOSA DULKRE 50 SOBRES,Gs   23.350,https://www.stock.com.py/images/thumbs/0195417_500.jpeg,11/12/24
Azúcar/Endulzantes,AZUCAR IMPALPABLE AMELIA 1KG BSA,Gs   13.050,https://www.stock.com.py/images/thumbs/0192677_500.jpeg,11/12/24
Azúcar/Endulzantes,AZUCAR BLANCA GRANULADA AZUKITA AZPA 5KG,Gs   46.600,https://www.stock.com.py/images/thumbs/0187105_500.jpeg,11/12/24
Azúcar/Endulzantes,AZUCAR BLANCA GRANULADA AZUKITA AZPA 2KG,Gs   18.700,https://www.stock.com.py/images/thumbs/0187104_500.jpeg,11/12/24
Azúcar/Endulzantes,AZUCAR BLANCA GRANULADA AZUKITA AZPA 500GR,Gs   4.800,https://www.stock.com.py/images/thumbs/0187102_500.jpeg,11/12/24
Azúcar/Endulzantes,AZUCAR ORGANICA AZPA 1KG,Gs   14.900,https://www.stock.com.py/images/thumbs/0187101_500.jpeg,11/12/24
Azúcar/Endulzantes,AZUCAR BLANCA GRANULADA AZPA 2KG,Gs   20.250,https://www.stock.com.py/images/thumbs/0187100_500.jpeg,11/12/24
Azúcar/Endulzantes,AZUCAR BLANCA GRANULADA AZPA 5KG,Gs   49.900,https://www.stock.com.py/images/thumbs/0187099_500.jpeg,11/12/24
Azúcar/Endulzantes,AZUCAR BLANCA GRANULADA AZPA 1KG,Gs   10.200,https://www.stock.com.py/images/thumbs/0187098_500.jpeg,11/12/24
Azúcar/Endulzantes,AZUCAR BLANCA GRANULADA AZPA 500GR,Gs   5.200,https://www.stock.com.py/images/thumbs/0187097_500.jpeg,11/12/24
Azúcar/Endulzantes,EDULCORANTE DE MESA LIQUIDO HECODULC 100ML,Gs   13.000,https://www.stock.com.py/images/thumbs/0185593_500.jpeg,11/12/24
Azúcar/Endulzantes,EDULCORANTE DE MESA LIQUIDO ARCOIRIS 250ML PAQ,Gs   27.800,https://www.stock.com.py/images/thumbs/0182362_500.jpeg,11/12/24
Harinas / Almidón,ZAELI MASA PRONTA PARA TAPIOCA 1 KG,Gs   24.400,https://www.stock.com.py/images/thumbs/0211848_500.png,11/12/24
Harinas / Almidón,FECULA DE PAPA CODIPSA 1 KG,Gs   19.350,https://www.stock.com.py/images/thumbs/0209561_500.jpeg,11/12/24
Harinas / Almidón,HARINA DE TRIGO TIPO 000 BIANCA DE 1 KG,Gs   5.300,https://www.stock.com.py/images/thumbs/0207414_500.jpeg,11/12/24
Harinas / Almidón,MAICENA ALMIDON DE MAIZ PRODUSUR 500 GR,Gs   12.750,https://www.stock.com.py/images/thumbs/0206504_500.jpeg,11/12/24
Harinas / Almidón,ALMIDON DE MAIZ PRIMICIA 500GR,Gs   9.350,https://www.stock.com.py/images/thumbs/0204520_500.jpeg,11/12/24
Harinas / Almidón,PREMEZCLA PAN DE QUESO ERSA 400GR BSA,Gs   15.100,https://www.stock.com.py/images/thumbs/0204505_500.jpeg,11/12/24
Harinas / Almidón,PREMEZCLA DE ÑOQUIS ERSA 400GR BSA,Gs   16.900,https://www.stock.com.py/images/thumbs/0204504_500.jpeg,11/12/24
Harinas / Almidón,PREMEZCLA DE CHIPA ERSA 400GR BSA,Gs   9.300,https://www.stock.com.py/images/thumbs/0204503_500.jpeg,11/12/24
Harinas / Almidón,ALMIDON DE MANDIOCA ARCOIRIS 800GR PAQ,Gs   15.950,https://www.stock.com.py/images/thumbs/0202563_500.jpeg,11/12/24
Harinas / Almidón,PRESTO PRONTA HARINA DE MAIZ PRECOCIDA PARA PREPARAR POLENTA INSTANTANEA 730 GR,Gs   14.000,https://www.stock.com.py/images/thumbs/0201645_500.png,11/12/24
Harinas / Almidón,SANTA MASSA FAROFA PICANTE CON PEDAZOS DE CEBOLLA 200 GR,Gs   15.450,https://www.stock.com.py/images/thumbs/0200787_500.jpeg,11/12/24
Harinas / Almidón,SANTA MASSA FAROFA TRADICIONAL CON PEDAZOS DE CEBOLLA 200 GR,Gs   15.450,https://www.stock.com.py/images/thumbs/0200786_500.jpeg,11/12/24
Harinas / Almidón,MICKEY HARINA DE ARROZ 400 GR,Gs   6.550,https://www.stock.com.py/images/thumbs/0196923_500.jpeg,11/12/24
Harinas / Almidón,ALMIDON DE MAIZ MAIZENA 500GR,Gs   14.750,https://www.stock.com.py/images/thumbs/0195352_500.jpeg,11/12/24
Harinas / Almidón,ALMIDON DE MAIZ MAIZENA 200GR,Gs   6.850,https://www.stock.com.py/images/thumbs/0195351_500.jpeg,11/12/24
Harinas / Almidón,HARINA DE TRIGO 000 BELLA FLOR 1KG,Gs   4.750,https://www.stock.com.py/images/thumbs/0195232_500.png,11/12/24
Harinas / Almidón,MASA PARA TAPIOCA AMAFIL 500GR BSA,Gs   14.850,https://www.stock.com.py/images/thumbs/0193579_500.jpeg,11/12/24
Harinas / Almidón,ALMIDON DE MAIZ AMELIA 1KG BSA,Gs   13.100,https://www.stock.com.py/images/thumbs/0192679_500.jpeg,11/12/24
Harinas / Almidón,HARINA DE TRIGO 0000 1KG CEREALES PAQ,Gs   7.000,https://www.stock.com.py/images/thumbs/0191756_500.jpeg,11/12/24
Harinas / Almidón,HARINA DE TRIGO 000 ORO KU I 1KG CEREALES PAQ,Gs   5.200,https://www.stock.com.py/images/thumbs/0191755_500.jpeg,11/12/24
Harinas / Almidón,HARINA TIPO 000 PARA PREPIZZA HILDEBRAND 1KG,Gs   7.400,https://www.stock.com.py/images/thumbs/0188508_500.jpeg,11/12/24
Harinas / Almidón,HARINA DE MAIZ PARA VORIVORI MICKEY 250GR,Gs   7.250,https://www.stock.com.py/images/thumbs/0186544_500.jpeg,11/12/24
Harinas / Almidón,HARINA DE MAIZ MICKEY 250GR,Gs   5.250,https://www.stock.com.py/images/thumbs/0186542_500.jpeg,11/12/24
Harinas / Almidón,HARINA DE MAIZ MICKEY 1KG,Gs   14.950,https://www.stock.com.py/images/thumbs/0186541_500.jpeg,11/12/24
Harinas / Almidón,ALMIDON REFINADO MICKEY 500GR,Gs   10.350,https://www.stock.com.py/images/thumbs/0186537_500.jpeg,11/12/24
Harinas / Almidón,ALMIDON REFINADO MICKEY 250GR,Gs   5.800,https://www.stock.com.py/images/thumbs/0186536_500.jpeg,11/12/24
Harinas / Almidón,ALMIDON REFINADO MICKEY 1KG,Gs   20.100,https://www.stock.com.py/images/thumbs/0186535_500.jpeg,11/12/24
Harinas / Almidón,ALMIDON GRANULADO MICKEY 500GR,Gs   10.700,https://www.stock.com.py/images/thumbs/0186534_500.jpeg,11/12/24
Hilos/Sedas,HILO DENTAL ANTICARIES x2 COLGATE 50m,Gs   18.450,https://www.stock.com.py/images/thumbs/0206574_500.jpeg,11/12/24
Hilos/Sedas,HILO DENTAL FLOUR-MENTA COLGATE 25m,Gs   20.350,https://www.stock.com.py/images/thumbs/0206573_500.jpeg,11/12/24
Hilos/Sedas,HILO DENTAL MENTA COLGATE 50m,Gs   18.450,https://www.stock.com.py/images/thumbs/0206572_500.jpeg,11/12/24
Hilos/Sedas,COLGATE NATURAL EXTRACTS HILO DENTAL CON CARBON 25 METROS,Gs   20.350,https://www.stock.com.py/images/thumbs/0204896_500.jpeg,11/12/24
Hilos/Sedas,HILO DENTAL ESSENCIAL MENTA JOHNSONS 100M,Gs   19.000,https://www.stock.com.py/images/thumbs/0187369_500.jpeg,11/12/24
Hilos/Sedas,HILO DENTAL DE MENTA CON CERA JOHNSONS 50M,Gs   22.850,https://www.stock.com.py/images/thumbs/0187368_500.jpeg,11/12/24
Protectores,PROTECTORES DIARIOS LARGOS NOSOTRAS 50UN,Gs   32.550,https://www.stock.com.py/images/thumbs/0212377_500.jpeg,11/12/24
Protectores,PROTECTORES DIARIOS LARGOS NOSOTRAS 15UN,Gs   13.000,https://www.stock.com.py/images/thumbs/0212376_500.jpeg,11/12/24
Protectores,PROTECTORES DIARIOS NORMAL NOSOTRAS100UN,Gs   48.100,https://www.stock.com.py/images/thumbs/0212375_500.jpeg,11/12/24
Protectores,PROTECTOR DIARIO NORMAL NOSOTRAS 15UNID,Gs   6.850,https://www.stock.com.py/images/thumbs/0212371_500.jpeg,11/12/24
Protectores,PROTECTOR DIARIO NORMAL NOSOTRAS 30UNID,Gs   16.400,https://www.stock.com.py/images/thumbs/0212368_500.jpeg,11/12/24
Protectores,PROTECTOR DIARIO MULTIESTILO NOSOTRAS 15UNID,Gs   10.850,https://www.stock.com.py/images/thumbs/0212367_500.jpeg,11/12/24
Protectores,PROTECTORES DE LACTANCIA NOSOTRAS 12UNID,Gs   24.250,https://www.stock.com.py/images/thumbs/0212366_500.jpeg,11/12/24
Protectores,PROTECTORES DIARIOS KOTEX 20UN,Gs   14.100,https://www.stock.com.py/images/thumbs/0209255_500.jpeg,11/12/24
Protectores,PROTECTOR FEMENINO ESENCIAL PLENITUD FEMME 20UNID,Gs   20.700,https://www.stock.com.py/images/thumbs/0209246_500.png,11/12/24
Protectores,TOALLA ESENCIAL FEMME PLENITUD 8UNID,Gs   16.900,https://www.stock.com.py/images/thumbs/0209245_500.png,11/12/24
Protectores,PROTECTOR DIARIO FEMENINO KOTEX 100UNID,Gs   54.300,https://www.stock.com.py/images/thumbs/0209226_500.png,11/12/24
Protectores,PROTECTOR DIARIO FEMENINO KOTEX 20UNID,Gs   15.800,https://www.stock.com.py/images/thumbs/0209225_500.jpeg,11/12/24
Protectores,TOALLA FEM SIEMPRE LIBRE NOCHE Y DIA 8UN,Gs   11.550,https://www.stock.com.py/images/thumbs/0207089_500.jpeg,11/12/24
Protectores,PROTECTORES DIARIOS 3X20UN MIMOSA PAQ,Gs   12.300,https://www.stock.com.py/images/thumbs/0205081_500.jpeg,11/12/24
Protectores,PROTECTORES DIARIOS S/PERFUME ALWAYS 40U,Gs   23.800,https://www.stock.com.py/images/thumbs/0202992_500.jpeg,11/12/24
Protectores,PROTECTOR DIARIO MIMOSA PAQUETE 20 UN,Gs   6.750,https://www.stock.com.py/images/thumbs/0178215_500.jpeg,11/12/24
Protectores,PROTECTORES DIARIOS 15UN ALWAYS PAQ,Gs   10.200,https://www.stock.com.py/images/thumbs/0177012_500.jpeg,11/12/24
Mochilas/Bolsos,MOCHILA EL MEJOR REF VE5558,Gs   79.500,https://www.stock.com.py/images/thumbs/noDefaultImage_stock_500.gif,11/12/24
Mochilas/Bolsos,MOCHILA EL MEJOR REF B637,Gs   91.500,https://www.stock.com.py/images/thumbs/noDefaultImage_stock_500.gif,11/12/24
Mochilas/Bolsos,MOCHILA EL MEJOR REF T3-06,Gs   50.000,https://www.stock.com.py/images/thumbs/noDefaultImage_stock_500.gif,11/12/24
Mochilas/Bolsos,MOCHILA EL MEJOR REF T3-20,Gs   68.900,https://www.stock.com.py/images/thumbs/noDefaultImage_stock_500.gif,11/12/24
Mochilas/Bolsos,BOLSO D/TELADAYOREF 27513/14/15/16/17/20,Gs   99.200,https://www.stock.com.py/images/thumbs/noDefaultImage_stock_500.gif,11/12/24
Mochilas/Bolsos,MOCHILA C/DIS ESTRELLAS 9114,Gs   85.500,https://www.stock.com.py/images/thumbs/noDefaultImage_stock_500.gif,11/12/24
Mochilas/Bolsos,CARTERA ESC C/DIS DAYO REF 27177/178,Gs   46.750,https://www.stock.com.py/images/thumbs/noDefaultImage_stock_500.gif,11/12/24
Mochilas/Bolsos,CARTUCHERA ESC DAYO REF 27175,Gs   33.850,https://www.stock.com.py/images/thumbs/noDefaultImage_stock_500.gif,11/12/24
Mochilas/Bolsos,CARTUCHERA ESC DAYO REF 27509/28509,Gs   31.500,https://www.stock.com.py/images/thumbs/noDefaultImage_stock_500.gif,11/12/24
Mochilas/Bolsos,CARTUCHERA ESC C/DIS DAYO REF 27179/184,Gs   22.900,https://www.stock.com.py/images/thumbs/noDefaultImage_stock_500.gif,11/12/24
Mochilas/Bolsos,BOLSO D/TELA VR COL DAYO REF 27524/25/26,Gs   79.850,https://www.stock.com.py/images/thumbs/noDefaultImage_stock_500.gif,11/12/24
Mochilas/Bolsos,CARTUCHERA ESC C/DIS DAYO REF 27109/10,Gs   11.000,https://www.stock.com.py/images/thumbs/noDefaultImage_stock_500.gif,11/12/24
Mochilas/Bolsos,CARTU C/PLANEADOR MENSUAL DY REF.3042213,Gs   38.300,https://www.stock.com.py/images/thumbs/noDefaultImage_stock_500.gif,11/12/24
Mochilas/Bolsos,REGLA D/ 20CM C/ FORMAS DY REF.3042202,Gs   6.500,https://www.stock.com.py/images/thumbs/noDefaultImage_stock_500.gif,11/12/24
Plumeros,PLUMERO NRO 8 LAVA MIL,Gs   40.300,https://www.stock.com.py/images/thumbs/0202559_500.jpeg,11/12/24
Plumeros,PLUMERO NRO 2 LAVA MIL,Gs   23.200,https://www.stock.com.py/images/thumbs/0202557_500.jpeg,11/12/24
Plumeros,PLUMERO NRO 10 LAVA MIL,Gs   54.300,https://www.stock.com.py/images/thumbs/0192341_500.jpeg,11/12/24
Plumeros,PLUMERO GRANDE HOME THINGS 1UN S/E,Gs   33.900,https://www.stock.com.py/images/thumbs/noDefaultImage_stock_500.gif,11/12/24
Comercial,TALONARIO DE RECIBO GS 100 HOJAS ALAMO S/E,Gs   8.150,https://www.stock.com.py/images/thumbs/0202238_500.jpeg,11/12/24
Comercial,PTE.PAGARE EN G SIN COLOR X20,Gs   7.300,https://www.stock.com.py/images/thumbs/0166340_500.png,11/12/24
Pastas para Moldear,ACRILEX SOFT PLASTILINA 6 COLORES 90 GR,Gs   8.400,https://www.stock.com.py/images/thumbs/0193281_500.jpeg,11/12/24
Pastas para Moldear,PLASTILINA SUAVE FLUOR.12COLOR,Gs   12.000,https://www.stock.com.py/images/thumbs/0193266_500.jpeg,11/12/24
Pastas para Moldear,ESTUCHE PLASTILINA ACRILEX EST,Gs   13.750,https://www.stock.com.py/images/thumbs/0166323_500.png,11/12/24
Borradores,CORRECTOR AL AGUA 18ML BIC BLI,Gs   5.050,https://www.stock.com.py/images/thumbs/0212685_500.png,11/12/24
Borradores,H-TONE CINTA CORRECTIVA 5MM X 6 METROS,Gs   7.500,https://www.stock.com.py/images/thumbs/0206042_500.jpeg,11/12/24
Borradores,H-TONE LAPIZ CORRECTOR 8 ML,Gs   10.950,https://www.stock.com.py/images/thumbs/0203299_500.jpeg,11/12/24
Borradores,BORRADOR DISEÑO TIPO CUTTER MAPED 1UNID,Gs   18.250,https://www.stock.com.py/images/thumbs/0199004_500.jpeg,11/12/24
Borradores,CORRECTOR BIC SHAVE`N SQUEEZE,Gs   25.850,https://www.stock.com.py/images/thumbs/0166403_500.png,11/12/24
Borradores,BORRADOR SMIRK 1UN DUSON BLIS,Gs   9.100,https://www.stock.com.py/images/thumbs/noDefaultImage_stock_500.gif,11/12/24
Vinos Espumantes,VINO ESPUMANTE MONTE PASCHOAL BRUT 187ML,Gs   19.550,https://www.stock.com.py/images/thumbs/0207348_500.jpeg,11/12/24
Vinos Espumantes,VINO ESPUMANTE MONTE PASCHOAL ROSE 187ML,Gs   19.550,https://www.stock.com.py/images/thumbs/0207347_500.jpeg,11/12/24
Vinos Espumantes,VINO ESPUMANTE BLANC MONTE PASCHOAL 187M,Gs   19.550,https://www.stock.com.py/images/thumbs/0207346_500.jpeg,11/12/24
Vinos Espumantes,VINO ESPUMOSO PROSECCO 750ML FREIXENET B,Gs   179.000,https://www.stock.com.py/images/thumbs/0202874_500.jpeg,11/12/24
Vinos Espumantes,VINO ESPUMOSO COMPUESTO ROSADO APERITIF CHANDON 750 ML,Gs   99.000,https://www.stock.com.py/images/thumbs/0199104_500.jpeg,11/12/24
Vinos Espumantes,VINO ESPUMANTE CARTA NEVADA CAVA FREIXENET 750ML,Gs   82.000,https://www.stock.com.py/images/thumbs/0194934_500.jpeg,11/12/24
Vinos Espumantes,VINO ESPUMANTE CORDON NEGRO BRUT FREIXENET 750ML,Gs   100.000,https://www.stock.com.py/images/thumbs/0194932_500.jpeg,11/12/24
Vinos Espumantes,VINO ESPUMANTE BRUT ROSE CAVA FREIXENET 750ML,Gs   100.000,https://www.stock.com.py/images/thumbs/0194928_500.jpeg,11/12/24
Vinos Espumantes,VINO ESPUMANTE SEMI SECO CAVA ICE FREIXENET 750ML,Gs   100.000,https://www.stock.com.py/images/thumbs/0194926_500.jpeg,11/12/24
Vinos Espumantes,ESPUMANTE CHANDON BRUT ROSE 750ML,Gs   110.000,https://www.stock.com.py/images/thumbs/0188574_500.jpeg,11/12/24
Vinos Espumantes,ESPUMANTE CHANDON DEMI SEC 750ML,Gs   110.000,https://www.stock.com.py/images/thumbs/0188572_500.jpeg,11/12/24
Vinos Espumantes,ESPUMANTE CHANDON EXTRA BRUT 750ML,Gs   110.000,https://www.stock.com.py/images/thumbs/0188571_500.jpeg,11/12/24
Vinos Espumantes,VINO ESPUMANTE DULCET 750ML NAVARRO CORREAS BOT,Gs   70.000,https://www.stock.com.py/images/thumbs/0181499_500.jpeg,11/12/24
Vinos Espumantes,VINO ROSADO ESPUMANTE 750 ML DADA BOT,Gs   55.500,https://www.stock.com.py/images/thumbs/0180053_500.jpeg,11/12/24
Vinos Espumantes,VINO ESPUM EXTRA BRUT 750ML ALMA MORA BOT,Gs   48.500,https://www.stock.com.py/images/thumbs/0180048_500.jpeg,11/12/24
Vinos Espumantes,ESPUMANTE BRUT SANTA CAROLINA,Gs   69.000,https://www.stock.com.py/images/thumbs/0179829_500.jpeg,11/12/24
Vinos Espumantes,ESPUMANTE DEMI SEC SANTA CAROLINA,Gs   69.000,https://www.stock.com.py/images/thumbs/0179828_500.jpeg,11/12/24
Vinos Espumantes,VINO ESPUMANTE EXTRA BRUT 750ML NAVARRO CORREAS BOT,Gs   70.000,https://www.stock.com.py/images/thumbs/0178051_500.png,11/12/24
Vinos Espumantes,VINO ESPUMANTE MOSCATO DULCE MIA 750 ML FREIXENET BOT ,Gs   68.000,https://www.stock.com.py/images/thumbs/0176271_500.png,11/12/24
Vinos Espumantes,VINO ESPUMANTE DELICATE AND SWEET 750ML FREIXENET MIA BOTELLA,Gs   68.000,https://www.stock.com.py/images/thumbs/0176260_500.jpeg,11/12/24
Vinos Espumantes,VINO ESPUMANTE CARTA NEVADA SEMI FREIXENET 750ML,Gs   82.000,https://www.stock.com.py/images/thumbs/0164678_500.jpeg,11/12/24
Vinos Espumantes,ESPUMANTE DEMI-SEC CODORNIU B,Gs   76.000,https://www.stock.com.py/images/thumbs/0157079_500.jpeg,11/12/24
Vinos Espumantes,VINO NEW AGE BLANCO 750ML,Gs   31.500,https://www.stock.com.py/images/thumbs/0144174_500.jpeg,11/12/24
Vinos Espumantes,VINO ESPUMANTE BLANC MONTE PASCHOAL 187M,Gs   19.550,https://www.stock.com.py/images/thumbs/noDefaultImage_stock_500.gif,11/12/24
Detergentes,DETERGENTE LAVAVAJILLAS LIMN 4LT ACTIVO 100 BID ACTIVO 100                x 1,Gs   39.500,https://www.stock.com.py/images/thumbs/0211474_500.jpeg,11/12/24
Detergentes,DETERGENTE LAVAVAJILLAS GLICERINA 500 ML ACTIVO 100 ,Gs   5.600,https://www.stock.com.py/images/thumbs/0211473_500.jpeg,11/12/24
Detergentes,DETERGENTE ACTIVO 100 ALOE VERA 500ML,Gs   5.600,https://www.stock.com.py/images/thumbs/0211472_500.jpeg,11/12/24
Detergentes,DETERGENTE ACTIVO 100 LIMON 500ML,Gs   5.600,https://www.stock.com.py/images/thumbs/0211471_500.jpeg,11/12/24
Detergentes,DETERGENTE ALOE VERA ACTIVO 100 750ML,Gs   7.650,https://www.stock.com.py/images/thumbs/0211470_500.jpeg,11/12/24
Detergentes,DETERGENTE CON GLICERINA ACTIVO 100 750ML,Gs   7.650,https://www.stock.com.py/images/thumbs/0211469_500.jpeg,11/12/24
Detergentes,DETERGENTE LIMON ACTIVO 100 750ML,Gs   7.650,https://www.stock.com.py/images/thumbs/0211468_500.jpeg,11/12/24
Detergentes,PACK LAVAMIL DET+LAV+SUAV 500ML LAVA 100,Gs   9.950,https://www.stock.com.py/images/thumbs/0209352_500.jpeg,11/12/24
Detergentes,DETERGENTE LIMON CIF BIOACTIVE 500 ML,Gs   13.150,https://www.stock.com.py/images/thumbs/0207096_500.jpeg,11/12/24
Detergentes,DETERGENTE LAVAVAJILLAS GLICERINA  4LT ACTIVO 100 BID ACTIVO 100                x 1,Gs   39.500,https://www.stock.com.py/images/thumbs/0201829_500.jpeg,11/12/24
Detergentes,DETERGENTE LAVAVAJILLAS ALOE VERA 4LT ACTIVO 100 BID ACTIVO 100                x 1,Gs   39.500,https://www.stock.com.py/images/thumbs/0201828_500.jpeg,11/12/24
Detergentes,DETERGENTE CONCENT LIMON INCABRIL ULTRA 800ML BOT,Gs   9.500,https://www.stock.com.py/images/thumbs/0201298_500.jpeg,11/12/24
Detergentes,DESODORANTE D/AMBIENTE FLOR D/COCO 950ML PINO LECHE PLA,Gs   6.600,https://www.stock.com.py/images/thumbs/0201084_500.jpeg,11/12/24
Detergentes,POLVO LAVAVAJILLAS CERO ESPUMA 750GR ZITRON ,Gs   52.500,https://www.stock.com.py/images/thumbs/0201077_500.jpeg,11/12/24
Detergentes,DETERGENTE ZITRON LAVA VAJILLAS 480ML,Gs   4.900,https://www.stock.com.py/images/thumbs/0201050_500.jpeg,11/12/24
Detergentes,DETERGENTE LIQUIDO PARA ROPAS LAVA 1000 1L,Gs   13.450,https://www.stock.com.py/images/thumbs/0192332_500.jpeg,11/12/24
Detergentes,DETERGENTE NEUTRO 500ML LAVA1000 PLUS PET ,Gs   4.250,https://www.stock.com.py/images/thumbs/0192331_500.jpeg,11/12/24
Detergentes,INCABRIL LIMON DETERGENTE LAVAVAJILLAS 3L,Gs   20.950,https://www.stock.com.py/images/thumbs/0191817_500.jpeg,11/12/24
Detergentes,DETERGENTE LAVAVAJILLAS MANZANA 3LT INCABRIL BDN,Gs   20.950,https://www.stock.com.py/images/thumbs/0191816_500.jpeg,11/12/24
Detergentes,DETERGENTE CONCENT POMELO INCABRIL ULTRA 800ML BOT,Gs   9.500,https://www.stock.com.py/images/thumbs/0191814_500.jpeg,11/12/24
Detergentes,DETERGENTE CONCENT POMELO INCABRIL ULTRA 800ML BOT,Gs   9.500,https://www.stock.com.py/images/thumbs/0191812_500.jpeg,11/12/24
Detergentes,DETERGENTE LIMON 500ML LAVA1000 PLUS PET ,Gs   4.250,https://www.stock.com.py/images/thumbs/0176716_500.jpeg,11/12/24
Detergentes,DETERGENTE MANZANA 500ML LAVA1000 PLUS PET ,Gs   4.250,https://www.stock.com.py/images/thumbs/0176715_500.jpeg,11/12/24
Detergentes,LIMPIADOR MULT CITRONELLA 900 ML INCABRIL BOT ,Gs   7.900,https://www.stock.com.py/images/thumbs/0176643_500.jpeg,11/12/24
Detergentes,DESODORANTE D/AMBIENTES CITRONELLA 1LT AMITA PLA,Gs   5.900,https://www.stock.com.py/images/thumbs/0172915_500.jpeg,11/12/24
Detergentes,DESODORANTE BACTERICIDA CITRONELLA 900ML BASE BASE BOT,Gs   9.850,https://www.stock.com.py/images/thumbs/0172484_500.jpeg,11/12/24
Detergentes,DETERGENTE CONCENTRADO LIMON 1LT LAVA 1000 PLUS PET,Gs   8.350,https://www.stock.com.py/images/thumbs/0167782_500.jpeg,11/12/24
Detergentes,DETERGENTE CONCENTRADO NEUTRO 1LT LAVA 1000 PLUS PET,Gs   8.350,https://www.stock.com.py/images/thumbs/0167781_500.jpeg,11/12/24
Toallas Higiénicas,TENA TOALLAS HUMEDAS CLASICAS PARA ADULTOS 20 UNIDADES,Gs   13.200,https://www.stock.com.py/images/thumbs/0212390_500.jpeg,11/12/24
Toallas Higiénicas,TOALLAS HIGIE FEM NOCT NOSOTRAS 16UN,Gs   33.200,https://www.stock.com.py/images/thumbs/0212379_500.jpeg,11/12/24
Toallas Higiénicas,TOALLAS HIGIE FEM  NOCTURNAS NOSOTRAS 8U,Gs   18.500,https://www.stock.com.py/images/thumbs/0212374_500.jpeg,11/12/24
Toallas Higiénicas,TOALLA FEMENINA INVISIBLE CLASICA NOSOTRAS 30UNID,Gs   34.450,https://www.stock.com.py/images/thumbs/0212373_500.jpeg,11/12/24
Toallas Higiénicas,TOALLA FEMENINA INVISIBLE CLASICA NOSOTRAS 16UNID,Gs   19.150,https://www.stock.com.py/images/thumbs/0212372_500.jpeg,11/12/24
Toallas Higiénicas,TOALLAS FEMENINAS NORMAL ALAS TELA GEL NOSOTROS 8UNID.,Gs   8.950,https://www.stock.com.py/images/thumbs/0212370_500.jpeg,11/12/24
Toallas Higiénicas,TOALLA FEMENINA INVISIBLE CLASICA TELA GEL NOSOTRAS 8UNID,Gs   10.500,https://www.stock.com.py/images/thumbs/0212369_500.jpeg,11/12/24
Toallas Higiénicas,TOALLA FEMENINA NATURAL INVISIBLE NOSOTRAS 8UNID,Gs   10.500,https://www.stock.com.py/images/thumbs/0212365_500.jpeg,11/12/24
Toallas Higiénicas,TOALLAS HIGIENICAS ULTRA INVISIBLE TELA 8UN NOSOTRAS DISPLAY,Gs   13.150,https://www.stock.com.py/images/thumbs/0212363_500.jpeg,11/12/24
Toallas Higiénicas,TOALLA FEMENINA EXTRA PROTECCION NOCHE Y DIA NOSOTRAS 8UNID,Gs   18.800,https://www.stock.com.py/images/thumbs/0212362_500.jpeg,11/12/24
Toallas Higiénicas,TOALLA FEMENINA MATERNIDAD NOSOTRAS 10UNID ,Gs   26.350,https://www.stock.com.py/images/thumbs/0212361_500.jpeg,11/12/24
Toallas Higiénicas,NOSOTRAS TOALLAS HIGIENICAS ULTRA INVISIBLE 8 UNIDADES,Gs   13.150,https://www.stock.com.py/images/thumbs/0212360_500.jpeg,11/12/24
Toallas Higiénicas,TOALLA FEMENINA BUENAS NOCHES INVISIBLE NOSOTRAS 8UNID,Gs   19.200,https://www.stock.com.py/images/thumbs/0212354_500.jpeg,11/12/24
Toallas Higiénicas,TOALLA FEMENINA NOCTURNA CON ALAS KOTEX 8UNID,Gs   19.950,https://www.stock.com.py/images/thumbs/0209699_500.jpeg,11/12/24
Toallas Higiénicas,TOALLA FEMENINA NOCTURNA CON ALAS EXTRA SUAVE KOTEX 16UNID,Gs   33.100,https://www.stock.com.py/images/thumbs/0209248_500.jpeg,11/12/24
Toallas Higiénicas,TOALLA FEMENINA NOCTURNA CON ALAS EXTRA SUAVE KOTEX 8UNID,Gs   18.700,https://www.stock.com.py/images/thumbs/0209247_500.jpeg,11/12/24
Toallas Higiénicas,PROTECTOR FEMENINO DIARIO LARGO KOTEX 20UNID,Gs   17.100,https://www.stock.com.py/images/thumbs/0209244_500.jpeg,11/12/24
Toallas Higiénicas,TOALLA FEMENINA NORMAL CON ALAS EXTRA SUAVE KOTEX 32UNID,Gs   33.500,https://www.stock.com.py/images/thumbs/0209231_500.jpeg,11/12/24
Toallas Higiénicas,TOALLA FEMENINA NORMAL CON ALAS EXTRA SUAVE KOTEX 16UNID,Gs   17.800,https://www.stock.com.py/images/thumbs/0209230_500.jpeg,11/12/24
Toallas Higiénicas,TOALLA FEMENINA NORMAL CON ALAS EXTRA SUAVE KOTEX 8UNID,Gs   10.300,https://www.stock.com.py/images/thumbs/0209229_500.jpeg,11/12/24
Toallas Higiénicas,TOALLAS FEMENINAS NORM/SUAVE S/LIBRE 8UN,Gs   6.500,https://www.stock.com.py/images/thumbs/0208499_500.jpeg,11/12/24
Toallas Higiénicas,TOALLAS HIG AD PLUS ULT SIEMPRE LIBRE 32,Gs   23.300,https://www.stock.com.py/images/thumbs/0207093_500.jpeg,11/12/24
Toallas Higiénicas,TOALLAS FEM NORM SUAV SIEMPRE LIBRE 16UN,Gs   12.000,https://www.stock.com.py/images/thumbs/0207092_500.jpeg,11/12/24
Toallas Higiénicas,TOALLAS FEM SIEMPRE LIBRE NOC Y DIA 16UN,Gs   20.650,https://www.stock.com.py/images/thumbs/0207091_500.jpeg,11/12/24
Toallas Higiénicas,TOALLA FEM SIEMPRE LIBRE ADAPT SUAVE 8UN,Gs   7.800,https://www.stock.com.py/images/thumbs/0207090_500.jpeg,11/12/24
Toallas Higiénicas,TOALLA FEM SIEMPRE LIBRE ADAPT PLUS 16UN,Gs   14.300,https://www.stock.com.py/images/thumbs/0207072_500.jpeg,11/12/24
Toallas Higiénicas,TOALLA FEM ULTRA SUAVE SIEMPRE LIBRE 16U,Gs   12.000,https://www.stock.com.py/images/thumbs/0207071_500.jpeg,11/12/24
Toallas Higiénicas,TOALLA FEMENINA NORMAL CON ALAS LINA 16UNID,Gs   15.450,https://www.stock.com.py/images/thumbs/0206137_500.jpeg,11/12/24
Insecticidas,BAYGON INSECTICIDA MATA CUCARACHAS Y ARA?AS 300 ML,Gs   24.900,https://www.stock.com.py/images/thumbs/0212527_500.jpeg,11/12/24
Insecticidas,BAYGON INSECTICIDA MATA MOSCAS Y MOSQUITOS 300 ML,Gs   24.900,https://www.stock.com.py/images/thumbs/0212526_500.jpeg,11/12/24
Insecticidas,INSECTICIDA RAID CASA Y JARDIN,Gs   32.900,https://www.stock.com.py/images/thumbs/0212471_500.jpeg,11/12/24
Insecticidas,INSECTICIDA LIQ REPUESTO/MOSQ RAID 32.9M,Gs   57.900,https://www.stock.com.py/images/thumbs/0212461_500.jpeg,11/12/24
Insecticidas,INSECTICIDA PARA TODO INSECTO 300ML BAYGON AER,Gs   24.900,https://www.stock.com.py/images/thumbs/0212449_500.jpeg,11/12/24
Insecticidas,INSECTICIDA MATIRIS INSECTOS VOLADORES AEROSOL 400 ML BASE ACUOSA x 12,Gs   24.950,https://www.stock.com.py/images/thumbs/0201088_500.jpeg,11/12/24
Insecticidas,RATICIDA CEBO GRANULADO 25GR MATIRIS CJA ,Gs   8.450,https://www.stock.com.py/images/thumbs/0201081_500.jpeg,11/12/24
Insecticidas,INSECTICIDA MATA INSECTOS RASTREROS 400ML MATIRIS AER,Gs   24.950,https://www.stock.com.py/images/thumbs/0201060_500.jpeg,11/12/24
Insecticidas,INSECTICIDA MATA TODO 400ML MATIRIS AEROSOL,Gs   24.950,https://www.stock.com.py/images/thumbs/0201059_500.jpeg,11/12/24
Insecticidas,INSECTICIDA MATIRIS CASA/JARDIN 400ML MATIRIS,Gs   24.950,https://www.stock.com.py/images/thumbs/0201058_500.jpeg,11/12/24
Insecticidas,CEBO RATICIDA EN GRANOS MAPEX RATA CAJA 1 UNIDAD,Gs   8.450,https://www.stock.com.py/images/thumbs/0201040_500.jpeg,11/12/24
Insecticidas,INSECTICIDA MATA TODO MATIRIS 400ML,Gs   24.950,https://www.stock.com.py/images/thumbs/0201032_500.jpeg,11/12/24
Insecticidas,INSECTICIDA MATA MOSCAS Y MOSQUITOS MATIRIS 400ML,Gs   24.950,https://www.stock.com.py/images/thumbs/0201031_500.jpeg,11/12/24
Insecticidas,MAPEX INSECTICIDA AEROSOL MATA MOSQUITOS SIN OLOR 330 ML,Gs   33.300,https://www.stock.com.py/images/thumbs/0199194_500.jpeg,11/12/24
Insecticidas,MAPEX INSECTICIDA AEROSOL MULTI INSECTOS SIN OLOR 330 ML,Gs   33.300,https://www.stock.com.py/images/thumbs/0199193_500.jpeg,11/12/24
Insecticidas,MATA ACAROS Y POLILLAS MATIRIS 400ml,Gs   26.500,https://www.stock.com.py/images/thumbs/0186277_500.jpeg,11/12/24
Insecticidas,INSECTICIDA LIQUIDO PARA CASA Y JARDIN MAPEX 1Litro,Gs   16.600,https://www.stock.com.py/images/thumbs/0186215_500.jpeg,11/12/24
Insecticidas,DESINFECTANTE DE AMBIENTES WHITEX 350ml,Gs   21.500,https://www.stock.com.py/images/thumbs/0186197_500.jpeg,11/12/24
Insecticidas,INSECTICIDA FUMIGADOR DE INSECTOS MAPEX 300ml,Gs   29.000,https://www.stock.com.py/images/thumbs/0186176_500.jpeg,11/12/24
Insecticidas,HORMIGUICIDA EN POLVO MAPEX 500gr,Gs   26.900,https://www.stock.com.py/images/thumbs/0186151_500.jpeg,11/12/24
Insecticidas,INSECTICIDA MATA DENGUE MAPEX 330ml,Gs   27.000,https://www.stock.com.py/images/thumbs/0186150_500.jpeg,11/12/24
Insecticidas,INSECTICIDA DE INSECTOS MATATODO MAPEX 330ml,Gs   27.000,https://www.stock.com.py/images/thumbs/0186126_500.jpeg,11/12/24
Insecticidas,INSECTICIDA PREMIUM FULMINANTE MAPEX 300ml,Gs   27.000,https://www.stock.com.py/images/thumbs/0186121_500.jpeg,11/12/24
Insecticidas,INSECTICIDA PARA INSECTOS MAPEX 800ml,Gs   9.500,https://www.stock.com.py/images/thumbs/0186105_500.jpeg,11/12/24
Insecticidas,INSECTICIDA PARA INSECTOS VOLADORES MAPEX 330ml,Gs   20.000,https://www.stock.com.py/images/thumbs/0186101_500.jpeg,11/12/24
Insecticidas,INSECTICIDA PARA INSECTOS RASTREROS MAPEX 350ml,Gs   27.000,https://www.stock.com.py/images/thumbs/0186100_500.jpeg,11/12/24
Insecticidas,HORMIGUICIDA EN POLVO MAPEX 500gr,Gs   16.100,https://www.stock.com.py/images/thumbs/0186099_500.jpeg,11/12/24
Insecticidas,HORMIGUICIDA EN POLVO MAPEX 1Kg,Gs   26.900,https://www.stock.com.py/images/thumbs/0186098_500.jpeg,11/12/24
Terere/Mate,BOMBILLA ALPACA BLANCA 16CM P1111 GARIBALDI BLIS,Gs   11.300,https://www.stock.com.py/images/thumbs/0211595_500.jpeg,11/12/24
Terere/Mate,SUPERUTIL BOMBILLA INOXIDABLE COLOR VIOL,Gs   16.200,https://www.stock.com.py/images/thumbs/0203224_500.jpeg,11/12/24
Terere/Mate,SUPERUTIL BOMBILLA INOXIDABLE COLOR ROJO,Gs   16.200,https://www.stock.com.py/images/thumbs/0203223_500.jpeg,11/12/24
Terere/Mate,PINNACLE TERMO PARA AGUA FRIA PLUTO 2.5 LITROS,Gs   52.900,https://www.stock.com.py/images/thumbs/0201018_500.jpeg,11/12/24
Terere/Mate,SUPERUTIL BOMBILLA ALPACA TORCIDA PUNTA DORADA,Gs   42.200,https://www.stock.com.py/images/thumbs/0200128_500.jpeg,11/12/24
Terere/Mate,SUPERUTIL BOMBILLA DE ALPACA TORCIDA PUNTA DORADA,Gs   42.000,https://www.stock.com.py/images/thumbs/0200127_500.jpeg,11/12/24
Terere/Mate,SUPERUTIL BOMBILLA DE ALPACA TORCIDA PICO LARGO DORADO,Gs   42.000,https://www.stock.com.py/images/thumbs/0200126_500.jpeg,11/12/24
Terere/Mate,SUPERUTIL BOMBILLA DE ALPACA PICO LARGO DORADO,Gs   42.000,https://www.stock.com.py/images/thumbs/0200125_500.jpeg,11/12/24
Terere/Mate,SUPERUTIL BOMBILLA DE ALPACA TORCIDA,Gs   40.300,https://www.stock.com.py/images/thumbs/0200124_500.jpeg,11/12/24
Terere/Mate,SUPERUTIL BOMBILLA DE ALPACA TORCIDA PICO LARGO,Gs   40.300,https://www.stock.com.py/images/thumbs/0200123_500.jpeg,11/12/24
Terere/Mate,SUPERUTIL BOMBILLA DE ALPACA PICO LARGO,Gs   40.300,https://www.stock.com.py/images/thumbs/0200122_500.jpeg,11/12/24
Terere/Mate,SUPERUTIL GUAMPA DE CUERINA GRANDE PARA MATE,Gs   23.300,https://www.stock.com.py/images/thumbs/0198130_500.jpeg,11/12/24
Terere/Mate,SUPERUTIL GUAMPA DE CUERO REVESTIDO PARA TERERE,Gs   36.000,https://www.stock.com.py/images/thumbs/0198126_500.jpeg,11/12/24
Terere/Mate,SUPERUTIL GUAMPA DE CUERO CON RELIEVE PARA TERERE,Gs   40.000,https://www.stock.com.py/images/thumbs/0198125_500.jpeg,11/12/24
Terere/Mate,SUPERUTIL GUAMPA DE CUERINA PARA TERERE,Gs   23.300,https://www.stock.com.py/images/thumbs/0198124_500.jpeg,11/12/24
Terere/Mate,SUPERUTIL GUAMPINKI DE CUERO ESTAMPADO PARA MATE,Gs   35.900,https://www.stock.com.py/images/thumbs/0198123_500.jpeg,11/12/24
Terere/Mate,SUPERUTIL GUAMPINKI DE CUERO PARA MATE,Gs   32.700,https://www.stock.com.py/images/thumbs/0198122_500.jpeg,11/12/24
Terere/Mate,SUPERUTIL GUAMPA DE CUERO ESTAMPADO CHICO PARA MATE,Gs   36.600,https://www.stock.com.py/images/thumbs/0198120_500.jpeg,11/12/24
Terere/Mate,SUPERUTIL GUAMPA DE CUERO ESTAMPADO PARA MATE,Gs   40.000,https://www.stock.com.py/images/thumbs/0198119_500.jpeg,11/12/24
Terere/Mate,SUPERUTIL GUAMPA DE CUERO REPUJADO PARA TERERE,Gs   36.000,https://www.stock.com.py/images/thumbs/0198118_500.jpeg,11/12/24
Terere/Mate,SUPERUTIL PORONGO DE CUERINA PARA MATE,Gs   23.300,https://www.stock.com.py/images/thumbs/0198117_500.jpeg,11/12/24
Terere/Mate,SUPERUTIL GUAMPINKI DE CUERINA PARA MATE,Gs   19.600,https://www.stock.com.py/images/thumbs/0198116_500.jpeg,11/12/24
Terere/Mate,SUPERUTIL GUAMPA DE CUERINA CHICO PARA MATE,Gs   20.000,https://www.stock.com.py/images/thumbs/0198115_500.jpeg,11/12/24
Terere/Mate,SUPERUTIL BOMBILLA INOXIDABLE COLOR BLANCO,Gs   15.700,https://www.stock.com.py/images/thumbs/0192262_500.jpeg,11/12/24
Terere/Mate,SUPERUTIL BOMBILLA INOXIDABLE COLOR NEGRO,Gs   16.200,https://www.stock.com.py/images/thumbs/0192261_500.jpeg,11/12/24
Terere/Mate,BOMBILLA D/ ACERO INOX. LARGA GOLD RING/ROSCA SUPERUTIL BLIS,Gs   30.400,https://www.stock.com.py/images/thumbs/0192260_500.jpeg,11/12/24
Terere/Mate,TERMO P/AGUA FRIA SOPRANO ATACAMA 2.5L AZUL,Gs   29.900,https://www.stock.com.py/images/thumbs/0183020_500.jpeg,11/12/24
Terere/Mate,BOMBILLA GARIBALDI ALPACA BLANCA 19CM P9000 BLIS,Gs   11.300,https://www.stock.com.py/images/thumbs/0183000_500.jpeg,11/12/24
Pañuelos/Esponjas,PAN?UELOS DE PAPEL ELITE 90 UN,Gs   12.600,https://www.stock.com.py/images/thumbs/0206768_500.jpeg,11/12/24
Pañuelos/Esponjas,CEPILLO PARA DUCHA PULOIL 1UNID,Gs   26.250,https://www.stock.com.py/images/thumbs/0194924_500.jpeg,11/12/24
Pañuelos/Esponjas,ESTOPA HIDROFILA GRANDE 250GR,Gs   9.450,https://www.stock.com.py/images/thumbs/0175701_500.jpeg,11/12/24
Pañuelos/Esponjas,PAÑUELOS TRIPLE HOJA MENTA ELITE 1x10UNID,Gs   3.700,https://www.stock.com.py/images/thumbs/0174996_500.jpeg,11/12/24
Pañuelos/Esponjas,PAÑUELOS TRIPLE HOJA AROMAS SURTIDOS ELITE 6UNID,Gs   16.850,https://www.stock.com.py/images/thumbs/0174995_500.jpeg,11/12/24
Pañuelos/Esponjas,PAÑUELOS TRIPLE HOJA VARIEDAD ELITE PAQUETE 6UNID,Gs   15.200,https://www.stock.com.py/images/thumbs/0174994_500.jpeg,11/12/24
Pañuelos/Esponjas,PAÑUELOS TRIPLE HOJA ELITE 60UNID,Gs   19.750,https://www.stock.com.py/images/thumbs/0174993_500.jpeg,11/12/24
Pañuelos/Esponjas,PAÑUELOS DESECHABLES TRIPLE HOJA ELITE 10UNID,Gs   2.950,https://www.stock.com.py/images/thumbs/0174935_500.jpeg,11/12/24
Pañuelos/Esponjas,ESTOPA GREEN COTTON CHICO,Gs   8.400,https://www.stock.com.py/images/thumbs/0158311_500.jpeg,11/12/24
Panes Integrales,PAN DE SANDWICH CON SEMILLAS BIMBO 650GR,Gs   15.900,https://www.stock.com.py/images/thumbs/0209679_500.jpeg,11/12/24
Panes Integrales,PAN INTEGRAL BIMBO 310GR BSA,Gs   11.500,https://www.stock.com.py/images/thumbs/0209678_500.jpeg,11/12/24
Panes Integrales,PAN INTEGRAL P/SANDWICH 650GR BIMBO BSA,Gs   14.900,https://www.stock.com.py/images/thumbs/0209669_500.jpeg,11/12/24
Panes Integrales,PAN OROWEAT BIMBO SEMILLAS PAQUETE 600GR,Gs   18.900,https://www.stock.com.py/images/thumbs/0209665_500.jpeg,11/12/24
Panes Integrales,PAN DE SANDWICH INTEGRAL PANTO,Gs   9.500,https://www.stock.com.py/images/thumbs/0209659_500.png,11/12/24
Panes Integrales,PALITO INTEGRAL EL GERMANO 100GR BSA,Gs   6.800,https://www.stock.com.py/images/thumbs/0207612_500.jpeg,11/12/24
Panes Integrales,PAN ALEMAN DE CENTENO Y 3 SEMILLAS EL GERMANO 600GR,Gs   25.100,https://www.stock.com.py/images/thumbs/0207610_500.jpeg,11/12/24
Panes Integrales,GALLETA DE AVENA EL GERMANO 210GR,Gs   21.400,https://www.stock.com.py/images/thumbs/0207609_500.jpeg,11/12/24
Panes Integrales,PAN SANDW. INTEGRAL 900 GR LA NEGRITA BSA,Gs   15.800,https://www.stock.com.py/images/thumbs/0192159_500.jpeg,11/12/24
Panes Integrales,PAN INTEGRAL PARA SANDWICH EL GERMANO 700GR,Gs   20.800,https://www.stock.com.py/images/thumbs/0187182_500.jpeg,11/12/24
Panes Integrales,PAN INTEGRAL EL GERMANO 400GR,Gs   16.700,https://www.stock.com.py/images/thumbs/0187180_500.jpeg,11/12/24
Panes Integrales,PAN SALVADO SIN SAL EL GERMANO 400GR,Gs   17.300,https://www.stock.com.py/images/thumbs/0187179_500.jpeg,11/12/24
Panes Integrales,PAN P/SANWICH DESCORTEZADO INTEGRAL PAQ,Gs   11.600,https://www.stock.com.py/images/thumbs/noDefaultImage_stock_500.gif,11/12/24
Fideo/Lasaña/Pasta,FIDEO SPAGUETTI NIDO 400GR MONARCA PAQ,Gs   3.250,https://www.stock.com.py/images/thumbs/0211713_500.jpeg,11/12/24
Fideo/Lasaña/Pasta,FIDEOS RAVIOLI CAROZZI DE CARNE 400GR BSA,Gs   35.650,https://www.stock.com.py/images/thumbs/0209337_500.jpeg,11/12/24
Fideo/Lasaña/Pasta,PASTAS ANITA TALLARIN INTEGRAL 400 GR,Gs   8.000,https://www.stock.com.py/images/thumbs/0208883_500.jpeg,11/12/24
Fideo/Lasaña/Pasta,FIDEOS SPAGUETTI INTEGRAL ANITA 400GR PAQ,Gs   8.000,https://www.stock.com.py/images/thumbs/0208880_500.jpeg,11/12/24
Fideo/Lasaña/Pasta,FIDEOS SPAGHETTINI A/HUEVO 400GR ANITA PLA,Gs   8.000,https://www.stock.com.py/images/thumbs/0208877_500.jpeg,11/12/24
Fideo/Lasaña/Pasta,FIDEOS SPAGHETTI A/HUEVO 400GR ANITA PLA,Gs   8.000,https://www.stock.com.py/images/thumbs/0208876_500.jpeg,11/12/24
Fideo/Lasaña/Pasta,FIDEO TAGLIATELLE AL HUEVO ANITA 400GR,Gs   8.000,https://www.stock.com.py/images/thumbs/0208875_500.jpeg,11/12/24
Fideo/Lasaña/Pasta,FIDEOS FARFALLE A/HUEVO 400GR ANITA PLA,Gs   8.000,https://www.stock.com.py/images/thumbs/0208871_500.jpeg,11/12/24
Fideo/Lasaña/Pasta,FIDEO TALLARIN LAMINADO 400 GR ANITA BSA,Gs   5.700,https://www.stock.com.py/images/thumbs/0208870_500.jpeg,11/12/24
Fideo/Lasaña/Pasta,FIDEO TALLARIN LAMINADO FINO 400GR ANITA BSA,Gs   5.700,https://www.stock.com.py/images/thumbs/0208869_500.jpeg,11/12/24
Fideo/Lasaña/Pasta,FIDEO SPAGHETTINI 3 ANITA 400 GR ,Gs   5.700,https://www.stock.com.py/images/thumbs/0208868_500.jpeg,11/12/24
Fideo/Lasaña/Pasta,FIDEOS ANITA PAQUETE 400 GR TALLAR,Gs   5.700,https://www.stock.com.py/images/thumbs/0208867_500.jpeg,11/12/24
Fideo/Lasaña/Pasta,FIDEOS  ANITA PAQUETE 400 GR FORAT,Gs   5.700,https://www.stock.com.py/images/thumbs/0208866_500.jpeg,11/12/24
Fideo/Lasaña/Pasta,FIDEOS ANITA PAQUETE 400 GR TALLARIN CINTA,Gs   5.700,https://www.stock.com.py/images/thumbs/0208865_500.jpeg,11/12/24
Fideo/Lasaña/Pasta,FIDEOS ANITA TALLARIN 400GR,Gs   5.700,https://www.stock.com.py/images/thumbs/0208864_500.jpeg,11/12/24
Fideo/Lasaña/Pasta,FIDEO  ANITA  SPAGUETTI LARGO 400GR,Gs   5.700,https://www.stock.com.py/images/thumbs/0208863_500.jpeg,11/12/24
Fideo/Lasaña/Pasta,FIDEOS ANITA KIDS FORTIFICADO PAQUETE 400GR ,Gs   5.700,https://www.stock.com.py/images/thumbs/0208861_500.jpeg,11/12/24
Fideo/Lasaña/Pasta,FIDEO CODITO ANITA PAQUETE 400GR,Gs   5.700,https://www.stock.com.py/images/thumbs/0208858_500.jpeg,11/12/24
Fideo/Lasaña/Pasta,FIDEO ANITA MOSTACHOLI 400 GR,Gs   5.700,https://www.stock.com.py/images/thumbs/0208857_500.jpeg,11/12/24
Fideo/Lasaña/Pasta,FIDEO ANITA TIRABUZÓN 400 GR,Gs   5.700,https://www.stock.com.py/images/thumbs/0208855_500.jpeg,11/12/24
Fideo/Lasaña/Pasta,FIDEO ANITA DEDALITO 400GR,Gs   5.700,https://www.stock.com.py/images/thumbs/0208854_500.jpeg,11/12/24
Fideo/Lasaña/Pasta,FIDEO ANITA CORTADITO 400 GR ,Gs   5.700,https://www.stock.com.py/images/thumbs/0208853_500.jpeg,11/12/24
Fideo/Lasaña/Pasta,FIDEO GUISERO CARACOL ANITA PAQUETE 400,Gs   5.700,https://www.stock.com.py/images/thumbs/0208852_500.jpeg,11/12/24
Fideo/Lasaña/Pasta,FIDEO GUISERO ANITA CARACOLITO 400GR ,Gs   5.700,https://www.stock.com.py/images/thumbs/0208851_500.jpeg,11/12/24
Fideo/Lasaña/Pasta,FIDEO ANITA FETTUCCINE 400GR ,Gs   5.700,https://www.stock.com.py/images/thumbs/0208850_500.jpeg,11/12/24
Fideo/Lasaña/Pasta,FIDEO CABELLOS DE ANGEL ANITA PAQUETE 400GR,Gs   5.700,https://www.stock.com.py/images/thumbs/0208849_500.jpeg,11/12/24
Fideo/Lasaña/Pasta,FIDEOS ANITA NIDO CINTA 400GR,Gs   5.700,https://www.stock.com.py/images/thumbs/0208848_500.jpeg,11/12/24
Fideo/Lasaña/Pasta,FIDEO ANITA SPAGHETTI 400GR,Gs   5.700,https://www.stock.com.py/images/thumbs/0208847_500.jpeg,11/12/24
Café,NESCAFE DOLCE GUSTO MOCHACC CANELA 275G,Gs   38.500,https://www.stock.com.py/images/thumbs/0211873_500.png,11/12/24
Café,CAFE DESCAF NESCAFE SOLUBLE GRAN 40 GR,Gs   19.500,https://www.stock.com.py/images/thumbs/0207339_500.jpeg,11/12/24
Café,SOJA TORRADA ARCOIRIS  PAQ 20 X 100GR1,Gs   3.250,https://www.stock.com.py/images/thumbs/0205014_500.jpeg,11/12/24
Café,MALTA SIN CAFEINA EL POCILLO 100GR DOYPACK,Gs   10.500,https://www.stock.com.py/images/thumbs/0204425_500.jpeg,11/12/24
Café,CAFE SOLUBLE GRAN EXT FUER 40GR MELITTA,Gs   13.100,https://www.stock.com.py/images/thumbs/0200753_500.jpeg,11/12/24
Café,CAFE SOLUBLE GRAN TRADIC 40GR MELITTA,Gs   13.100,https://www.stock.com.py/images/thumbs/0200752_500.jpeg,11/12/24
Café,NESCAFE CAPPUCCINO TRADICIONAL INSTANTANEO 180 GR,Gs   25.550,https://www.stock.com.py/images/thumbs/0200545_500.jpeg,11/12/24
Café,CAFE BELEN SELECCION PREMIUM CAFE TOSTADO Y MOLIDO 250 GR,Gs   28.950,https://www.stock.com.py/images/thumbs/0200088_500.jpeg,11/12/24
Café,CAFE BELEN PREMIUM CAFE INSTANTANEO REFINADO 100 GR,Gs   54.900,https://www.stock.com.py/images/thumbs/0200083_500.jpeg,11/12/24
Café,CAFE MARTINEZ CAPSULAS DE CAFE ESPRESSO BRASIL 10 UNIDADES,Gs   53.450,https://www.stock.com.py/images/thumbs/0199930_500.jpeg,11/12/24
Café,LA VIRGINIA CAFE INSTANTANEO SUAVE ESPUMA INSTANTANEA 100 GR,Gs   23.000,https://www.stock.com.py/images/thumbs/0199693_500.jpeg,11/12/24
Café,LA VIRGINIA CAFE INSTANTANEO SUAVE ESPUMA INSTANTANEA 170 GR,Gs   36.500,https://www.stock.com.py/images/thumbs/0199691_500.jpeg,11/12/24
Café,OMA CAFE SOLUBLE GRANULADO 100 GR,Gs   43.750,https://www.stock.com.py/images/thumbs/0199581_500.jpeg,11/12/24
Café,CAFÉ INSTANTANEO NORTE 200GR,Gs   38.000,https://www.stock.com.py/images/thumbs/0197898_500.jpeg,11/12/24
Café,CAFÉ INSTANTANEO NORTE 100GR,Gs   24.900,https://www.stock.com.py/images/thumbs/0197886_500.jpeg,11/12/24
Café,CAFÉ INSTANTANEO PELE 50GR,Gs   13.450,https://www.stock.com.py/images/thumbs/0197810_500.jpeg,11/12/24
Café,NORTE CAFE INSTANTANEO CAFE TORRADO SOLUBLE CON AZUCAR CARAMELIZADO 50 GR,Gs   10.250,https://www.stock.com.py/images/thumbs/0196936_500.jpeg,11/12/24
Café,CAFÉ INSTANTANEO ARLISTÁN 170GR,Gs   35.350,https://www.stock.com.py/images/thumbs/0195950_500.jpeg,11/12/24
Café,CAFE SOLUBLE DESCAFEINADO NESCAFE 120GR,Gs   45.750,https://www.stock.com.py/images/thumbs/0195564_500.jpeg,11/12/24
Café,CAFE PELE CAFE INSTANTANEO 100 GR,Gs   21.950,https://www.stock.com.py/images/thumbs/0194059_500.jpeg,11/12/24
Café,CAFE CAPPUCCINO LIGHT CAFE BELEN 6UNID,Gs   17.600,https://www.stock.com.py/images/thumbs/0186997_500.jpeg,11/12/24
Café,CAFE MATINAL SUAVE NESCAFE 160GR,Gs   39.700,https://www.stock.com.py/images/thumbs/0186912_500.jpeg,11/12/24
Café,SOJA TORRADA MOLIDA MICKEY 500GR,Gs   11.350,https://www.stock.com.py/images/thumbs/0186613_500.jpeg,11/12/24
Café,SOJA TORRADA MOLIDA MICKEY 250GR,Gs   6.050,https://www.stock.com.py/images/thumbs/0186612_500.jpeg,11/12/24
Café,SOJA TORRADA MOLIDA MICKEY 30GR,Gs   1.200,https://www.stock.com.py/images/thumbs/0186610_500.jpeg,11/12/24
Café,CAFE INSTANTANEO CLASICO BELEN 200gr,Gs   45.900,https://www.stock.com.py/images/thumbs/0186455_500.jpeg,11/12/24
Café,CAFE INSTANTANEO DESCAFEINADO BELEN 50gr,Gs   24.300,https://www.stock.com.py/images/thumbs/0186433_500.jpeg,11/12/24
Café,CAFE SOLUBLE TRADICIONAL MELITTA 200gr,Gs   56.350,https://www.stock.com.py/images/thumbs/0185735_500.jpeg,11/12/24
Alimento de Perros,ALIMENTO P/ PERRO ADULTO RAZAS PEQUEÑAS 1.5KG PEDIGREE PAQ,Gs   42.000,https://www.stock.com.py/images/thumbs/0211817_500.jpeg,11/12/24
Alimento de Perros,VITALIPETS HUESITOS PALITOS DIGERIBLES BLANCOS SABOR NATURAL 5 UNIDADES,Gs   7.200,https://www.stock.com.py/images/thumbs/0211632_500.jpeg,11/12/24
Alimento de Perros,VITALIPETS HUESITOS PALITOS DIGERIBLES BLANCOS SABOR NATURAL 12 UNIDADES,Gs   16.800,https://www.stock.com.py/images/thumbs/0211631_500.jpeg,11/12/24
Alimento de Perros,ALIMENTO P/ PERRO CACHORRO 1.5KG PEDIGREE PAQ ,Gs   47.250,https://www.stock.com.py/images/thumbs/0209432_500.jpeg,11/12/24
Alimento de Perros,MASTER DOG ALIMENTO PARA PERRO ADULTO CARNE Y VEGETALES 18 KG,Gs   397.450,https://www.stock.com.py/images/thumbs/0209275_500.jpeg,11/12/24
Alimento de Perros,ALIMENTO P/ PERRO ADULTO CARNE 1.5KG PEDIGREE PAQ ,Gs   42.000,https://www.stock.com.py/images/thumbs/0208899_500.jpeg,11/12/24
Alimento de Perros,ALIMENTO PARA PERROS CACHORROS BENY 3 KG,Gs   46.900,https://www.stock.com.py/images/thumbs/0208628_500.jpeg,11/12/24
Alimento de Perros,ALIMENTO P/PERROS S/CARNE/POL PRIMOCAO3K,Gs   74.350,https://www.stock.com.py/images/thumbs/0208481_500.jpeg,11/12/24
Alimento de Perros,ALIMENTO P/PERROS S/POLLO/VEG PRIMOCAO3K,Gs   71.500,https://www.stock.com.py/images/thumbs/0208480_500.jpeg,11/12/24
Alimento de Perros,ALIMENTO P/PERROS S/POLLO/VEG/PRIMOCAO1K,Gs   28.900,https://www.stock.com.py/images/thumbs/0208479_500.jpeg,11/12/24
Alimento de Perros,ALIMENTO P/PERROS PEQUEN?AS PRIMOCAO 1 KG,Gs   26.250,https://www.stock.com.py/images/thumbs/0208478_500.jpeg,11/12/24
Alimento de Perros,ALIMENTO P/PERRO ADULTO A GRANEL BENY,Gs   5.900,https://www.stock.com.py/images/thumbs/0208317_500.jpeg,11/12/24
Alimento de Perros,BOCADITO P/PERRO NATUR GRAN CANI 100GR,Gs   3.600,https://www.stock.com.py/images/thumbs/0207657_500.jpeg,11/12/24
Alimento de Perros,BOCADITO P/PERRO GRAN CANI NATUR 100GR,Gs   3.600,https://www.stock.com.py/images/thumbs/0207655_500.jpeg,11/12/24
Alimento de Perros,PALITO P/PERRO PROTEICO GRAN CANI 8UN,Gs   14.300,https://www.stock.com.py/images/thumbs/0207654_500.jpeg,11/12/24
Alimento de Perros,PALITO P/PERRO PROTEICO GRAN CANI 4UN,Gs   7.150,https://www.stock.com.py/images/thumbs/0207653_500.jpeg,11/12/24
Alimento de Perros,PALITO P/PERRO PROTEICO GRAN CANI 8UN,Gs   10.000,https://www.stock.com.py/images/thumbs/0207652_500.jpeg,11/12/24
Alimento de Perros,PALITO P/PERROS PROTEICO GRAN CANI 4UN,Gs   5.000,https://www.stock.com.py/images/thumbs/0207651_500.jpeg,11/12/24
Alimento de Perros,PALITO P/PERRO PROTEICO GRAN CANI 8UN,Gs   27.150,https://www.stock.com.py/images/thumbs/0207650_500.jpeg,11/12/24
Alimento de Perros,PALITO P/PERRO  PROTEICO GRAN CANI 4UN,Gs   13.600,https://www.stock.com.py/images/thumbs/0207649_500.jpeg,11/12/24
Alimento de Perros,PURINA DOG CHOW ALIMENTO PARA PERROS ADULTOS MINIS Y PEQUE?OS SABOR CARNE Y POLLO 1.5 KG,Gs   43.650,https://www.stock.com.py/images/thumbs/0206383_500.jpeg,11/12/24
Alimento de Perros,PRIMOCAO ALIMENTO COMPLETO PARA PERROS ADULTOS SABOR CARNE Y VEGETALES 100 GR,Gs   6.700,https://www.stock.com.py/images/thumbs/0205550_500.jpeg,11/12/24
Alimento de Perros,HERCOSUL PRIMOCAO ALIMENTO PARA PERROS ADULTOS SABOR CARNE 100 GR,Gs   6.700,https://www.stock.com.py/images/thumbs/0205549_500.jpeg,11/12/24
Alimento de Perros,ALIMENTO P/ PERRO APOLO JUNIOR 1KG,Gs   23.600,https://www.stock.com.py/images/thumbs/0205544_500.jpeg,11/12/24
Alimento de Perros,ALIMENTO P/PERRO APOLO ORIGINAL ADULTO 1KG,Gs   16.150,https://www.stock.com.py/images/thumbs/0205543_500.jpeg,11/12/24
Alimento de Perros,ALIMENTO P/ PERRO PRONTO DOG CACHORROS CRECIMIENTO A GRANEL  ,Gs   8.300,https://www.stock.com.py/images/thumbs/0205404_500.jpeg,11/12/24
Alimento de Perros,ALIMENTO P/ PERRO PRONTO DOG CACHORROS A GRANEL,Gs   9.650,https://www.stock.com.py/images/thumbs/0205403_500.jpeg,11/12/24
Alimento de Perros,PURINA DOG CHOW COMIDA PARA PERROS ADULTOS MEDIANOS Y GRANDES SABOR CARNE Y POLLO 8 KG,Gs   205.000,https://www.stock.com.py/images/thumbs/0203572_500.jpeg,11/12/24
Flanes,FLAN DONA ANGELA POTE 140 GR,Gs   3.550,https://www.stock.com.py/images/thumbs/0178580_500.jpeg,11/12/24
Flanes,FLAN LACTOLANDA VAINILLA POTE 140GR,Gs   3.100,https://www.stock.com.py/images/thumbs/0161571_500.png,11/12/24
Flanes,FLAN TREBOL POTE 140 GR,Gs   3.100,https://www.stock.com.py/images/thumbs/0148483_500.jpeg,11/12/24
Menudencia Vacuna,LENGUA X KG,Gs   21.950,https://www.stock.com.py/images/thumbs/0209871_500.jpeg,11/12/24
Menudencia Vacuna,LIBRILLO 1KL,Gs   18.250,https://www.stock.com.py/images/thumbs/0206782_500.jpeg,11/12/24
Menudencia Vacuna,MONDONGO CONGELADO X KG,Gs   19.950,https://www.stock.com.py/images/thumbs/0202331_500.jpeg,11/12/24
Menudencia Vacuna,CHINCHULIN NEULAND E/V XKG,Gs   19.200,https://www.stock.com.py/images/thumbs/0173730_500.jpeg,11/12/24
Menudencia Vacuna,TRIPA GORDA NEULAND E/V XKG,Gs   8.150,https://www.stock.com.py/images/thumbs/0173723_500.jpeg,11/12/24
Menudencia Vacuna,RIÑONCITO VACUNO ENV. AL VACIO NEULAND X KG ,Gs   9.500,https://www.stock.com.py/images/thumbs/0173719_500.jpeg,11/12/24
Menudencia Vacuna,LENGUA ESPECIAL CONGELADA NEULAND X KG,Gs   33.700,https://www.stock.com.py/images/thumbs/0173713_500.jpeg,11/12/24
Menudencia Vacuna,HIGADO VACUNO X KG,Gs   13.950,https://www.stock.com.py/images/thumbs/0167598_500.png,11/12/24
Menudencia Vacuna,ENTRAÑA GRUESA X KL,Gs   37.000,https://www.stock.com.py/images/thumbs/0163777_500.jpeg,11/12/24
Regalos,"LC BOLSA NEGRA VINO 13,5 X 8 X 39 CM",Gs   3.500,https://www.stock.com.py/images/thumbs/0197457_500.jpeg,11/12/24
Regalos,PAPEL DE REGALO METALIZADO,Gs   1.700,https://www.stock.com.py/images/thumbs/0166346_500.png,11/12/24
Regalos,CINTA DE PAPEL 18MM X 25 MTS EDES,Gs   13.200,https://www.stock.com.py/images/thumbs/noDefaultImage_stock_500.gif,11/12/24
Regalos,"BOLSA P/REGALO 32X41,5X12CM DY REF 06474",Gs   19.900,https://www.stock.com.py/images/thumbs/noDefaultImage_stock_500.gif,11/12/24
Regalos,"BOLSA P/REGALO 30X41X11,2CM DY REF1097",Gs   14.900,https://www.stock.com.py/images/thumbs/noDefaultImage_stock_500.gif,11/12/24
Accesorios de Pintura,CINCEL 3PZAS LIFE Y LIVING REF ST/100111 ,Gs   67.900,https://www.stock.com.py/images/thumbs/0189534_500.jpeg,11/12/24
Accesorios de Pintura,ESPATULA MANGO D/PLASTICO  LIFE Y LIVING REFST/050108 ,Gs   10.700,https://www.stock.com.py/images/thumbs/0189500_500.jpeg,11/12/24
Accesorios de Pintura,PINCEL 7CM LIFE Y LIVING REFST/050119.,Gs   2.200,https://www.stock.com.py/images/thumbs/0189498_500.jpeg,11/12/24
Panes Frescos/Chipa,SUPER PAN X UN,Gs   4.800,https://www.stock.com.py/images/thumbs/0212611_500.png,11/12/24
Panes Frescos/Chipa,PAN FRANSECITO XKG S/E,Gs   6.650,https://www.stock.com.py/images/thumbs/0211551_500.png,11/12/24
Panes Frescos/Chipa,PAN SANDWICHERO XKG S/E PL,Gs   13.750,https://www.stock.com.py/images/thumbs/0209423_500.jpeg,11/12/24
Panes Frescos/Chipa,CHIPA ALMIDON STOCK XKG,Gs   31.900,https://www.stock.com.py/images/thumbs/0208898_500.jpeg,11/12/24
Panes Frescos/Chipa,PANCITO CHIPS X KG PL,Gs   17.500,https://www.stock.com.py/images/thumbs/0208349_500.jpeg,11/12/24
Panes Frescos/Chipa,ROSQUITA A LA MANTECA X KG PL,Gs   25.000,https://www.stock.com.py/images/thumbs/0208164_500.png,11/12/24
Panes Frescos/Chipa,PAN SANDWICH BLANCO STOCK 900GR PL,Gs   7.900,https://www.stock.com.py/images/thumbs/0207167_500.jpeg,11/12/24
Panes Frescos/Chipa,PAN DE SANDWICH,Gs   6.900,https://www.stock.com.py/images/thumbs/0207064_500.png,11/12/24
Panes Frescos/Chipa,PAN SANDWICH INTEGRAL STOCK 450GR PL,Gs   7.800,https://www.stock.com.py/images/thumbs/0207063_500.png,11/12/24
Panes Frescos/Chipa,PAN DULCE STOCK TRADICIONAL 400 GR PL,Gs   10.900,https://www.stock.com.py/images/thumbs/0207062_500.png,11/12/24
Panes Frescos/Chipa,PAN HAMBURGUESA STOCK 330GR 6UN PL,Gs   6.700,https://www.stock.com.py/images/thumbs/0207060_500.png,11/12/24
Panes Frescos/Chipa,PAN SANDWICH INTEGRAL STOCK 900GR PL,Gs   13.300,https://www.stock.com.py/images/thumbs/0207054_500.jpeg,11/12/24
Panes Frescos/Chipa,PAN DE VIENA EN PAQUETE DE 12 UNIDADES STOCK 480GR,Gs   6.700,https://www.stock.com.py/images/thumbs/0207053_500.jpeg,11/12/24
Panes Frescos/Chipa,PAN DULCE STOCK DE CHOCOLATE 800GR PL,Gs   20.500,https://www.stock.com.py/images/thumbs/0207000_500.png,11/12/24
Panes Frescos/Chipa,GALLETA STOCK X KG,Gs   6.900,https://www.stock.com.py/images/thumbs/0206915_500.jpeg,11/12/24
Panes Frescos/Chipa,PAN FELIPE STOCK XKG,Gs   6.800,https://www.stock.com.py/images/thumbs/0206074_500.jpeg,11/12/24
Panes Frescos/Chipa,PAN HAMBURGUESA X KG PL,Gs   12.050,https://www.stock.com.py/images/thumbs/0205410_500.jpeg,11/12/24
Panes Frescos/Chipa,PAN INTEGRAL XKG,Gs   15.500,https://www.stock.com.py/images/thumbs/0202548_500.jpeg,11/12/24
Panes Frescos/Chipa,PAN FELIPE INTEGRAL X KG ,Gs   9.400,https://www.stock.com.py/images/thumbs/0202544_500.jpeg,11/12/24
Panes Frescos/Chipa,PAN DE VIENA STOCK X KG,Gs   12.050,https://www.stock.com.py/images/thumbs/0185470_500.jpeg,11/12/24
Panes Frescos/Chipa,GALLETA CRIOLLA  X KG,Gs   7.750,https://www.stock.com.py/images/thumbs/0167613_500.jpeg,11/12/24
Panes Frescos/Chipa,GALLETON X KG,Gs   9.000,https://www.stock.com.py/images/thumbs/0167611_500.jpeg,11/12/24
Panes Frescos/Chipa,PAN CANONCITO X KG ,Gs   11.600,https://www.stock.com.py/images/thumbs/0159390_500.jpeg,11/12/24
Panes Frescos/Chipa,PAN FLAUTA X KG,Gs   6.950,https://www.stock.com.py/images/thumbs/0159380_500.jpeg,11/12/24
Tapas p/Pascualinas,TAPA P/PASCUALINA HOJALDRADA 2UND QUIERO MAS PAQ,Gs   8.950,https://www.stock.com.py/images/thumbs/0208102_500.jpeg,11/12/24
Tapas p/Pascualinas,TAPA PARA PASCUALINA QUIERO MAS INTEGRAL 500 GR.,Gs   8.950,https://www.stock.com.py/images/thumbs/0208101_500.jpeg,11/12/24
Tapas p/Pascualinas,TAPA PARA PASCUALINA QUIERO MAS B,Gs   8.950,https://www.stock.com.py/images/thumbs/0208100_500.jpeg,11/12/24
Tapas p/Pascualinas,HILDEBRAND PASTAS FRESCAS LASA?A 1 KG,Gs   16.800,https://www.stock.com.py/images/thumbs/0203804_500.jpeg,11/12/24
Tapas p/Pascualinas,HILDEBRAND TAPA PARA PASCUALINA 480 GR 2 UNIDADES,Gs   9.350,https://www.stock.com.py/images/thumbs/0200172_500.jpeg,11/12/24
Tapas p/Pascualinas,TAPA P/LASAGNA EDWAR 1KG BSA,Gs   18.900,https://www.stock.com.py/images/thumbs/0192127_500.jpeg,11/12/24
Tapas p/Pascualinas,RAVIOLITOS D/CARNE/JAMON 500GR EDWARD PQTE,Gs   23.800,https://www.stock.com.py/images/thumbs/0192123_500.jpeg,11/12/24
Tapas p/Pascualinas,TORTELLETIS D/CARNE/JAMON 500GR EDWARD PQTE,Gs   23.800,https://www.stock.com.py/images/thumbs/0192122_500.jpeg,11/12/24
Tapas p/Pascualinas,PASCUALINA MASA CRIOLLA X 480GR EDWARD BSA,Gs   10.100,https://www.stock.com.py/images/thumbs/0192120_500.jpeg,11/12/24
Tapas p/Pascualinas,PASCUALINA BCA RECTANGU 500 GR,Gs   8.950,https://www.stock.com.py/images/thumbs/0192100_500.jpeg,11/12/24
Tapas p/Pascualinas,TAPA PARA PASCUALINA EDWARD 240 GR.,Gs   5.800,https://www.stock.com.py/images/thumbs/0151040_500.jpeg,11/12/24
Tapas p/Pascualinas,TAPAS PARA PASCUALINA EDWARD 450 GR.,Gs   10.200,https://www.stock.com.py/images/thumbs/0151035_500.jpeg,11/12/24
Tapas p/Pascualinas,TAPA PARA PASCUALINA STOCK 500GR,Gs   8.000,https://www.stock.com.py/images/thumbs/0138530_500.jpeg,11/12/24
Tapas p/Pascualinas,TAPA P/PASCUALINA INTEGRAL EDWARD 450GR PAQ,Gs   10.200,https://www.stock.com.py/images/thumbs/noDefaultImage_stock_500.gif,11/12/24
Tapas p/Pascualinas,TAPA PASCUALINA INTEGRAL STOCK X 500GR,Gs   8.000,https://www.stock.com.py/images/thumbs/noDefaultImage_stock_500.gif,11/12/24
Otros Decoración,VELA AROMATICA MBURUCUYA KERZEN 71GR,Gs   24.950,https://www.stock.com.py/images/thumbs/0208003_500.jpeg,11/12/24
Otros Decoración,VELA AROMATICA OCEAN BREEZE KERZEN 71GR,Gs   24.950,https://www.stock.com.py/images/thumbs/0208002_500.jpeg,11/12/24
Otros Decoración,VELA AROMATICA LAVANDA KERZEN 71GR,Gs   24.950,https://www.stock.com.py/images/thumbs/0208001_500.jpeg,11/12/24
Otros Decoración,VELA RILAPE TORNEADA AZUL,Gs   6.100,https://www.stock.com.py/images/thumbs/0182601_500.jpeg,11/12/24
Otros Decoración,"VELA ""RILAPE"" NARANJA CHICO 8UN Nº 6",Gs   7.050,https://www.stock.com.py/images/thumbs/0182600_500.jpeg,11/12/24
Otros Decoración,"VELA ""RILAPE"" LILA CHICO 8UN Nº 6",Gs   7.050,https://www.stock.com.py/images/thumbs/0182599_500.jpeg,11/12/24
Otros Decoración,"VELA ""RIALPE"" CELESTE CHICO 8UN Nº 6",Gs   7.050,https://www.stock.com.py/images/thumbs/0182598_500.jpeg,11/12/24
Otros Decoración,VELAS RILAPE 7 DIAS VERDE 15CM,Gs   23.400,https://www.stock.com.py/images/thumbs/0151922_500.jpeg,11/12/24
Otros Decoración,VELAS RILAPE 7 DIAS ROJO 10CM,Gs   23.400,https://www.stock.com.py/images/thumbs/0151921_500.jpeg,11/12/24
Otros Decoración,VELAS RILAPE 7 DIAS CELESTE 15CM,Gs   23.400,https://www.stock.com.py/images/thumbs/0151919_500.jpeg,11/12/24
Otros Decoración,VELAS RILAPE 7 DIAS BLANCO 15CM,Gs   23.400,https://www.stock.com.py/images/thumbs/0151916_500.jpeg,11/12/24
Otros Decoración,VELA RILAPE BLANCO 4UN N22,Gs   19.800,https://www.stock.com.py/images/thumbs/0151910_500.jpeg,11/12/24
Otros Decoración,VELAS ROJO 6UNI PAQUETE 15CM,Gs   7.800,https://www.stock.com.py/images/thumbs/0151903_500.jpeg,11/12/24
Otros Decoración,VELAS VERDE 6UNI PAQUETE 10CM,Gs   7.050,https://www.stock.com.py/images/thumbs/0151899_500.jpeg,11/12/24
Otros Decoración,VELAS AZUL 6UNI PAQUETE 10CM,Gs   7.050,https://www.stock.com.py/images/thumbs/0151896_500.jpeg,11/12/24
Otros Decoración,VELA RILAPE CASI 7DIAS 15CM. NARANJA,Gs   23.400,https://www.stock.com.py/images/thumbs/noDefaultImage_stock_500.gif,11/12/24
Otros Decoración,CANDELABRO DEC IW S/E REF WYL33620,Gs   19.900,https://www.stock.com.py/images/thumbs/noDefaultImage_stock_500.gif,11/12/24
Otros Decoración,ADORNO DECOR PIÑA BLA NORITEX 445794349,Gs   62.900,https://www.stock.com.py/images/thumbs/noDefaultImage_stock_500.gif,11/12/24
Desodorantes,"GLADE CAMPOS DE LAVANDA AROMATIZANTE DE AMBIENTES EN AEROSOL FRAGANCIA CON ACEITES ESENCIALES 361,2 GR",Gs   18.900,https://www.stock.com.py/images/thumbs/0212515_500.jpeg,11/12/24
Desodorantes,GLADE DESODORANTE DE AMBIENTES PARAISO AZUL 360 ML,Gs   18.900,https://www.stock.com.py/images/thumbs/0212514_500.jpeg,11/12/24
Desodorantes,GLADE DESODORANTE DE AMBIENTES LIMON REFRESCANTE 360 ML,Gs   18.900,https://www.stock.com.py/images/thumbs/0212513_500.jpeg,11/12/24
Desodorantes,GLADE DESODORANTE DE AMBIENTES CAMPOS DE LAVANDA 360 ML,Gs   18.900,https://www.stock.com.py/images/thumbs/0212512_500.jpeg,11/12/24
Desodorantes,AROMATIZANTE/AMB/FLOR/TROP/COCO GLADE36M,Gs   18.900,https://www.stock.com.py/images/thumbs/0212511_500.jpeg,11/12/24
Desodorantes,GLADE DESODORANTE DE AMBIENTES PLACER FLORAL Y FRUTOS ROJOS 360 ML,Gs   18.900,https://www.stock.com.py/images/thumbs/0212510_500.jpeg,11/12/24
Desodorantes,GLADE DESODORANTE DE AMBIENTES ENCANTO DE VAINILLA 360 ML,Gs   18.900,https://www.stock.com.py/images/thumbs/0212509_500.jpeg,11/12/24
Desodorantes,GLADE DESODORANTE DE AMBIENTE CAMPOS DE LAVANDA REPUESTO 9 GR 2 UNIDADES,Gs   37.550,https://www.stock.com.py/images/thumbs/0212503_500.jpeg,11/12/24
Desodorantes,GLADE DESODORANTE DE AMBIENTES LAVANDA & VAINILLA 175 GR REPUESTO,Gs   46.950,https://www.stock.com.py/images/thumbs/0212499_500.jpeg,11/12/24
Desodorantes,GLADE DESODORANTE DE AMBIENTES HAWAIIAN BREEZE 175 GR REPUESTO,Gs   46.950,https://www.stock.com.py/images/thumbs/0212498_500.jpeg,11/12/24
Desodorantes,GLADE DESODORANTE DE AMBIENTES LAVANDA & VAINILLA 110 GR REPUESTO,Gs   35.800,https://www.stock.com.py/images/thumbs/0212495_500.jpeg,11/12/24
Desodorantes,GLADE DESODORANTE DE AMBIENTES LIMON REFRESCANTE 110 GR REPUESTO,Gs   35.800,https://www.stock.com.py/images/thumbs/0212494_500.jpeg,11/12/24
Desodorantes,LIMPIADOR GLADE ADHESIVO LAVANDA 8.2GR DOYPACK,Gs   4.800,https://www.stock.com.py/images/thumbs/0212478_500.jpeg,11/12/24
Desodorantes,PATO PURIFIC DISCO ADHESIVO MARINA 12 GR + APLICADOR,Gs   19.900,https://www.stock.com.py/images/thumbs/0212477_500.jpeg,11/12/24
Desodorantes,DESINFECTANTE ORIGINAL 285CM LYSOFORM AER,Gs   22.900,https://www.stock.com.py/images/thumbs/0212475_500.jpeg,11/12/24
Desodorantes,DESINFECTANTE LAVANDA 360G LYSOFORM AER,Gs   34.000,https://www.stock.com.py/images/thumbs/0212474_500.jpeg,11/12/24
Desodorantes,LIMPIADOR INODPATO PURIFGEL FLORAL 500ML,Gs   37.500,https://www.stock.com.py/images/thumbs/0212473_500.jpeg,11/12/24
Desodorantes,PATO PURIFIC DISCO ADHESIVO REPUESTO FLORAL 38 GR,Gs   23.900,https://www.stock.com.py/images/thumbs/0212448_500.jpeg,11/12/24
Desodorantes,PATO PURIFIC DISCO ADHESIVO REPUESTO MARINA 38 GR + APLICADOR,Gs   29.900,https://www.stock.com.py/images/thumbs/0212447_500.jpeg,11/12/24
Desodorantes,AROMATIZANTE MINIGEL DE LIMON 70GR GLADE POTE ,Gs   13.900,https://www.stock.com.py/images/thumbs/0212446_500.jpeg,11/12/24
Desodorantes,AROMATIZANTE MINIGEL CAMPOS DE LAVANDA 70GR GLADE POTE ,Gs   13.900,https://www.stock.com.py/images/thumbs/0212445_500.jpeg,11/12/24
Desodorantes,DESINFECTANTE D/ AMBIENTE AIRE DE MONTAÑA 360ML LYSOFORM AER ,Gs   29.900,https://www.stock.com.py/images/thumbs/0212438_500.jpeg,11/12/24
Desodorantes,DESINFECTANTE D/ AMBIENTE FLORAL 360ML LYSOFORM AER ,Gs   28.150,https://www.stock.com.py/images/thumbs/0212437_500.jpeg,11/12/24
Desodorantes,DESINFECTANTE D/ AMBIENTE BEBE 360ML LYSOFORM AER.,Gs   29.900,https://www.stock.com.py/images/thumbs/0212436_500.jpeg,11/12/24
Desodorantes,DESINFECTANTE D/ AMBIENTE LAVANDA 360ML LYSOFORM AER ,Gs   29.900,https://www.stock.com.py/images/thumbs/0212435_500.jpeg,11/12/24
Desodorantes,DESINFECTANTE DE AMBIENTE ORIGINAL LYSOFORM 360ML,Gs   29.900,https://www.stock.com.py/images/thumbs/0212434_500.jpeg,11/12/24
Desodorantes,LIMPIADOR CONTINUO P/INODOROS DISCOS ACTIVOS 36GR MR MUSCULO CJA,Gs   23.900,https://www.stock.com.py/images/thumbs/0212429_500.jpeg,11/12/24
Desodorantes,AROMATIZANTE DE AMBIENTE LYSPFORM 270ML RESPUESTO,Gs   51.900,https://www.stock.com.py/images/thumbs/0212419_500.jpeg,11/12/24
Tempero,MISTURA TEMPERO SALADA X60GR F,Gs   4.700,https://www.stock.com.py/images/thumbs/0211768_500.png,11/12/24
Tempero,CONDIMENTO ZAELI AJO Y SAL POTE 300GR,Gs   6.650,https://www.stock.com.py/images/thumbs/0211754_500.png,11/12/24
Tempero,CONDIMENTO COMPLETO SIN PIMIENTA ZAELI 300GR,Gs   6.650,https://www.stock.com.py/images/thumbs/0211753_500.png,11/12/24
Tempero,CONDIMENTO AMACIANTE DE CARNE 30 GRS,Gs   12.600,https://www.stock.com.py/images/thumbs/0181691_500.jpeg,11/12/24
Tempero,CONDIMENTO NESTLE FRASCO 120 GR,Gs   12.600,https://www.stock.com.py/images/thumbs/0181690_500.jpeg,11/12/24
Tempero,CONDIMENTO NESTLE FRASCO 120 GR,Gs   12.600,https://www.stock.com.py/images/thumbs/0181689_500.jpeg,11/12/24
Tempero,TEMPERO SAZON X 60 GR.,Gs   7.550,https://www.stock.com.py/images/thumbs/0178691_500.jpeg,11/12/24
Tempero,TEMPERO EN POLVO SAZON AMARILLO 60G,Gs   7.550,https://www.stock.com.py/images/thumbs/0178662_500.jpeg,11/12/24
Tempero,TEMPERO COMPLETO S/PIMIENTA,Gs   26.250,https://www.stock.com.py/images/thumbs/0175259_500.jpeg,11/12/24
Ron/Cachasa/Caña,FORTIN RON BLANCO 475 ML,Gs   14.000,https://www.stock.com.py/images/thumbs/0209515_500.png,11/12/24
Ron/Cachasa/Caña,TRES LEONES RON ORIGINAL COCTEL SABOR FRUTOS ROJOS 420 ML,Gs   14.500,https://www.stock.com.py/images/thumbs/0209216_500.jpeg,11/12/24
Ron/Cachasa/Caña,RON AN?EJO 9 AN?OS DIAZ DE VIVAR 750ML,Gs   100.000,https://www.stock.com.py/images/thumbs/0207990_500.jpeg,11/12/24
Ron/Cachasa/Caña,AGUARDIENTE JAMEL FCO 1000 ML,Gs   26.900,https://www.stock.com.py/images/thumbs/0206889_500.jpeg,11/12/24
Ron/Cachasa/Caña,TRES LEONES RON ORIGINAL COCTEL SABOR COCO 420 ML,Gs   14.500,https://www.stock.com.py/images/thumbs/0201570_500.jpeg,11/12/24
Ron/Cachasa/Caña,TRES LEONES RON ORIGINAL COCTEL SABOR LIMON 420 ML,Gs   14.500,https://www.stock.com.py/images/thumbs/0201569_500.jpeg,11/12/24
Ron/Cachasa/Caña,RON EDICION ESPECIAL 720ML TRES LEONES BOT,Gs   35.100,https://www.stock.com.py/images/thumbs/0201567_500.jpeg,11/12/24
Ron/Cachasa/Caña,RON BLANCO 750ML TRES LEONES BOT,Gs   19.000,https://www.stock.com.py/images/thumbs/0201566_500.jpeg,11/12/24
Ron/Cachasa/Caña,CAÑA TRES LEONES BOTELLA 450 CC,Gs   4.550,https://www.stock.com.py/images/thumbs/0201562_500.jpeg,11/12/24
Ron/Cachasa/Caña,CAÑA ESPECIAL 190 ML TRES LEONES BOT,Gs   2.400,https://www.stock.com.py/images/thumbs/0201555_500.jpeg,11/12/24
Ron/Cachasa/Caña,CAÑA TRES LEONES BOTELLA 750 CC,Gs   18.750,https://www.stock.com.py/images/thumbs/0201554_500.jpeg,11/12/24
Ron/Cachasa/Caña,CAÑA TRES LEONES PET 450 CC,Gs   15.000,https://www.stock.com.py/images/thumbs/0201553_500.jpeg,11/12/24
Ron/Cachasa/Caña,CAÑA TRES LEONES CAJA,Gs   51.400,https://www.stock.com.py/images/thumbs/0201552_500.jpeg,11/12/24
Ron/Cachasa/Caña,TRES LEONES ETIQUETA NEGRA CA?A A?EJADA 8 A?OS 750 ML,Gs   36.550,https://www.stock.com.py/images/thumbs/0201549_500.jpeg,11/12/24
Ron/Cachasa/Caña,RON SABOR CANELA FORTIN 750ML,Gs   18.700,https://www.stock.com.py/images/thumbs/0201544_500.jpeg,11/12/24
Ron/Cachasa/Caña,RON SUAVE ETIQUETA NEGRA EDICION ESPECIAL FORTIN 750ML,Gs   38.000,https://www.stock.com.py/images/thumbs/0201543_500.png,11/12/24
Ron/Cachasa/Caña,CAÑA ETIQUETA NEGRA RESERVA 8 ESPECIAL FORTIN 750ML,Gs   37.000,https://www.stock.com.py/images/thumbs/0201542_500.jpeg,11/12/24
Ron/Cachasa/Caña,CAÑA ETIQUETA NEGRA FORTIN 750ML,Gs   14.550,https://www.stock.com.py/images/thumbs/0201541_500.jpeg,11/12/24
Ron/Cachasa/Caña,CAÑA ETIQUETA NEGRA FORTIN 750ML,Gs   18.100,https://www.stock.com.py/images/thumbs/0201540_500.jpeg,11/12/24
Ron/Cachasa/Caña,CAÑA AÑEJADA FORTIN  450CC,Gs   4.500,https://www.stock.com.py/images/thumbs/0199102_500.jpeg,11/12/24
Ron/Cachasa/Caña,CAÑA AÑEJADA ESPECIAL FORTIN 200ML,Gs   2.450,https://www.stock.com.py/images/thumbs/0198528_500.jpeg,11/12/24
Ron/Cachasa/Caña,CAÑA AÑEJADA ESPECIAL FORTIN 930ML,Gs   7.850,https://www.stock.com.py/images/thumbs/0198527_500.jpeg,11/12/24
Ron/Cachasa/Caña,RON SABOR FRUTOS ROJOS FORTIN 750ML,Gs   18.700,https://www.stock.com.py/images/thumbs/0198526_500.jpeg,11/12/24
Ron/Cachasa/Caña,RON SABOR COCO FORTIN 750ML,Gs   18.700,https://www.stock.com.py/images/thumbs/0198514_500.jpeg,11/12/24
Ron/Cachasa/Caña,RON BLANCO FORTIN 750ML,Gs   18.700,https://www.stock.com.py/images/thumbs/0198513_500.jpeg,11/12/24
Ron/Cachasa/Caña,CACHAZA LIMON 910ML VELHO BARREIRO BOT,Gs   39.550,https://www.stock.com.py/images/thumbs/0193617_500.jpeg,11/12/24
Ron/Cachasa/Caña,HEROICA RON AÑEJADO EN CUBAS FORTIN D/ROBLE 700ML BOT,Gs   200.000,https://www.stock.com.py/images/thumbs/0192094_500.jpeg,11/12/24
Ron/Cachasa/Caña,RON 750 ML FORTIN BOT EDICION ESPECIAL ,Gs   33.000,https://www.stock.com.py/images/thumbs/0192092_500.jpeg,11/12/24
Pastas para Moldear,ACRILEX SOFT PLASTILINA 6 COLORES 90 GR,Gs   8.400,https://www.stock.com.py/images/thumbs/0193281_500.jpeg,11/12/24
Pastas para Moldear,PLASTILINA SUAVE FLUOR.12COLOR,Gs   12.000,https://www.stock.com.py/images/thumbs/0193266_500.jpeg,11/12/24
Pastas para Moldear,ESTUCHE PLASTILINA ACRILEX EST,Gs   13.750,https://www.stock.com.py/images/thumbs/0166323_500.png,11/12/24
Decoración Hogar,PERCHERO MADERA GRANDE PUZZLEZ BLIS ,Gs   13.000,https://www.stock.com.py/images/thumbs/0178083_500.jpeg,11/12/24
Decoración Hogar,ALFOMBRA ANTIDESLIZANTE IW REF M01,Gs   20.900,https://www.stock.com.py/images/thumbs/noDefaultImage_stock_500.gif,11/12/24
Decoración Hogar,ALFOMBRA P/ENTRADA 50X80CM KENNEDY,Gs   41.900,https://www.stock.com.py/images/thumbs/noDefaultImage_stock_500.gif,11/12/24
Decoración Hogar,ALFOMBRA P/ENTRADA 40X60 DAYO RO121,Gs   9.900,https://www.stock.com.py/images/thumbs/noDefaultImage_stock_500.gif,11/12/24
Decoración Hogar,ALFOMBRA P/ENTRADA KENNEDY NUBIA40X60,Gs   29.900,https://www.stock.com.py/images/thumbs/noDefaultImage_stock_500.gif,11/12/24
Decoración Hogar,ESTERILLA D/PLAST DAYO REF.34800-2,Gs   28.900,https://www.stock.com.py/images/thumbs/noDefaultImage_stock_500.gif,11/12/24
Caldos/Sopas/Pure,PURE DE PAPA ORIGINAL MAGGI 125 GR,Gs   15.500,https://www.stock.com.py/images/thumbs/0207980_500.jpeg,11/12/24
Caldos/Sopas/Pure,SOPA CREMA VEGETALES 60GR KNORR,Gs   11.100,https://www.stock.com.py/images/thumbs/0204451_500.jpeg,11/12/24
Caldos/Sopas/Pure,KNORR PURE PAPAS RECETA COMPLETA LISTA 125 GR,Gs   17.050,https://www.stock.com.py/images/thumbs/0203603_500.jpeg,11/12/24
Caldos/Sopas/Pure,CALDO D/VERDURAS DESHIDRATADO 12UN MAGGI,Gs   10.000,https://www.stock.com.py/images/thumbs/0200531_500.jpeg,11/12/24
Caldos/Sopas/Pure,PURE DE PAPAS INSTANTANEO KNORR 125GR,Gs   15.900,https://www.stock.com.py/images/thumbs/0198784_500.jpeg,11/12/24
Caldos/Sopas/Pure,KNORR SOPA CREMA ZAPALLO CON NUEZ MOSCADA 70 GR,Gs   11.100,https://www.stock.com.py/images/thumbs/0196780_500.jpeg,11/12/24
Caldos/Sopas/Pure,"KNORR SOPA DE VEGETALES CON CARACOLITOS TRICOLOR 107,5 GR",Gs   11.100,https://www.stock.com.py/images/thumbs/0196776_500.jpeg,11/12/24
Caldos/Sopas/Pure,CALDO DE GALLINA KNORR 12UNID,Gs   10.400,https://www.stock.com.py/images/thumbs/0195337_500.jpeg,11/12/24
Caldos/Sopas/Pure,CALDO DE GALLINA KNORR 6UNID,Gs   6.250,https://www.stock.com.py/images/thumbs/0195336_500.jpeg,11/12/24
Caldos/Sopas/Pure,CALDO DE CARNE KNORR 12UNID,Gs   10.400,https://www.stock.com.py/images/thumbs/0195329_500.jpeg,11/12/24
Caldos/Sopas/Pure,CALDO DE CARNE KNORR 6UNID,Gs   6.250,https://www.stock.com.py/images/thumbs/0195328_500.jpeg,11/12/24
Caldos/Sopas/Pure,PURE DE PAPAS BIANCA 125GR,Gs   8.900,https://www.stock.com.py/images/thumbs/0188472_500.jpeg,11/12/24
Caldos/Sopas/Pure,PURE DE PAPAS BIANCA 400GR,Gs   21.900,https://www.stock.com.py/images/thumbs/0188470_500.jpeg,11/12/24
Caldos/Sopas/Pure,SOPA D/GALLINA C/FIDEO DESHIDRATADA 60GR MAGGI,Gs   10.800,https://www.stock.com.py/images/thumbs/0181695_500.jpeg,11/12/24
Caldos/Sopas/Pure,SOPA D/CARNE C/FIDEO CARACOLITO DESHIDRATADA 63GR MAGGI,Gs   10.850,https://www.stock.com.py/images/thumbs/0181694_500.jpeg,11/12/24
Caldos/Sopas/Pure,PURE DE PAPAS AMELIA CON LECHE DESHIDRATADO 150 GR,Gs   8.550,https://www.stock.com.py/images/thumbs/0181171_500.jpeg,11/12/24
Caldos/Sopas/Pure,PURE D/PAPAS 125GR AMELIA,Gs   7.400,https://www.stock.com.py/images/thumbs/0159227_500.jpeg,11/12/24
Mayonesa,MAYONESA SABOR ALIOLI HELLMANN'S 940 GR,Gs   34.050,https://www.stock.com.py/images/thumbs/0207269_500.jpeg,11/12/24
Mayonesa,MAYONESA CON LIMON HELLMANN'S 500GR,Gs   15.000,https://www.stock.com.py/images/thumbs/0205159_500.jpeg,11/12/24
Mayonesa,MAYONESA 250CC/KETCHUP 250CC NATURA PACK,Gs   14.700,https://www.stock.com.py/images/thumbs/0204550_500.jpeg,11/12/24
Mayonesa,HELLMANN-S MAYONESA RECETA TIPO CASERA 445 GR,Gs   24.600,https://www.stock.com.py/images/thumbs/0199871_500.jpeg,11/12/24
Mayonesa,HELLMANN-S MAYONESA RECETA TIPO CASERA 320 GR,Gs   19.450,https://www.stock.com.py/images/thumbs/0199865_500.jpeg,11/12/24
Mayonesa,MAYONESA CLASICA HELLMANNS 475GR,Gs   18.100,https://www.stock.com.py/images/thumbs/0198664_500.jpeg,11/12/24
Mayonesa,MAYONESA CLASICA HELLMANNS 950GR,Gs   34.050,https://www.stock.com.py/images/thumbs/0198645_500.jpeg,11/12/24
Mayonesa,MAYONESA CASERA 232GR HELLMANNS,Gs   13.600,https://www.stock.com.py/images/thumbs/0196774_500.jpeg,11/12/24
Mayonesa,MAYONESA CLASICA HELLMANNS 237GR,Gs   9.650,https://www.stock.com.py/images/thumbs/0196182_500.jpeg,11/12/24
Mayonesa,MAYONESA CON ACEITE DE OLIVA MAYOLIVA 250GR,Gs   12.900,https://www.stock.com.py/images/thumbs/0195427_500.jpeg,11/12/24
Mayonesa,MAYONESA CON ACEITE DE OLIVA MAYOLIVA 125GR,Gs   6.700,https://www.stock.com.py/images/thumbs/0195425_500.jpeg,11/12/24
Mayonesa,MAYONESA CON ACEITE DE OLIVA MAYOLIVA 475GR,Gs   23.850,https://www.stock.com.py/images/thumbs/0195424_500.jpeg,11/12/24
Mayonesa,MAYONESA NATURA 500GR,Gs   15.400,https://www.stock.com.py/images/thumbs/0195423_500.jpeg,11/12/24
Mayonesa,MAYONESA NATURA 1KG,Gs   29.850,https://www.stock.com.py/images/thumbs/0195422_500.jpeg,11/12/24
Mayonesa,MAYONESA NATURA 250GR,Gs   8.300,https://www.stock.com.py/images/thumbs/0195421_500.jpeg,11/12/24
Mayonesa,MAYONESA NATURA 125GR,Gs   4.500,https://www.stock.com.py/images/thumbs/0195420_500.jpeg,11/12/24
Mayonesa,MAYONESA NATIVO 500GR,Gs   12.150,https://www.stock.com.py/images/thumbs/0188122_500.jpeg,11/12/24
Mayonesa,MAYONESA NATIVO 230GR,Gs   6.250,https://www.stock.com.py/images/thumbs/0188121_500.jpeg,11/12/24
Mayonesa,MAYONESA NATIVO 125GR,Gs   3.100,https://www.stock.com.py/images/thumbs/0188120_500.jpeg,11/12/24
Mayonesa,MAYONESA BIANCA 125gr,Gs   2.850,https://www.stock.com.py/images/thumbs/0186453_500.jpeg,11/12/24
Mayonesa,MAYONESA 500GR BIANCA DOY,Gs   10.700,https://www.stock.com.py/images/thumbs/0169670_500.jpeg,11/12/24
Mayonesa,MAYONESA 250GR BIANCA DOY,Gs   4.200,https://www.stock.com.py/images/thumbs/0169668_500.jpeg,11/12/24
Mayonesa, PACK HELLMANNS  MAY LIGHT SACH X 475GR  GALLETITA CRACKERS CON SEMILLA DE CHIA X 62GR,Gs   54.900,https://www.stock.com.py/images/thumbs/noDefaultImage_stock_500.gif,11/12/24
Papelería/Sobres,RESMA REPORT OFICIO UNIDAD,Gs   43.250,https://www.stock.com.py/images/thumbs/0208070_500.jpeg,11/12/24
Papelería/Sobres,INFORME RESMA A4 UNIDAD,Gs   37.750,https://www.stock.com.py/images/thumbs/0208069_500.jpeg,11/12/24
Papelería/Sobres,HOJAS CAMBIABLES OFICIO CUADRICULADO X 50 ALAMO           x 10,Gs   12.050,https://www.stock.com.py/images/thumbs/0206039_500.jpeg,11/12/24
Papelería/Sobres,SUPER CELOFAN P/ASADOS ROLLO 45CM X 4 M,Gs   12.200,https://www.stock.com.py/images/thumbs/0202795_500.jpeg,11/12/24
Papelería/Sobres,CARTULINA OSCURA A4 X 10 HOJAS ALAMO,Gs   7.600,https://www.stock.com.py/images/thumbs/0192028_500.jpeg,11/12/24
Papelería/Sobres,HOJA P/DIBUJO 25 HOJAS N2 BORDES NO MILIMETRADOS ALAMO,Gs   10.150,https://www.stock.com.py/images/thumbs/0192018_500.jpeg,11/12/24
Papelería/Sobres,PALITOS GOMA EVA TORRE EST 1UN,Gs   11.350,https://www.stock.com.py/images/thumbs/0184355_500.jpeg,11/12/24
Papelería/Sobres,NUMEROS DE GOMA EVA ADHESIVOS TORRE,Gs   13.450,https://www.stock.com.py/images/thumbs/0184341_500.jpeg,11/12/24
Papelería/Sobres,HOJAS CAMBIABLES X50UN 2 RAYAS OFICIO ALAMO BLIS,Gs   10.800,https://www.stock.com.py/images/thumbs/0184138_500.jpeg,11/12/24
Papelería/Sobres,HOJA DOBLE OFICIO X25UN 1 RAYA ALAMO BLIS,Gs   10.050,https://www.stock.com.py/images/thumbs/0184137_500.jpeg,11/12/24
Papelería/Sobres,CARTULINA DE HILO ROSA DUSON PAQ 25 UN ,Gs   26.850,https://www.stock.com.py/images/thumbs/0183977_500.jpeg,11/12/24
Papelería/Sobres,CARTON CORRUGADO VRIOS COL 50X70CM ALAMO BLI,Gs   7.850,https://www.stock.com.py/images/thumbs/0183893_500.jpeg,11/12/24
Papelería/Sobres,HOJA D/DIBUJO N2 25UN ALAMO BLIS,Gs   10.150,https://www.stock.com.py/images/thumbs/0166422_500.jpeg,11/12/24
Papelería/Sobres,CARTULINA OFICIO COLOR SURTIDO 10UN DUSON BLIS,Gs   10.950,https://www.stock.com.py/images/thumbs/0166375_500.jpeg,11/12/24
Papelería/Sobres,CARTULINA CLARA 44X63CM ALAMO BLI,Gs   3.650,https://www.stock.com.py/images/thumbs/0166374_500.jpeg,11/12/24
Papelería/Sobres,CARTULINA BLANCA 44X63CM ALAMO BLI,Gs   3.200,https://www.stock.com.py/images/thumbs/0166372_500.jpeg,11/12/24
Papelería/Sobres,GOMA EVA TOHALLADA 40X50 CM ALAMO BLIS,Gs   10.300,https://www.stock.com.py/images/thumbs/0166367_500.jpeg,11/12/24
Papelería/Sobres,LAPIZ PAPEL BIC EVOL CON GOM.BL,Gs   7.100,https://www.stock.com.py/images/thumbs/0166348_500.png,11/12/24
Papelería/Sobres,LAPIZ DE PAPEL 1 UN,Gs   6.300,https://www.stock.com.py/images/thumbs/0166333_500.png,11/12/24
Papelería/Sobres,BLISTER HOJA CAMBIABLE,Gs   13.250,https://www.stock.com.py/images/thumbs/0166331_500.png,11/12/24
Papelería/Sobres,HOJAS REPUESTO DUSON UNIVERSITARIO 50HS3 AGUJEROS,Gs   10.300,https://www.stock.com.py/images/thumbs/0151537_500.jpeg,11/12/24
Papelería/Sobres,BLISTER HOJA CAMBIABLE CUADRICULADA DUSON,Gs   13.250,https://www.stock.com.py/images/thumbs/0151528_500.jpeg,11/12/24
Papelería/Sobres,MULTI PAPEL DUSON COLOR X25UNI,Gs   20.700,https://www.stock.com.py/images/thumbs/0151492_500.jpeg,11/12/24
Papelería/Sobres,HOJAS DOBLE OFICIO CUADRICULAD,Gs   21.650,https://www.stock.com.py/images/thumbs/0151429_500.jpeg,11/12/24
Papelería/Sobres,HOJA CAMBIABLE OFICIO 1 RAYA 50UN ALAMO BLIS,Gs   11.350,https://www.stock.com.py/images/thumbs/0115317_500.jpeg,11/12/24
Papelería/Sobres,CARTULINA DE HILO BLANCO DUSON PAQ 25 UN ,Gs   22.300,https://www.stock.com.py/images/thumbs/noDefaultImage_stock_500.gif,11/12/24
Papelería/Sobres,SEÑALADORES AUTOADHESIVOS VAR COL 5UN H TONE BLIS,Gs   7.000,https://www.stock.com.py/images/thumbs/noDefaultImage_stock_500.gif,11/12/24
Papelería/Sobres,GOMA ADHESIVA DIS FLOR MERLETTO 4639383,Gs   8.500,https://www.stock.com.py/images/thumbs/noDefaultImage_stock_500.gif,11/12/24
Comercial,TALONARIO DE RECIBO GS 100 HOJAS ALAMO S/E,Gs   8.150,https://www.stock.com.py/images/thumbs/0202238_500.jpeg,11/12/24
Comercial,PTE.PAGARE EN G SIN COLOR X20,Gs   7.300,https://www.stock.com.py/images/thumbs/0166340_500.png,11/12/24
Ceramica/Porcelana/Loza,TAZA C/ TAPA C/DIS INFANTIL 360ML JAGUAR REF 4184,Gs   8.300,https://www.stock.com.py/images/thumbs/0212688_500.jpeg,11/12/24
Ceramica/Porcelana/Loza,PLATO MAST D/PORCELANA PLAYO CON DISEN?O,Gs   6.400,https://www.stock.com.py/images/thumbs/0208313_500.jpeg,11/12/24
Ceramica/Porcelana/Loza,PLATO MAST D/PORCELANA HONDO CON DISEN?O,Gs   6.400,https://www.stock.com.py/images/thumbs/0208312_500.jpeg,11/12/24
Ceramica/Porcelana/Loza,PLATO MAST D/PORCELANA PLAYO BLANCO,Gs   6.400,https://www.stock.com.py/images/thumbs/0208311_500.jpeg,11/12/24
Ceramica/Porcelana/Loza,PLATO MAST D/PORCELANA PLAYO BLANCO 10.5,Gs   9.900,https://www.stock.com.py/images/thumbs/0208309_500.jpeg,11/12/24
Ceramica/Porcelana/Loza,VASO DESC LARGO 340ML 6UN SERTPLAST,Gs   20.000,https://www.stock.com.py/images/thumbs/0202778_500.jpeg,11/12/24
Ceramica/Porcelana/Loza,OXFORD PLATO ASADO HONDO,Gs   26.100,https://www.stock.com.py/images/thumbs/0200680_500.jpeg,11/12/24
Ceramica/Porcelana/Loza,TAZA DE CERAMICA 350ML HENAN,Gs   5.900,https://www.stock.com.py/images/thumbs/0182064_500.jpeg,11/12/24
Ceramica/Porcelana/Loza,TAZAS D/CERAMICA AZUL CLARO 320ML DAYO REF 11OZ,Gs   5.500,https://www.stock.com.py/images/thumbs/0181854_500.jpeg,11/12/24
Ceramica/Porcelana/Loza,TAZAS D/CERAMICA AZUL OSCURO 350ML DAYO REF 12OZ,Gs   5.000,https://www.stock.com.py/images/thumbs/0181847_500.jpeg,11/12/24
Ceramica/Porcelana/Loza,TAZA D/CERAMICA 320ML HENAN REF 02111B002,Gs   9.900,https://www.stock.com.py/images/thumbs/0181846_500.jpeg,11/12/24
Ceramica/Porcelana/Loza,PLATO D/VIDRIO PLAYO 23CM AZUL DAYO REF FP925,Gs   4.900,https://www.stock.com.py/images/thumbs/0180750_500.jpeg,11/12/24
Ceramica/Porcelana/Loza,PLATO PLAYO D/CERAMICA 23CM BLANCO LIFE Y LIVING REF LFP090,Gs   5.900,https://www.stock.com.py/images/thumbs/0180640_500.jpeg,11/12/24
Ceramica/Porcelana/Loza,BOWL D/CERAMICA BLANCO 17CM ZIBO S/E REF LYB07,Gs   4.800,https://www.stock.com.py/images/thumbs/0180540_500.jpeg,11/12/24
Ceramica/Porcelana/Loza,BOWL D/CERAMICA C/FILO 17CM ZIBO S/E REF LYB07,Gs   4.800,https://www.stock.com.py/images/thumbs/0170043_500.jpeg,11/12/24
Ceramica/Porcelana/Loza,PLATO HONDO D/CERAMICA 22CM BLANCO ZIBO S/E REF 023SP090W,Gs   5.900,https://www.stock.com.py/images/thumbs/0164754_500.png,11/12/24
Ceramica/Porcelana/Loza,TAZA D/CERAMICA 350ML HENAN REF 02112B001,Gs   4.400,https://www.stock.com.py/images/thumbs/0164752_500.jpeg,11/12/24
Ceramica/Porcelana/Loza,TAZA D/CERAMICA 350ML LIFE Y LIVING REF 02112S001,Gs   7.900,https://www.stock.com.py/images/thumbs/0164751_500.jpeg,11/12/24
Ceramica/Porcelana/Loza,PLATO HONDO D/VIDRIO TILCARA RIGOLLEAU S/E,Gs   5.950,https://www.stock.com.py/images/thumbs/noDefaultImage_stock_500.gif,11/12/24
Ceramica/Porcelana/Loza,PLATO HONDO D/ACERO 26CM DAYO,Gs   19.300,https://www.stock.com.py/images/thumbs/noDefaultImage_stock_500.gif,11/12/24
Ceramica/Porcelana/Loza,ESPATULA TRAMONTINA P/PIZZA NGRA UTILITA,Gs   32.000,https://www.stock.com.py/images/thumbs/noDefaultImage_stock_500.gif,11/12/24
Ceramica/Porcelana/Loza,BOTELLA MULT D/PLAST DY,Gs   66.900,https://www.stock.com.py/images/thumbs/noDefaultImage_stock_500.gif,11/12/24
Afeitadoras/Repuestos,MAQUINA XTRE SCHICK 1X2 7120201,Gs   21.950,https://www.stock.com.py/images/thumbs/0209888_500.png,11/12/24
Afeitadoras/Repuestos,MAQUINA XTRE SCHICK 1X8 7080201,Gs   9.550,https://www.stock.com.py/images/thumbs/0209887_500.jpeg,11/12/24
Afeitadoras/Repuestos,MAQUINA AFEITAR SHICK XTREME III 2 UN,Gs   21.950,https://www.stock.com.py/images/thumbs/0209886_500.jpeg,11/12/24
Afeitadoras/Repuestos,MAQUINA QUATRO SCHICK HOM DES 1X6 Nº 7510311A,Gs   17.350,https://www.stock.com.py/images/thumbs/0209882_500.jpeg,11/12/24
Afeitadoras/Repuestos,MAQUINA EX II SCHICK 1X12 6840801,Gs   3.400,https://www.stock.com.py/images/thumbs/0209879_500.jpeg,11/12/24
Afeitadoras/Repuestos,AFEITADORA GAMA GSH986 SPORT USB 657,Gs   289.900,https://www.stock.com.py/images/thumbs/0209196_500.png,11/12/24
Afeitadoras/Repuestos,AFEITADOR 3MED CORTE TRIMMER GAMA 3822,Gs   229.900,https://www.stock.com.py/images/thumbs/0209194_500.png,11/12/24
Afeitadoras/Repuestos,MAQUINA AFEITAR PRESTOBARBA GILLETTE 3UN,Gs   25.450,https://www.stock.com.py/images/thumbs/0207748_500.jpeg,11/12/24
Afeitadoras/Repuestos,MAQUINA D/AFEIT PRESTOBRBA GILLETTE 5UN,Gs   37.350,https://www.stock.com.py/images/thumbs/0206920_500.jpeg,11/12/24
Afeitadoras/Repuestos,MAQUINA DE AFEITAR STYLER GILLETTE 1UNID,Gs   235.550,https://www.stock.com.py/images/thumbs/0195557_500.jpeg,11/12/24
Afeitadoras/Repuestos,PRESTOBARBA GILLETTE 3 ICE BLIX4,Gs   46.900,https://www.stock.com.py/images/thumbs/0174305_500.jpeg,11/12/24
Afeitadoras/Repuestos,Maq. Des. PB3 Cool X 2,Gs   26.150,https://www.stock.com.py/images/thumbs/0174304_500.jpeg,11/12/24
Afeitadoras/Repuestos,MAQ. Des. PB3 Original  X 2,Gs   26.300,https://www.stock.com.py/images/thumbs/0174299_500.jpeg,11/12/24
Afeitadoras/Repuestos,Rpto. Mach 3 Sensitive x 4,Gs   88.950,https://www.stock.com.py/images/thumbs/0174291_500.jpeg,11/12/24
Afeitadoras/Repuestos,Rpto. Mach 3 Sensitive x 2,Gs   50.450,https://www.stock.com.py/images/thumbs/0174290_500.jpeg,11/12/24
Afeitadoras/Repuestos,Maq. Mach 3 Regular,Gs   43.100,https://www.stock.com.py/images/thumbs/0174287_500.jpeg,11/12/24
Afeitadoras/Repuestos,Rpto. Mach 3 Regular x 4,Gs   80.900,https://www.stock.com.py/images/thumbs/0174257_500.jpeg,11/12/24
Afeitadoras/Repuestos,Rpto. Mach 3 Regular x 2,Gs   41.950,https://www.stock.com.py/images/thumbs/0174256_500.jpeg,11/12/24
Afeitadoras/Repuestos,MAQUINA AFEITAR GILLETTE PRESTOB BLISTER 1UN,Gs   11.800,https://www.stock.com.py/images/thumbs/0160157_500.jpeg,11/12/24
Afeitadoras/Repuestos,MAQ. PERSONA TOUCH MOVIL X 1 UNIDAD (foto ilustrativa),Gs   9.000,https://www.stock.com.py/images/thumbs/0156635_500.jpeg,11/12/24
Afeitadoras/Repuestos,MAQUINA AFEITAR BIC CONFORT NORMAL x 24,Gs   8.400,https://www.stock.com.py/images/thumbs/0141004_500.jpeg,11/12/24
Afeitadoras/Repuestos,MAQUINA AFEITAR BIC CONFOR SENC SIN BAN,Gs   9.000,https://www.stock.com.py/images/thumbs/0141003_500.jpeg,11/12/24
Afeitadoras/Repuestos,MAQUINA D/AFEITAR 2UN BIC COMFORT 2 WOME,Gs   9.300,https://www.stock.com.py/images/thumbs/noDefaultImage_stock_500.gif,11/12/24
Lubricantes/Repuestos,SOPORTE MAGNETICO PARA AUTOS CJ-53 H-MAS,Gs   30.600,https://www.stock.com.py/images/thumbs/noDefaultImage_stock_500.gif,11/12/24
Lubricantes/Repuestos,SOPORTE MAGNETICO PARA AUTOS CJ-50 H-MAS,Gs   23.300,https://www.stock.com.py/images/thumbs/noDefaultImage_stock_500.gif,11/12/24
Uso Personal,AFEITADORA GAMA GSH986 SPORT USB 657,Gs   289.900,https://www.stock.com.py/images/thumbs/0209196_500.png,11/12/24
Uso Personal,AFEITADOR 3MED CORTE TRIMMER GAMA 3822,Gs   229.900,https://www.stock.com.py/images/thumbs/0209194_500.png,11/12/24
Uso Personal,PLANCHITA PARA PELO DAYO,Gs   119.900,https://www.stock.com.py/images/thumbs/0166127_500.jpeg,11/12/24
Uso Personal,SECADOR D/PELO 1600 W DAYO REF RW623,Gs   87.500,https://www.stock.com.py/images/thumbs/0165977_500.jpeg,11/12/24
Galletitas/Postres,MAZZEI CEREAL AROS FRUTALES LIBRE DE GLUTEN 230 GR,Gs   15.500,https://www.stock.com.py/images/thumbs/0204590_500.jpeg,11/12/24
Galletitas/Postres,MAZZEI CEREAL HOJUELAS LIBRE DE GLUTEN 300 GR,Gs   16.000,https://www.stock.com.py/images/thumbs/0204589_500.jpeg,11/12/24
Galletitas/Postres,BARRA AMEN E CAR SUPINO PROTEIN MAX 46GR,Gs   7.550,https://www.stock.com.py/images/thumbs/0202764_500.jpeg,11/12/24
Galletitas/Postres,OBLEA D/ARROZ C/RELLENO D/LIMON LULEMUU 15GR PLAST,Gs   4.500,https://www.stock.com.py/images/thumbs/0202471_500.jpeg,11/12/24
Galletitas/Postres,GULLON FINAS GALLETA AVENA CON COBERTURA CHOCO LECHE ZERO 150 GR,Gs   25.900,https://www.stock.com.py/images/thumbs/0200897_500.jpeg,11/12/24
Galletitas/Postres,GULLON GALLETA CON CHIPS DE CHOCOLATE Y COPOS DE AVENA 220 GR,Gs   25.900,https://www.stock.com.py/images/thumbs/0200895_500.jpeg,11/12/24
Galletitas/Postres,HOGARE?AS GALLETITAS DE ARROZ 110 GR,Gs   11.500,https://www.stock.com.py/images/thumbs/0199672_500.jpeg,11/12/24
Galletitas/Postres,GALLETITA DE MAIZ LESTELLO 130GR,Gs   18.500,https://www.stock.com.py/images/thumbs/0196073_500.jpeg,11/12/24
Galletitas/Postres,GALLETITA DE ARROZ NATURAL LESTELLO 110GR,Gs   14.500,https://www.stock.com.py/images/thumbs/0196068_500.jpeg,11/12/24
Galletitas/Postres,SUPINO PROTEIN BARRA DE PROTEINAS SABOR VAINILLA CON CRISPIES 30 GR,Gs   7.550,https://www.stock.com.py/images/thumbs/0193824_500.jpeg,11/12/24
Galletitas/Postres,FIDEO D/MAIZ SIN GLUTEN LAS ACACIAS SPAGUETTI 300GR BSA,Gs   23.500,https://www.stock.com.py/images/thumbs/0190750_500.jpeg,11/12/24
Galletitas/Postres,FIDEO D/MAIZ SIN GLUTEN LAS ACACIAS FUSILLI 300GR BSA,Gs   23.500,https://www.stock.com.py/images/thumbs/0190749_500.jpeg,11/12/24
Galletitas/Postres,FIDEO D/MAIZ SIN GLUTEN LAS ACACIAS PENNETE 300GR BSA,Gs   23.500,https://www.stock.com.py/images/thumbs/0190748_500.jpeg,11/12/24
Galletitas/Postres,GALLETA DE ARROZ INTEGRAL CON LINO Y SESAMO B-LIGHT 20UNID,Gs   11.500,https://www.stock.com.py/images/thumbs/0187137_500.jpeg,11/12/24
Galletitas/Postres,GALLETA DE ARROZ INTEGRAL SIN SAL B-LIGHT 20UNID,Gs   9.350,https://www.stock.com.py/images/thumbs/0187136_500.jpeg,11/12/24
Galletitas/Postres,GALLETITA CINNAMON CRIPS 235 GR GULLON PAQ,Gs   14.500,https://www.stock.com.py/images/thumbs/0171142_500.png,11/12/24
Galletitas/Postres,MINI GALLETA S/GLUTEN CHIPS CHOCO GULLON CJA,Gs   29.900,https://www.stock.com.py/images/thumbs/0171130_500.png,11/12/24
Galletitas/Postres,GALLETITA DIGESTIVA AVENA S/AZUCAR 410 GR GULLON CJA,Gs   25.900,https://www.stock.com.py/images/thumbs/0171121_500.png,11/12/24
Galletitas/Postres,GALLETITA FIBRA INTEGRAL S/AZUCAR 170 GR GULLON PAQ,Gs   16.500,https://www.stock.com.py/images/thumbs/0171116_500.png,11/12/24
Galletitas/Postres,GALLETA DE ARROZ INTEGRAL LAS ACACIAS 130 GR ,Gs   14.500,https://www.stock.com.py/images/thumbs/0164398_500.jpeg,11/12/24
Galletitas/Postres,GALLETAS PASTAS COOKIES S/GLUTEN 200 GR GULLON CJA,Gs   28.900,https://www.stock.com.py/images/thumbs/0163174_500.jpeg,11/12/24
A Granel,JAMONADA GRANDE KG.,Gs   18.900,https://www.stock.com.py/images/thumbs/0211711_500.jpeg,11/12/24
A Granel,SALAME LA CASONA TIPO MILAN X KG,Gs   117.100,https://www.stock.com.py/images/thumbs/0211528_500.jpeg,11/12/24
A Granel,SALAME LA CASONA PEPPERONI X KG,Gs   121.400,https://www.stock.com.py/images/thumbs/0211517_500.jpeg,11/12/24
A Granel,FIAMBRE UPISA CERVECERO X KG,Gs   34.900,https://www.stock.com.py/images/thumbs/0208304_500.jpeg,11/12/24
A Granel,PANCETA AHUMADA X KG UPISA,Gs   59.500,https://www.stock.com.py/images/thumbs/0207018_500.jpeg,11/12/24
A Granel,SALAME TIPO MILAN CHACRA xKG,Gs   89.900,https://www.stock.com.py/images/thumbs/0198472_500.jpeg,11/12/24
A Granel,SALAME TIPO MILAN CAGNOLI XKG S/E,Gs   118.900,https://www.stock.com.py/images/thumbs/0198471_500.png,11/12/24
A Granel,JAMONADA FRIMESA xKG,Gs   36.900,https://www.stock.com.py/images/thumbs/0187848_500.jpeg,11/12/24
A Granel,CHORIZO PARRILLERO SIN PICANTE FRANZ xKG,Gs   29.900,https://www.stock.com.py/images/thumbs/0185562_500.jpeg,11/12/24
A Granel,JAMONADA SADIA X KG,Gs   37.200,https://www.stock.com.py/images/thumbs/0173834_500.jpeg,11/12/24
A Granel,PECHUGA DE PAVO SADIA X KG,Gs   132.900,https://www.stock.com.py/images/thumbs/0173751_500.jpeg,11/12/24
A Granel,PALETA COCIDA DE JAMON CERDO SADIA ,Gs   57.800,https://www.stock.com.py/images/thumbs/0173750_500.jpeg,11/12/24
A Granel,JAMON COCIDO FRANZ X KG,Gs   63.500,https://www.stock.com.py/images/thumbs/0166602_500.png,11/12/24
A Granel,CHORIZO DE VIENA FRANZ X KG,Gs   29.900,https://www.stock.com.py/images/thumbs/0161471_500.jpeg,11/12/24
A Granel,PANCHO FRANZ X KG,Gs   30.900,https://www.stock.com.py/images/thumbs/0161470_500.jpeg,11/12/24
A Granel,SALAMITOS PAQUETE 4 UN,Gs   78.900,https://www.stock.com.py/images/thumbs/0159372_500.png,11/12/24
A Granel,FIAMBRE SURTIDO OCHSI X KG,Gs   39.900,https://www.stock.com.py/images/thumbs/0157732_500.jpeg,11/12/24
A Granel,PANCETA AHUMADA OCHSI X KG,Gs   67.900,https://www.stock.com.py/images/thumbs/0157729_500.jpeg,11/12/24
A Granel,JAMON CRUDO OCHSI 1 KG,Gs   73.900,https://www.stock.com.py/images/thumbs/0157723_500.jpeg,11/12/24
A Granel,MORTADELA ESPECIAL FRANZ X KG,Gs   34.450,https://www.stock.com.py/images/thumbs/0140385_500.jpeg,11/12/24
A Granel,FIAMBRE SURTIDOS FRANZ X KG ,Gs   31.950,https://www.stock.com.py/images/thumbs/0140368_500.jpeg,11/12/24
A Granel,JAMONADA FRANZ X KG,Gs   29.900,https://www.stock.com.py/images/thumbs/0140366_500.jpeg,11/12/24
A Granel,SALAME CHORTI TIPO PEPERONI X KL,Gs   79.900,https://www.stock.com.py/images/thumbs/0140346_500.jpeg,11/12/24
A Granel,PANCETA AHUMADA CHORTI X KG,Gs   60.900,https://www.stock.com.py/images/thumbs/0139530_500.jpeg,11/12/24
A Granel,FIAMBRE SURTIDO GRANDE X KG . GRANDE,Gs   25.900,https://www.stock.com.py/images/thumbs/0139409_500.jpeg,11/12/24
A Granel,JAMON CRUDO CHORTI X KG,Gs   62.900,https://www.stock.com.py/images/thumbs/0139268_500.jpeg,11/12/24
A Granel,JAMONADA CHORTI GRA 1 KL,Gs   36.500,https://www.stock.com.py/images/thumbs/0138729_500.jpeg,11/12/24
Escobas/Escurridores/Palitas,ESCOBA BRILHUS GRAN BARRIDO BETTANIN REF BTI652,Gs   26.400,https://www.stock.com.py/images/thumbs/0206365_500.jpeg,11/12/24
Escobas/Escurridores/Palitas,PALITA POLIFOAM P/BASURA CHAPA,Gs   14.750,https://www.stock.com.py/images/thumbs/0202589_500.jpeg,11/12/24
Escobas/Escurridores/Palitas,PALA DE LIMPIEZA S/E 1 UN,Gs   27.000,https://www.stock.com.py/images/thumbs/0202426_500.jpeg,11/12/24
Escobas/Escurridores/Palitas,ESCOBA DE FIBRA DURA Y CORTA S,Gs   42.900,https://www.stock.com.py/images/thumbs/0202309_500.jpeg,11/12/24
Escobas/Escurridores/Palitas,SECADOR GOMA DOBLE CON CABO+1TRAPO,Gs   32.300,https://www.stock.com.py/images/thumbs/0202150_500.jpeg,11/12/24
Escobas/Escurridores/Palitas,PALA DE BASURA CON MANGO PULOIL,Gs   32.550,https://www.stock.com.py/images/thumbs/0194925_500.jpeg,11/12/24
Escobas/Escurridores/Palitas,ESCOBA BRILHUS BT2003 BETTANIN ,Gs   25.200,https://www.stock.com.py/images/thumbs/0193509_500.jpeg,11/12/24
Escobas/Escurridores/Palitas,ESCOBILLON CARIBE 1 UN,Gs   35.800,https://www.stock.com.py/images/thumbs/0193507_500.jpeg,11/12/24
Escobas/Escurridores/Palitas,ESCOBA NOVICIA S/E 1 UN,Gs   26.450,https://www.stock.com.py/images/thumbs/0193506_500.jpeg,11/12/24
Escobas/Escurridores/Palitas,SECADOR PARA PISO 1 UN BETTANIN,Gs   39.300,https://www.stock.com.py/images/thumbs/0193502_500.jpeg,11/12/24
Escobas/Escurridores/Palitas,SECADOR P/PISO S/E 1 UN,Gs   36.450,https://www.stock.com.py/images/thumbs/0193501_500.jpeg,11/12/24
Escobas/Escurridores/Palitas,ESCURRIDOR PLAST. CHICO POLIFOAM S/E,Gs   16.650,https://www.stock.com.py/images/thumbs/0192423_500.jpeg,11/12/24
Escobas/Escurridores/Palitas,ESCURRIDOR PLAST. GRANDE POLIFOAM S/E,Gs   18.650,https://www.stock.com.py/images/thumbs/0192422_500.jpeg,11/12/24
Escobas/Escurridores/Palitas,ROUTILPAR ESCOBA TUCANO RODOLAR,Gs   13.600,https://www.stock.com.py/images/thumbs/0180718_500.jpeg,11/12/24
Escobas/Escurridores/Palitas,MOPA QUICK MOP C/MANGO LINEA BELLA S/E,Gs   27.100,https://www.stock.com.py/images/thumbs/0176815_500.jpeg,11/12/24
Escobas/Escurridores/Palitas,ESCURRIDOR D/PISO 40CM C/SUJETADOR VIRULANA S/E,Gs   23.900,https://www.stock.com.py/images/thumbs/0176656_500.jpeg,11/12/24
Escobas/Escurridores/Palitas,ESCOBILLA BETTA  S/E 1 UN,Gs   10.600,https://www.stock.com.py/images/thumbs/0176590_500.jpeg,11/12/24
Escobas/Escurridores/Palitas,ESCOBA VARRE MAX S/E 1 UN,Gs   35.800,https://www.stock.com.py/images/thumbs/0176589_500.jpeg,11/12/24
Escobas/Escurridores/Palitas,SECADOR P/PISO BIT 12 UN,Gs   28.700,https://www.stock.com.py/images/thumbs/0176550_500.jpeg,11/12/24
Escobas/Escurridores/Palitas,PALITA PLASTICA LA GAUCHITA S/E,Gs   11.700,https://www.stock.com.py/images/thumbs/0176488_500.jpeg,11/12/24
Escobas/Escurridores/Palitas,MOPA PAÑOLIN,Gs   25.300,https://www.stock.com.py/images/thumbs/0175696_500.jpeg,11/12/24
Escobas/Escurridores/Palitas,ESCOBILLON CON CABO PULOIL,Gs   40.700,https://www.stock.com.py/images/thumbs/0175084_500.jpeg,11/12/24
Escobas/Escurridores/Palitas,MOPA CON PALO REPUESTO PULOIL,Gs   40.200,https://www.stock.com.py/images/thumbs/0174858_500.jpeg,11/12/24
Escobas/Escurridores/Palitas,ESCOBILLON PARA INTERIORES PULOIL,Gs   40.700,https://www.stock.com.py/images/thumbs/0174856_500.jpeg,11/12/24
Escobas/Escurridores/Palitas,ESCOBILLON DOBLE BARRIDO PULOIL ,Gs   38.500,https://www.stock.com.py/images/thumbs/0174855_500.jpeg,11/12/24
Escobas/Escurridores/Palitas,ESCOBA CON MANGO MEGA PLUS PULOIL,Gs   35.800,https://www.stock.com.py/images/thumbs/0174852_500.jpeg,11/12/24
Escobas/Escurridores/Palitas,ESCOBA CON MANGO DIANA PULOIL,Gs   19.850,https://www.stock.com.py/images/thumbs/0174851_500.jpeg,11/12/24
Escobas/Escurridores/Palitas,ESCURRIDOR DE PISO 50CM PULOIL,Gs   39.500,https://www.stock.com.py/images/thumbs/0174850_500.jpeg,11/12/24
Cremas/Tónicos,CREMA HIDRATANTE FACIAL CON ACIDO HIALURONICO NEUTROGENA 50GR,Gs   91.600,https://www.stock.com.py/images/thumbs/0201439_500.jpeg,11/12/24
Cremas/Tónicos,GEL DE LIMPIEZA PURIFIED SKIN  NEUTROGENA 150GR,Gs   65.500,https://www.stock.com.py/images/thumbs/0201427_500.jpeg,11/12/24
Cremas/Tónicos,Agua micelar PURIFIED SKIN 7 en 1 NEUTROGENA  200 ml.,Gs   69.150,https://www.stock.com.py/images/thumbs/0201420_500.jpeg,11/12/24
Cremas/Tónicos,GEL DE LIMPIEZA PROFUNDA DEEP CLEAN NEUTROGENA 150GR,Gs   68.900,https://www.stock.com.py/images/thumbs/0201418_500.jpeg,11/12/24
Cremas/Tónicos,CREMA HIDRATANTE PARA CONTORNO DE OJOS NEUTROGENA 15GR,Gs   85.600,https://www.stock.com.py/images/thumbs/0201413_500.jpeg,11/12/24
Cremas/Tónicos,CREMA HIDRAT 3/1 NEUTROG FACE CARE 100GR,Gs   52.800,https://www.stock.com.py/images/thumbs/0201410_500.jpeg,11/12/24
Cremas/Tónicos,CREMA FACIAL ANTIEDAD FPS 22 VITA C NEUTROGENA 100GR,Gs   52.800,https://www.stock.com.py/images/thumbs/0201407_500.jpeg,11/12/24
Cremas/Tónicos,GEL D/DUCHA NUTRITIVO 600ML LACTOVIT PLA,Gs   42.850,https://www.stock.com.py/images/thumbs/0184472_500.jpeg,11/12/24
Cremas/Tónicos,CREMA NIVEA CREME 30ML LT,Gs   9.650,https://www.stock.com.py/images/thumbs/0179311_500.jpeg,11/12/24
Cremas/Tónicos,CREMA RUB MENTO VICK POMO 35 GR,Gs   26.400,https://www.stock.com.py/images/thumbs/0152671_500.jpeg,11/12/24
Bolsas/Basureros,BASURERO JAGUAR T/MOVIL 7.5LT,Gs   22.600,https://www.stock.com.py/images/thumbs/0209581_500.jpeg,11/12/24
Bolsas/Basureros,BOLSAS PARA BAN?O TAM MEDIANO PIXOL 30UN,Gs   11.100,https://www.stock.com.py/images/thumbs/0208033_500.jpeg,11/12/24
Bolsas/Basureros,BOLSA P/BASURA POLIFOAM 5*200LT ,Gs   9.700,https://www.stock.com.py/images/thumbs/0206330_500.jpeg,11/12/24
Bolsas/Basureros,BOLSA PARA RESIDUOS RESISTENTE 200LT X 10UN LAVA1000 PAQ,Gs   18.750,https://www.stock.com.py/images/thumbs/0206329_500.jpeg,11/12/24
Bolsas/Basureros,BOLSA PARA RESIDUOS ECONOMICA 200LT X 10UN LAVA1000 PAQ,Gs   7.900,https://www.stock.com.py/images/thumbs/0206328_500.jpeg,11/12/24
Bolsas/Basureros,BOLSA PARA RESIDUOS RESISTENTE 250L YVERA BSA,Gs   13.800,https://www.stock.com.py/images/thumbs/0206325_500.jpeg,11/12/24
Bolsas/Basureros,BOLSA P/RESIDUOS SUPERIOR ALTA RESISTENCIA 200LT 10UND BASE BASE BSA,Gs   24.950,https://www.stock.com.py/images/thumbs/0206315_500.jpeg,11/12/24
Bolsas/Basureros,BOLSA PARA BASURA MEDIANA  70LT x 10UND VIRUTEX ROLL ,Gs   9.900,https://www.stock.com.py/images/thumbs/0203684_500.jpeg,11/12/24
Bolsas/Basureros,BOLSA PARA RESIDUOS RESISTENTE 200LT DAYO 5UNID,Gs   6.900,https://www.stock.com.py/images/thumbs/0197018_500.jpeg,11/12/24
Bolsas/Basureros,BOLSA PARA RESIDUOS RESISTENTE 40LTS DAYO 10UNID,Gs   1.950,https://www.stock.com.py/images/thumbs/0196327_500.jpeg,11/12/24
Bolsas/Basureros,BOLSAS P/RESIDUOS REFORZADAS 150LT POLIFOAM PAQ,Gs   14.000,https://www.stock.com.py/images/thumbs/0192419_500.jpeg,11/12/24
Bolsas/Basureros,BOLSA PARA RESIDUOS RESISTENTE 150LT X 10UN LAVA1000 PAQ,Gs   12.650,https://www.stock.com.py/images/thumbs/0192340_500.jpeg,11/12/24
Bolsas/Basureros,BOLSA PARA RESIDUOS ECONOMICA 40LTS DAYO 10UNID,Gs   1.250,https://www.stock.com.py/images/thumbs/0188030_500.jpeg,11/12/24
Bolsas/Basureros,BOLSA PARA RESIDUOS RESISTENTE 150LT DAYO 10UNID,Gs   8.650,https://www.stock.com.py/images/thumbs/0182057_500.jpeg,11/12/24
Bolsas/Basureros,BOLSA PARA RESIDUOS RESISTENTE 100LT DAYO 10UNID,Gs   5.700,https://www.stock.com.py/images/thumbs/0182056_500.jpeg,11/12/24
Bolsas/Basureros,BOLSA PARA RESIDUOS ECONOMICA 100LTS DAYO 10UNID,Gs   2.950,https://www.stock.com.py/images/thumbs/0182055_500.jpeg,11/12/24
Bolsas/Basureros,BOLSA PARA RESIDUOS ECONOMICA 200LTS DAYO 5UNID,Gs   3.950,https://www.stock.com.py/images/thumbs/0182054_500.jpeg,11/12/24
Bolsas/Basureros,BOLSA PARA RESIDUOS ECONOMICA 150LTS DAYO 10UNID,Gs   4.800,https://www.stock.com.py/images/thumbs/0181032_500.jpeg,11/12/24
Bolsas/Basureros,BOLSA P/RESIDUOS RESISTENTES 200LT BASE BASE BSA,Gs   13.200,https://www.stock.com.py/images/thumbs/0176749_500.jpeg,11/12/24
Bolsas/Basureros,BOLSA POLIFOAM P/BAÑO *10UN,Gs   3.050,https://www.stock.com.py/images/thumbs/0176704_500.jpeg,11/12/24
Bolsas/Basureros,BOLSA P/RESIDUOS RESISTENTES 150LT BASE BASE BSA,Gs   9.400,https://www.stock.com.py/images/thumbs/0176641_500.jpeg,11/12/24
Bolsas/Basureros,BOLSAS P/RESIDUOS ECONOMICAS 150LT POLIFOAM PAQ,Gs   6.850,https://www.stock.com.py/images/thumbs/0176586_500.jpeg,11/12/24
Bolsas/Basureros,BOLSAS P/RESIDUOS 150LT VERDE AMITA 5UN PAQ,Gs   9.900,https://www.stock.com.py/images/thumbs/0172920_500.jpeg,11/12/24
Bolsas/Basureros,BOLSA PARA RESIDUOS AMITA 150 LITROS 10 UNIDADES,Gs   10.900,https://www.stock.com.py/images/thumbs/0172877_500.jpeg,11/12/24
Bolsas/Basureros,BOLSA PARA RESIDUOS AMITA BOLSA 100,Gs   7.400,https://www.stock.com.py/images/thumbs/0172876_500.jpeg,11/12/24
Bolsas/Basureros,BOLSA PARA RESIDUOS AMITA BOLSA 100,Gs   5.600,https://www.stock.com.py/images/thumbs/0172875_500.jpeg,11/12/24
Bolsas/Basureros,BOLSA PARA RESIDUOS AMITA BOLSA 70,Gs   3.300,https://www.stock.com.py/images/thumbs/0172874_500.jpeg,11/12/24
Bolsas/Basureros,BOLSA PARA RESIDUOS AMITA BOLSA 40,Gs   2.050,https://www.stock.com.py/images/thumbs/0172873_500.jpeg,11/12/24
Terere/Mate,BOMBILLA ALPACA BLANCA 16CM P1111 GARIBALDI BLIS,Gs   11.300,https://www.stock.com.py/images/thumbs/0211595_500.jpeg,11/12/24
Terere/Mate,SUPERUTIL BOMBILLA INOXIDABLE COLOR VIOL,Gs   16.200,https://www.stock.com.py/images/thumbs/0203224_500.jpeg,11/12/24
Terere/Mate,SUPERUTIL BOMBILLA INOXIDABLE COLOR ROJO,Gs   16.200,https://www.stock.com.py/images/thumbs/0203223_500.jpeg,11/12/24
Terere/Mate,PINNACLE TERMO PARA AGUA FRIA PLUTO 2.5 LITROS,Gs   52.900,https://www.stock.com.py/images/thumbs/0201018_500.jpeg,11/12/24
Terere/Mate,SUPERUTIL BOMBILLA ALPACA TORCIDA PUNTA DORADA,Gs   42.200,https://www.stock.com.py/images/thumbs/0200128_500.jpeg,11/12/24
Terere/Mate,SUPERUTIL BOMBILLA DE ALPACA TORCIDA PUNTA DORADA,Gs   42.000,https://www.stock.com.py/images/thumbs/0200127_500.jpeg,11/12/24
Terere/Mate,SUPERUTIL BOMBILLA DE ALPACA TORCIDA PICO LARGO DORADO,Gs   42.000,https://www.stock.com.py/images/thumbs/0200126_500.jpeg,11/12/24
Terere/Mate,SUPERUTIL BOMBILLA DE ALPACA PICO LARGO DORADO,Gs   42.000,https://www.stock.com.py/images/thumbs/0200125_500.jpeg,11/12/24
Terere/Mate,SUPERUTIL BOMBILLA DE ALPACA TORCIDA,Gs   40.300,https://www.stock.com.py/images/thumbs/0200124_500.jpeg,11/12/24
Terere/Mate,SUPERUTIL BOMBILLA DE ALPACA TORCIDA PICO LARGO,Gs   40.300,https://www.stock.com.py/images/thumbs/0200123_500.jpeg,11/12/24
Terere/Mate,SUPERUTIL BOMBILLA DE ALPACA PICO LARGO,Gs   40.300,https://www.stock.com.py/images/thumbs/0200122_500.jpeg,11/12/24
Terere/Mate,SUPERUTIL GUAMPA DE CUERINA GRANDE PARA MATE,Gs   23.300,https://www.stock.com.py/images/thumbs/0198130_500.jpeg,11/12/24
Terere/Mate,SUPERUTIL GUAMPA DE CUERO REVESTIDO PARA TERERE,Gs   36.000,https://www.stock.com.py/images/thumbs/0198126_500.jpeg,11/12/24
Terere/Mate,SUPERUTIL GUAMPA DE CUERO CON RELIEVE PARA TERERE,Gs   40.000,https://www.stock.com.py/images/thumbs/0198125_500.jpeg,11/12/24
Terere/Mate,SUPERUTIL GUAMPA DE CUERINA PARA TERERE,Gs   23.300,https://www.stock.com.py/images/thumbs/0198124_500.jpeg,11/12/24
Terere/Mate,SUPERUTIL GUAMPINKI DE CUERO ESTAMPADO PARA MATE,Gs   35.900,https://www.stock.com.py/images/thumbs/0198123_500.jpeg,11/12/24
Terere/Mate,SUPERUTIL GUAMPINKI DE CUERO PARA MATE,Gs   32.700,https://www.stock.com.py/images/thumbs/0198122_500.jpeg,11/12/24
Terere/Mate,SUPERUTIL GUAMPA DE CUERO ESTAMPADO CHICO PARA MATE,Gs   36.600,https://www.stock.com.py/images/thumbs/0198120_500.jpeg,11/12/24
Terere/Mate,SUPERUTIL GUAMPA DE CUERO ESTAMPADO PARA MATE,Gs   40.000,https://www.stock.com.py/images/thumbs/0198119_500.jpeg,11/12/24
Terere/Mate,SUPERUTIL GUAMPA DE CUERO REPUJADO PARA TERERE,Gs   36.000,https://www.stock.com.py/images/thumbs/0198118_500.jpeg,11/12/24
Terere/Mate,SUPERUTIL PORONGO DE CUERINA PARA MATE,Gs   23.300,https://www.stock.com.py/images/thumbs/0198117_500.jpeg,11/12/24
Terere/Mate,SUPERUTIL GUAMPINKI DE CUERINA PARA MATE,Gs   19.600,https://www.stock.com.py/images/thumbs/0198116_500.jpeg,11/12/24
Terere/Mate,SUPERUTIL GUAMPA DE CUERINA CHICO PARA MATE,Gs   20.000,https://www.stock.com.py/images/thumbs/0198115_500.jpeg,11/12/24
Terere/Mate,SUPERUTIL BOMBILLA INOXIDABLE COLOR BLANCO,Gs   15.700,https://www.stock.com.py/images/thumbs/0192262_500.jpeg,11/12/24
Terere/Mate,SUPERUTIL BOMBILLA INOXIDABLE COLOR NEGRO,Gs   16.200,https://www.stock.com.py/images/thumbs/0192261_500.jpeg,11/12/24
Terere/Mate,BOMBILLA D/ ACERO INOX. LARGA GOLD RING/ROSCA SUPERUTIL BLIS,Gs   30.400,https://www.stock.com.py/images/thumbs/0192260_500.jpeg,11/12/24
Terere/Mate,TERMO P/AGUA FRIA SOPRANO ATACAMA 2.5L AZUL,Gs   29.900,https://www.stock.com.py/images/thumbs/0183020_500.jpeg,11/12/24
Terere/Mate,BOMBILLA GARIBALDI ALPACA BLANCA 19CM P9000 BLIS,Gs   11.300,https://www.stock.com.py/images/thumbs/0183000_500.jpeg,11/12/24
Accesorios Cabello,SET DE HEBILLAS TRIANGULO DE COLORES SWEET CARE 6UNID,Gs   18.700,https://www.stock.com.py/images/thumbs/0198545_500.jpeg,11/12/24
Accesorios Cabello,VINCHA PARA CABELLO COLOR NUDE SWEET CARE,Gs   24.700,https://www.stock.com.py/images/thumbs/0198542_500.jpeg,11/12/24
Accesorios Cabello,GOMA PARA CABELLO COLOR BLANCO SWEET CARE 2UNID,Gs   6.700,https://www.stock.com.py/images/thumbs/0187534_500.jpeg,11/12/24
Accesorios Cabello,GOMAS DE PELO GRUESA TONOS NARANJA SWEET CARE 6UNID,Gs   8.150,https://www.stock.com.py/images/thumbs/0187527_500.jpeg,11/12/24
Accesorios Cabello,GOMAS DE PELO GRUESA COLOR BLANCO SWEET CARE 6UNID,Gs   8.150,https://www.stock.com.py/images/thumbs/0187520_500.jpeg,11/12/24
Accesorios Cabello,MOÑO CHICO COLOR LILA OSCURO SWEET CARE ,Gs   5.950,https://www.stock.com.py/images/thumbs/0187518_500.jpeg,11/12/24
Accesorios Cabello,MOÑO CHICO LILA CLARO SWEET CARE,Gs   5.950,https://www.stock.com.py/images/thumbs/0187517_500.jpeg,11/12/24
Accesorios Cabello,MOÑO CHICO BEIGE SWEETE CARE,Gs   5.950,https://www.stock.com.py/images/thumbs/0187516_500.jpeg,11/12/24
Accesorios Cabello,MOÑO CHICO ROSA FUERTE SWEET CARE ,Gs   5.950,https://www.stock.com.py/images/thumbs/0187515_500.jpeg,11/12/24
Accesorios Cabello,MOÑO CHICO COLOR ROSA OSCURO SWEET CARE,Gs   5.950,https://www.stock.com.py/images/thumbs/0187514_500.jpeg,11/12/24
Accesorios Cabello,MOÑO CHICO ROSA CLARO SWEET CARE,Gs   5.950,https://www.stock.com.py/images/thumbs/0187513_500.jpeg,11/12/24
Accesorios Cabello,MOÑO CHICO COLOR  BLANCO SWEET CARE ,Gs   5.950,https://www.stock.com.py/images/thumbs/0187512_500.jpeg,11/12/24
Accesorios Cabello,GOMA DE PELO CON MOÑO COLOR CELESTE SWEET CARE,Gs   13.300,https://www.stock.com.py/images/thumbs/0187511_500.jpeg,11/12/24
Accesorios Cabello,GOMA DE PELO CON MOÑO COLOR AZUL SWEET CARE,Gs   13.300,https://www.stock.com.py/images/thumbs/0187509_500.jpeg,11/12/24
Accesorios Cabello,GOMA DE PELO CON MOÑO COLOR NEGRO SWEET CARE,Gs   13.300,https://www.stock.com.py/images/thumbs/0187508_500.jpeg,11/12/24
Accesorios Cabello,GOMAS DE PELO COLOR ROSA/LILA/FUCSIA SWEET CARE 12UNID,Gs   8.950,https://www.stock.com.py/images/thumbs/0187507_500.jpeg,11/12/24
Accesorios Cabello,GOMAS DE PELO COLOR BLANCO SWEET CARE 12UNID,Gs   8.950,https://www.stock.com.py/images/thumbs/0187506_500.jpeg,11/12/24
Accesorios Cabello,GOMAS DE CABELLO COLOR ROSA/LILA/AZUL SWEET CARE,Gs   5.150,https://www.stock.com.py/images/thumbs/0187503_500.jpeg,11/12/24
Accesorios Cabello,GOMAS PARA CABELLO COLOR ROSA/LILA/GRIS SWEET CARE 3UNID,Gs   6.700,https://www.stock.com.py/images/thumbs/0187502_500.jpeg,11/12/24
Accesorios Cabello,GOMAS DE CABELLO COLOR CELESTE/GRIS/AZUL SWEET CARE x3,Gs   6.700,https://www.stock.com.py/images/thumbs/0187501_500.jpeg,11/12/24
Accesorios Cabello,MOÑO GRANDE LILA OSCURO SWEET CARE ,Gs   7.450,https://www.stock.com.py/images/thumbs/0187500_500.jpeg,11/12/24
Accesorios Cabello,MOÑO GRANDE ROJO SWEET CARE ,Gs   7.450,https://www.stock.com.py/images/thumbs/0187499_500.jpeg,11/12/24
Accesorios Cabello,MOÑO GRANDE ROSADO OSCURO SWEET CARE,Gs   7.450,https://www.stock.com.py/images/thumbs/0187498_500.jpeg,11/12/24
Accesorios Cabello,MOÑO GRANDE ROSADO CLARO SWEET CARE,Gs   7.450,https://www.stock.com.py/images/thumbs/0187497_500.jpeg,11/12/24
Accesorios Cabello,MOÑO GRANDE COLOR LILA CLARO SWEET CARE,Gs   7.450,https://www.stock.com.py/images/thumbs/0187496_500.jpeg,11/12/24
Diet/Bajas Calorias,QUESO CHEDDAR LIGHT PARA SANDWICH POLENGHI 144GR,Gs   19.400,https://www.stock.com.py/images/thumbs/0211508_500.jpeg,11/12/24
Diet/Bajas Calorias,QUESO REQUESON LIGHT POLENGHI 200GR,Gs   21.800,https://www.stock.com.py/images/thumbs/0211502_500.jpeg,11/12/24
Diet/Bajas Calorias,JUGO DE NARANJA BC LA CAMPAGNOLA 200 ML,Gs   3.850,https://www.stock.com.py/images/thumbs/0208233_500.jpeg,11/12/24
Diet/Bajas Calorias,JUGO DE MANZANA BC LA CAMPAGNOLA 200 ML,Gs   3.850,https://www.stock.com.py/images/thumbs/0207309_500.jpeg,11/12/24
Diet/Bajas Calorias,JUGO MULTIFRUTA BC LA CAMPAGNOLA 200 ML,Gs   3.850,https://www.stock.com.py/images/thumbs/0207308_500.jpeg,11/12/24
Diet/Bajas Calorias,HAMBURGUESA LIGHT GUARANI 12 UND,Gs   48.300,https://www.stock.com.py/images/thumbs/0206744_500.jpeg,11/12/24
Diet/Bajas Calorias,HAMBURGUESA LIGHT GUARANI 6 UND,Gs   24.600,https://www.stock.com.py/images/thumbs/0206743_500.jpeg,11/12/24
Diet/Bajas Calorias,EDULCORANTE POLVO HECODULC TRADICIONAL CAJA 100UN,Gs   24.900,https://www.stock.com.py/images/thumbs/0202084_500.jpeg,11/12/24
Diet/Bajas Calorias,EDULCORANTE POLVO HECODULC KAA HEE CAJA 100UN,Gs   38.500,https://www.stock.com.py/images/thumbs/0202082_500.jpeg,11/12/24
Diet/Bajas Calorias,MERMELADA DE CIRUELA LIGHT SABORES DE AREGUA 400G,Gs   14.900,https://www.stock.com.py/images/thumbs/0201729_500.jpeg,11/12/24
Diet/Bajas Calorias,MERMELADA DE DURAZNO LIGHT SABORES DE AREGUA 400G,Gs   14.900,https://www.stock.com.py/images/thumbs/0201728_500.jpeg,11/12/24
Diet/Bajas Calorias,YOGURT DIETETICO TREBOL VAINILLA POTE 350ML,Gs   4.900,https://www.stock.com.py/images/thumbs/0201036_500.png,11/12/24
Diet/Bajas Calorias,YOGURT DIETETICO TREBOL FRUTILLA POTE 350ML,Gs   4.900,https://www.stock.com.py/images/thumbs/0201035_500.png,11/12/24
Diet/Bajas Calorias,YOGURT DIETETICO TREBOL COCO POTE 350ML,Gs   4.900,https://www.stock.com.py/images/thumbs/0201034_500.png,11/12/24
Diet/Bajas Calorias,EDULCORANTE MIX CON STEVIA KADO 250ML,Gs   17.450,https://www.stock.com.py/images/thumbs/0198744_500.jpeg,11/12/24
Diet/Bajas Calorias,EDULCORANTE MIX CON STEVIA KADO 100ML,Gs   10.800,https://www.stock.com.py/images/thumbs/0198743_500.jpeg,11/12/24
Diet/Bajas Calorias,EDULCORANTE CLASICO DULKRE 100 SOBRES,Gs   25.350,https://www.stock.com.py/images/thumbs/0195414_500.jpeg,11/12/24
Diet/Bajas Calorias,EDULCORANTE CLASICO DULKRE 50 SOBRES,Gs   15.100,https://www.stock.com.py/images/thumbs/0195413_500.jpeg,11/12/24
Diet/Bajas Calorias,EDULCORANTE CLASICO DULKRE 500ML,Gs   25.350,https://www.stock.com.py/images/thumbs/0195412_500.jpeg,11/12/24
Diet/Bajas Calorias,EDULCORANTE CLASICO DULKRE 250ML,Gs   15.300,https://www.stock.com.py/images/thumbs/0195411_500.jpeg,11/12/24
Diet/Bajas Calorias,JUGO DE NARANJA DIETETICO 500ML BC CAMPAGNOLA TETRA ,Gs   8.000,https://www.stock.com.py/images/thumbs/0190863_500.jpeg,11/12/24
Diet/Bajas Calorias,JUGO SABOR MANZANA WATT'S LIGHT 1LT,Gs   10.500,https://www.stock.com.py/images/thumbs/0188132_500.jpeg,11/12/24
Diet/Bajas Calorias,JUGO SABOR DURAZNO WATT'S LIGHT 200ML,Gs   4.000,https://www.stock.com.py/images/thumbs/0188131_500.jpeg,11/12/24
Diet/Bajas Calorias,JUGO SABOR DURAZNO WATT'S LIGHT 1LT,Gs   10.500,https://www.stock.com.py/images/thumbs/0188130_500.jpeg,11/12/24
Diet/Bajas Calorias,JUGO SABOR NARANJA WATT'S LIGHT 1LT,Gs   10.500,https://www.stock.com.py/images/thumbs/0188127_500.jpeg,11/12/24
Diet/Bajas Calorias,GELATINA SABOR MANZANA VERDE DIETALAT PARMALAT 180GR,Gs   2.650,https://www.stock.com.py/images/thumbs/0187615_500.jpeg,11/12/24
Diet/Bajas Calorias,LECHE SEMIDESCREMADA LIGHT SACHET SAN LOREN 1LT,Gs   4.850,https://www.stock.com.py/images/thumbs/0187594_500.jpeg,11/12/24
Diet/Bajas Calorias,GELATINA SABOR NARANJA DIETALAT PARMALAT 180GR,Gs   2.650,https://www.stock.com.py/images/thumbs/0187591_500.jpeg,11/12/24
Limpiadores,LYSOFORM DESINFECTANTE BA?O LIMPIADOR LIQUIDO 500 CC,Gs   30.000,https://www.stock.com.py/images/thumbs/0212522_500.jpeg,11/12/24
Limpiadores,ANTIGRASA LIMPIEZA DIARIA REPUESTO MR. MUSCULO 900ML,Gs   21.900,https://www.stock.com.py/images/thumbs/0212519_500.jpeg,11/12/24
Limpiadores,MR MUSCULO COCINA LIMPIADOR LIQUIDO ANTIGRASA LIMPIEZA DIARIA 450 CM3,Gs   10.250,https://www.stock.com.py/images/thumbs/0212518_500.jpeg,11/12/24
Limpiadores,MR. MUSCULO EXTRA POWER COCINA ANTIGRASA RECARGA 450 ML,Gs   14.900,https://www.stock.com.py/images/thumbs/0212516_500.jpeg,11/12/24
Limpiadores,CERA LIQ CERAMICOS ROJO BLEM REP 450ML,Gs   25.800,https://www.stock.com.py/images/thumbs/0212493_500.jpeg,11/12/24
Limpiadores,CERA LIQ CERAMICOS INCOLORO BLEM REP 450,Gs   25.800,https://www.stock.com.py/images/thumbs/0212492_500.jpeg,11/12/24
Limpiadores,LYSOFORM LIMPIADOR LIQUIDO DESINFECTANTE MULTISUPERFICIES 450 ML,Gs   14.900,https://www.stock.com.py/images/thumbs/0212490_500.jpeg,11/12/24
Limpiadores,LYSOFROM DESINFECTANTE MULTISUPERFICIES 500 CC,Gs   26.500,https://www.stock.com.py/images/thumbs/0212489_500.jpeg,11/12/24
Limpiadores,LYSOFORM DESINFECTANTE DE PISOS LAVANDA 4 LITROS,Gs   58.500,https://www.stock.com.py/images/thumbs/0212486_500.jpeg,11/12/24
Limpiadores,"LYSOFORM DESINFECTANTE DE PISOS SOLUCION TOTAL LAVANDA 1,8 LITROS",Gs   26.500,https://www.stock.com.py/images/thumbs/0212485_500.jpeg,11/12/24
Limpiadores,LYSOFORM DESINFECTANTE DE PISOS FLORAL PERFECTION 900 ML,Gs   15.500,https://www.stock.com.py/images/thumbs/0212484_500.jpeg,11/12/24
Limpiadores,LYSOFORM DESINFECTANTE DE PISOS LAVANDA 900 ML,Gs   15.500,https://www.stock.com.py/images/thumbs/0212482_500.jpeg,11/12/24
Limpiadores,BLEM CERA LIQUIDA PARA CERAMICOS ROJO 800 ML,Gs   41.900,https://www.stock.com.py/images/thumbs/0212481_500.jpeg,11/12/24
Limpiadores,BLEM CERA LIQUIDA PARA CERAMICOS INCOLORO 800 ML,Gs   41.900,https://www.stock.com.py/images/thumbs/0212480_500.jpeg,11/12/24
Limpiadores,PATO PURIFIC MARINA GEL LIMPIADOR DESINFECTANTE PARA INODOROS 500 ML,Gs   40.900,https://www.stock.com.py/images/thumbs/0212479_500.jpeg,11/12/24
Limpiadores,LIMPIADOR LIQ. VIDRIO Y MULTIUSO 500ML MR. MUSCULO GAT. ,Gs   24.900,https://www.stock.com.py/images/thumbs/0212441_500.jpeg,11/12/24
Limpiadores,LIMPIADOR LIQ VID/MULT MR MUSCULO 450ML,Gs   11.200,https://www.stock.com.py/images/thumbs/0212440_500.jpeg,11/12/24
Limpiadores,LIMPIADOR ADHESIVO PATO DURAZNO 24.6GR,Gs   13.900,https://www.stock.com.py/images/thumbs/0212433_500.jpeg,11/12/24
Limpiadores,LIMPIADOR ADHESIVO 4EN1 LAVANDA 24.6GR,Gs   13.900,https://www.stock.com.py/images/thumbs/0212432_500.jpeg,11/12/24
Limpiadores,LIMPIADOR LIQ LAVANDA GLADE 1.8LT MR MUSCULO BOT,Gs   25.700,https://www.stock.com.py/images/thumbs/0212424_500.jpeg,11/12/24
Limpiadores,LIMPIADOR LIQUIDO CAMPOS DE LAVANDA GLADE 900ML,Gs   13.700,https://www.stock.com.py/images/thumbs/0212421_500.jpeg,11/12/24
Limpiadores,LIMPIADOR CREMOSO LYSOFORM 450ML,Gs   21.900,https://www.stock.com.py/images/thumbs/0212418_500.jpeg,11/12/24
Limpiadores,ACTIVO 100 LIMPIADOR AROMATIZANTE PARA SUPERFICIES FLORES DE JARDIN 900 ML,Gs   8.000,https://www.stock.com.py/images/thumbs/0211478_500.jpeg,11/12/24
Limpiadores,ACTIVO 100 LIMPIADOR AROMATIZANTE PARA SUPERFICIES CAMPOS DE ALGODON 900 ML,Gs   8.000,https://www.stock.com.py/images/thumbs/0211476_500.jpeg,11/12/24
Limpiadores,ACTIVO 100 LIMPIADOR AROMATIZANTE PARA SUPERFICIES LAVANDA 900 ML,Gs   8.000,https://www.stock.com.py/images/thumbs/0211475_500.jpeg,11/12/24
Limpiadores,TOALLITAS DESINFECT D/SUPER AYUDIN 36UN,Gs   29.000,https://www.stock.com.py/images/thumbs/0207950_500.jpeg,11/12/24
Limpiadores,LIMPIADOR ANTIHONGOS C/CLOR AYUDIN 450ML,Gs   16.000,https://www.stock.com.py/images/thumbs/0207949_500.jpeg,11/12/24
Limpiadores,LIMPIADOR D/BAN? ACTIV/ANTIS AYUDIN 500ML,Gs   33.200,https://www.stock.com.py/images/thumbs/0207948_500.jpeg,11/12/24
Turrones,ARCOR TURRON & MANI SABOR CHOCOLATADA 25 GR,Gs   1.250,https://www.stock.com.py/images/thumbs/0204465_500.jpeg,11/12/24
Turrones,TURRON D/MANI C/MIEL 120GR LHERITIER PAQ,Gs   6.850,https://www.stock.com.py/images/thumbs/0204437_500.jpeg,11/12/24
Turrones,TURRON D/MANI C/MIEL 250GR LHERITIER PAQ,Gs   12.500,https://www.stock.com.py/images/thumbs/0204436_500.jpeg,11/12/24
Turrones,TURRON D/MANI C/FRUTAS 100GR LHERITIER PLA,Gs   6.600,https://www.stock.com.py/images/thumbs/0204435_500.jpeg,11/12/24
Turrones,TURRON DE MANI CON FRUTAS ARCOR PAQUETE 120 GR,Gs   7.500,https://www.stock.com.py/images/thumbs/0199148_500.jpeg,11/12/24
Turrones,GEORGALOS TURRON DE MANI NAMUR 25 GR,Gs   1.200,https://www.stock.com.py/images/thumbs/0182250_500.jpeg,11/12/24
Turrones,OBLEA TURRON RELL. PASTA MANI 50X25G.,Gs   1.050,https://www.stock.com.py/images/thumbs/0182195_500.jpeg,11/12/24
Turrones,TURRON DE FRUTAS GEORGALOS 80GR PLAS,Gs   4.600,https://www.stock.com.py/images/thumbs/0181949_500.jpeg,11/12/24
Turrones,TURRON DE MANI ARCOR PAQUETE 280GR,Gs   13.750,https://www.stock.com.py/images/thumbs/0180279_500.jpeg,11/12/24
Turrones,TURRON DE MANI ARCOR BAR 50 GR,Gs   1.250,https://www.stock.com.py/images/thumbs/0178758_500.jpeg,11/12/24
Turrones,TURRON DE MANI 125GR KELWA BSA,Gs   5.200,https://www.stock.com.py/images/thumbs/0175250_500.jpeg,11/12/24
Turrones,TURRON DE MANI 31GR KELWA BSA,Gs   2.050,https://www.stock.com.py/images/thumbs/0174712_500.jpeg,11/12/24
Turrones,TURRON D/MANI C/MIEL 80GR LHERITIER PAQ,Gs   5.200,https://www.stock.com.py/images/thumbs/0171607_500.jpeg,11/12/24
Turrones,TURRON DE MANI MISKY X 25 GR,Gs   1.150,https://www.stock.com.py/images/thumbs/0146434_500.jpeg,11/12/24
Encurtidos a Granel,ACEITUNAS VERDES RODAJAS X KG,Gs   54.900,https://www.stock.com.py/images/thumbs/0138897_500.jpeg,11/12/24
Encurtidos a Granel,ACEITUNA VERDE CON CAROSO,Gs   45.900,https://www.stock.com.py/images/thumbs/0138706_500.jpeg,11/12/24
Encurtidos a Granel,ACEITUNA SIN CAROSO VERDE,Gs   59.900,https://www.stock.com.py/images/thumbs/0138704_500.jpeg,11/12/24
Encurtidos a Granel,ALCAPARRAS SANTA ANA GRA 1 KG,Gs   159.900,https://www.stock.com.py/images/thumbs/0138535_500.jpeg,11/12/24
Encurtidos a Granel,CHAMPIGNONES SANTA ANA GRANEL LAMINADOS,Gs   160.900,https://www.stock.com.py/images/thumbs/0138527_500.jpeg,11/12/24
Encurtidos a Granel,ACEITUNAS NEGRAS EN RODAJAS X,Gs   78.900,https://www.stock.com.py/images/thumbs/0138392_500.jpeg,11/12/24
Encurtidos a Granel,ACEITUNAS RELLENAS . 1 KG VARI,Gs   67.900,https://www.stock.com.py/images/thumbs/0138391_500.jpeg,11/12/24
Papeles,PAPEL HIGIE/ELEGANT H/SIMPLE 4X30MT DAYO,Gs   7.300,https://www.stock.com.py/images/thumbs/0211870_500.png,11/12/24
Papeles,PAPEL HIGIENICOPERSONAL NEUTRO DH 4UN,Gs   18.450,https://www.stock.com.py/images/thumbs/0209794_500.jpeg,11/12/24
Papeles,PAN?O E/ROLLO REUTILIZ SCOTT DURAMAX 52UN,Gs   19.300,https://www.stock.com.py/images/thumbs/0209217_500.png,11/12/24
Papeles,PAPEL HIGIENICO HIGIENOL DOB/HOJ 4R D/30,Gs   17.250,https://www.stock.com.py/images/thumbs/0208268_500.jpeg,11/12/24
Papeles,PAPEL HIGIENICO DOB/HOJA 4 ROLL ELITE 30,Gs   17.750,https://www.stock.com.py/images/thumbs/0208142_500.jpeg,11/12/24
Papeles,PAPEL HIGIENICO HIGIENOL DOB/HOJ 4R D/30,Gs   17.250,https://www.stock.com.py/images/thumbs/0208115_500.jpeg,11/12/24
Papeles,PAPEL HIGIE/NEUTRO H/SIMPLE 4X30MTS DAYO,Gs   5.500,https://www.stock.com.py/images/thumbs/0207640_500.png,11/12/24
Papeles,TOALLAS DE PAPEL 2 ROLLOS SNOB 120 UN,Gs   23.850,https://www.stock.com.py/images/thumbs/0206533_500.jpeg,11/12/24
Papeles,TOALLAS DE PAPEL 2ROLL SNOB DECORA 60UN,Gs   12.450,https://www.stock.com.py/images/thumbs/0206532_500.jpeg,11/12/24
Papeles,TOALLAS DE PAPEL 2 ROLLOS SNOB 60UN,Gs   12.450,https://www.stock.com.py/images/thumbs/0206531_500.jpeg,11/12/24
Papeles,PAPEL HIG CLASICO 4 ROLLOS ELITE 30 MT,Gs   8.300,https://www.stock.com.py/images/thumbs/0206448_500.jpeg,11/12/24
Papeles,TOALLAS D/PAPEL MULT 2 ROLLOS LIRIO 50UN,Gs   8.950,https://www.stock.com.py/images/thumbs/0206029_500.jpeg,11/12/24
Papeles,PAPEL HIGIENICO 4 ROLLOS LIRIO D/ 30 MTR,Gs   5.850,https://www.stock.com.py/images/thumbs/0206028_500.jpeg,11/12/24
Papeles,PAPEL HIGIENICO 8 ROLLOS LIRIO X 30MTR,Gs   10.800,https://www.stock.com.py/images/thumbs/0206027_500.png,11/12/24
Papeles,SERVILLETAS 50 UNIDADES X 30CM,Gs   4.150,https://www.stock.com.py/images/thumbs/0202986_500.jpeg,11/12/24
Papeles,SERVILLETAS LIRIO 50 UN,Gs   2.500,https://www.stock.com.py/images/thumbs/0202985_500.jpeg,11/12/24
Papeles,SERVILLETAS LIRIO 100 UN,Gs   4.500,https://www.stock.com.py/images/thumbs/0202984_500.jpeg,11/12/24
Papeles,PAPEL HIGIENICO DOBLE HOJA FOFINHO 30M P,Gs   20.400,https://www.stock.com.py/images/thumbs/0202277_500.jpeg,11/12/24
Papeles,PAPEL HIGIENI PALOMA CAMOMILA 8UN X30M,Gs   15.800,https://www.stock.com.py/images/thumbs/0201943_500.png,11/12/24
Papeles,"SERVILLETA ""MAXIM"" 30 X 31CM 50UN. MAXIM",Gs   4.800,https://www.stock.com.py/images/thumbs/0201941_500.png,11/12/24
Papeles,PAPEL D/COC MULTIUSO FELPITA MAXIROLLO 200UN,Gs   13.900,https://www.stock.com.py/images/thumbs/0201640_500.png,11/12/24
Papeles,ROLLO COCINA DOBLE HOJA 3X30CM CARTABELL,Gs   10.000,https://www.stock.com.py/images/thumbs/0201637_500.png,11/12/24
Papeles,PAPEL HIGIENICO HOJA SIMPLE 4X30CM FELPI,Gs   10.900,https://www.stock.com.py/images/thumbs/0201634_500.png,11/12/24
Papeles,ELITE DUALETTE PAPEL HIGIENICO HOJA ULTRA DOBLE 16 UNIDADES,Gs   67.000,https://www.stock.com.py/images/thumbs/0201234_500.jpeg,11/12/24
Papeles,ELITE MAXI ROLLO TRIPLE HOJA DOS ROLLOS DE 20 METROS CON 100 HOJAS,Gs   35.300,https://www.stock.com.py/images/thumbs/0201172_500.jpeg,11/12/24
Papeles,PAPEL HIEG DUETTO VELVET DOBLE HOJA 12UN,Gs   51.250,https://www.stock.com.py/images/thumbs/0200717_500.jpeg,11/12/24
Papeles,PAPEL HIGIENICO HOJA SIMPLE 1x30MTS DAYO,Gs   1.300,https://www.stock.com.py/images/thumbs/0200224_500.jpeg,11/12/24
Papeles,PAPEL HIGIENICO 30MTS DUETTO 8UNID,Gs   32.550,https://www.stock.com.py/images/thumbs/0195023_500.jpeg,11/12/24
Finos Rosados,VINO ROSAD ESPUM DUL PISCINE 750ML ROSE,Gs   124.400,https://www.stock.com.py/images/thumbs/0211727_500.png,11/12/24
Finos Rosados,VINO LA LINDA ROSE 12X750ML,Gs   51.900,https://www.stock.com.py/images/thumbs/0202025_500.jpeg,11/12/24
Finos Rosados,VINO LANCERS ROSADO 750ML,Gs   44.000,https://www.stock.com.py/images/thumbs/0180588_500.jpeg,11/12/24
Finos Rosados,VINO INDOMITA VARIETAL ROSE BOTELLA 750ML,Gs   30.300,https://www.stock.com.py/images/thumbs/0179750_500.jpeg,11/12/24
Finos Rosados,VINO ROSADO 750 ML NAVARRO CORREAS BOT ,Gs   75.000,https://www.stock.com.py/images/thumbs/0178093_500.png,11/12/24
Finos Rosados,VINO ROSADO SANTA HELENA BOTELLA 1,Gs   49.500,https://www.stock.com.py/images/thumbs/0169254_500.jpeg,11/12/24
Finos Rosados,VINO ROSADO SANTA HELENA BOTELLA 7,Gs   26.500,https://www.stock.com.py/images/thumbs/0169251_500.jpeg,11/12/24
Lubricantes/Repuestos,SOPORTE MAGNETICO PARA AUTOS CJ-53 H-MAS,Gs   30.600,https://www.stock.com.py/images/thumbs/noDefaultImage_stock_500.gif,11/12/24
Lubricantes/Repuestos,SOPORTE MAGNETICO PARA AUTOS CJ-50 H-MAS,Gs   23.300,https://www.stock.com.py/images/thumbs/noDefaultImage_stock_500.gif,11/12/24
Finos Rosados,VINO ROSAD ESPUM DUL PISCINE 750ML ROSE,Gs   124.400,https://www.stock.com.py/images/thumbs/0211727_500.png,11/12/24
Finos Rosados,VINO LA LINDA ROSE 12X750ML,Gs   51.900,https://www.stock.com.py/images/thumbs/0202025_500.jpeg,11/12/24
Finos Rosados,VINO LANCERS ROSADO 750ML,Gs   44.000,https://www.stock.com.py/images/thumbs/0180588_500.jpeg,11/12/24
Finos Rosados,VINO INDOMITA VARIETAL ROSE BOTELLA 750ML,Gs   30.300,https://www.stock.com.py/images/thumbs/0179750_500.jpeg,11/12/24
Finos Rosados,VINO ROSADO 750 ML NAVARRO CORREAS BOT ,Gs   75.000,https://www.stock.com.py/images/thumbs/0178093_500.png,11/12/24
Finos Rosados,VINO ROSADO SANTA HELENA BOTELLA 1,Gs   49.500,https://www.stock.com.py/images/thumbs/0169254_500.jpeg,11/12/24
Finos Rosados,VINO ROSADO SANTA HELENA BOTELLA 7,Gs   26.500,https://www.stock.com.py/images/thumbs/0169251_500.jpeg,11/12/24
Dulces,VINO BENJAMIN N750ML DULCE BLANCO,Gs   42.000,https://www.stock.com.py/images/thumbs/0205287_500.jpeg,11/12/24
Dulces,VINO SANTA JULIA TARDIO 500 ML,Gs   85.000,https://www.stock.com.py/images/thumbs/0179869_500.jpeg,11/12/24
Carbón/Briquetas/Leñas,CARBON VEGETAL 2KG DEL NORTE PAQ,Gs   11.250,https://www.stock.com.py/images/thumbs/0212686_500.png,11/12/24
Carbón/Briquetas/Leñas,CARBON VEGETAL 100PORC 5 KG GRILLCO PAQ,Gs   27.800,https://www.stock.com.py/images/thumbs/0212672_500.png,11/12/24
Carbón/Briquetas/Leñas,BRIQUETAS DE CARBON VEGETAL 5KG BRICAPAR PAQ,Gs   28.000,https://www.stock.com.py/images/thumbs/0209403_500.jpeg,11/12/24
Carbón/Briquetas/Leñas,CARBON VEGETAL 5KG BRICAPAR PAQ ,Gs   28.000,https://www.stock.com.py/images/thumbs/0209402_500.jpeg,11/12/24
Carbón/Briquetas/Leñas,CARBON VEGETAL 3KG BRICAPAR PAQ ,Gs   21.000,https://www.stock.com.py/images/thumbs/0209401_500.jpeg,11/12/24
Carbón/Briquetas/Leñas,CARBON VEGETAL DON HERIBERTO 2 KG,Gs   12.850,https://www.stock.com.py/images/thumbs/0200343_500.jpeg,11/12/24
Carbón/Briquetas/Leñas,CARBON VEGETAL DON HERIBERTO 5 KG,Gs   26.400,https://www.stock.com.py/images/thumbs/0200341_500.jpeg,11/12/24
Carbón/Briquetas/Leñas,CARBON VEGETAL DON HERIBERTO 3 KG,Gs   16.500,https://www.stock.com.py/images/thumbs/0200340_500.jpeg,11/12/24
Carbón/Briquetas/Leñas,CARBON MIX VEGETAL 3KG GRILLCO PAQ,Gs   16.700,https://www.stock.com.py/images/thumbs/0185205_500.jpeg,11/12/24
Carbón/Briquetas/Leñas,CARBON VEGETAL 100% 3KG GRILLCO,Gs   17.500,https://www.stock.com.py/images/thumbs/0185202_500.jpeg,11/12/24
Carbón/Briquetas/Leñas,LEÑA DE EUCALIPTO 8KG GRILLCO,Gs   30.250,https://www.stock.com.py/images/thumbs/0185200_500.jpeg,11/12/24
Carbón/Briquetas/Leñas,CARBON VEGETAL 5KG BRAVO GRILL PAQ,Gs   24.300,https://www.stock.com.py/images/thumbs/0172097_500.jpeg,11/12/24
Carbón/Briquetas/Leñas,CARBON VEGETAL 3KG BRAVO GRILL PAQ,Gs   15.000,https://www.stock.com.py/images/thumbs/0172096_500.jpeg,11/12/24
Carbón/Briquetas/Leñas,BRIQUETAS D/CARBON 5KL CARIMBO 77 BSA,Gs   25.000,https://www.stock.com.py/images/thumbs/0170831_500.jpeg,11/12/24
Carbón/Briquetas/Leñas,CARBON MIX VEGETAL 5KG GRILLCO PAQ,Gs   26.200,https://www.stock.com.py/images/thumbs/0170250_500.jpeg,11/12/24
Carbón/Briquetas/Leñas,CARBON VEGETAL 3KG CARIMBO 77 BSA,Gs   14.600,https://www.stock.com.py/images/thumbs/0170247_500.jpeg,11/12/24
Carbón/Briquetas/Leñas,CARBON VEGETAL 5KG CARIMBO 77 BSA,Gs   22.500,https://www.stock.com.py/images/thumbs/0170245_500.jpeg,11/12/24
Carbón/Briquetas/Leñas,CARBON VEGETAL 3KG KARAI GUAZU PAQ,Gs   14.100,https://www.stock.com.py/images/thumbs/noDefaultImage_stock_500.gif,11/12/24
Carbón/Briquetas/Leñas,CARBON VEGETAL 5KG KARAI GUAZU PAQ,Gs   23.650,https://www.stock.com.py/images/thumbs/noDefaultImage_stock_500.gif,11/12/24
Carbón/Briquetas/Leñas,CARBON VEGETAL 5KG DEL NORTE PAQ,Gs   28.150,https://www.stock.com.py/images/thumbs/noDefaultImage_stock_500.gif,11/12/24
Lamparas Varias,PORTA LAMPARA  TIPO PLAFON BASE MEDIANA SUPERUTIL BLI,Gs   10.900,https://www.stock.com.py/images/thumbs/0185281_500.jpeg,11/12/24
Lamparas Varias,PORTA LAMPARA TIPO PLAFON DECORATIVO SUPERUTIL,Gs   11.600,https://www.stock.com.py/images/thumbs/0185280_500.jpeg,11/12/24
Lamparas Varias,PORTALAMPARA 1 UN COMUN,Gs   6.100,https://www.stock.com.py/images/thumbs/0158207_500.jpeg,11/12/24
Cremas para Manos,CREMA HIDRATANTE MANOS Y UN?AS ALGABO 90M,Gs   15.500,https://www.stock.com.py/images/thumbs/0204936_500.jpeg,11/12/24
Cremas para Manos,CREMA D/MANOS CONCHA NACAR ACLAR GRISI 80ML FCO,Gs   26.100,https://www.stock.com.py/images/thumbs/0202382_500.jpeg,11/12/24
Cremas para Manos,CREMA PARA MANOS PERAS & SENSUAL MUSK SWEET CARE 59ML,Gs   20.900,https://www.stock.com.py/images/thumbs/0198556_500.jpeg,11/12/24
Descremados,YOGHURT DIETETICO FRUTILLA 350 GR LOS COLONOS POTE,Gs   5.000,https://www.stock.com.py/images/thumbs/0205480_500.jpeg,11/12/24
Descremados,YOGHURT DIETETICO DURAZNO 200 GR LOS COLONOS POTE,Gs   3.700,https://www.stock.com.py/images/thumbs/0205479_500.jpeg,11/12/24
Descremados,YOGHURT ENTERO D/VAINILLA 1LT KISSI SACHET,Gs   9.450,https://www.stock.com.py/images/thumbs/0205469_500.jpeg,11/12/24
Descremados,YOGHURT ENTERO D/FRUTILLA 1LT KISSI SACHET,Gs   9.450,https://www.stock.com.py/images/thumbs/0205468_500.jpeg,11/12/24
Descremados,YOGURT DIET LA PRADERA VAINILLA 500ML SACHET,Gs   9.200,https://www.stock.com.py/images/thumbs/0205462_500.jpeg,11/12/24
Descremados,YOGHURT DESCREMADO SIN LACTOSA NATURAL 350GR TREBOL,Gs   5.000,https://www.stock.com.py/images/thumbs/0205445_500.jpeg,11/12/24
Descremados,YOGURT VITAL LIGTH VAINILLA LACTOL. 350GR,Gs   4.600,https://www.stock.com.py/images/thumbs/0201717_500.jpeg,11/12/24
Descremados,YOGURT DIETETICO TREBOL FRUTILLA POTE 140ML,Gs   2.500,https://www.stock.com.py/images/thumbs/0201039_500.png,11/12/24
Descremados,YOGURT DIETETICO TREBOL VAINILLA POTE 140ML,Gs   2.500,https://www.stock.com.py/images/thumbs/0201038_500.png,11/12/24
Descremados,YOGURT DIETETICO TREBOL COCO POTE 140ML,Gs   2.500,https://www.stock.com.py/images/thumbs/0201037_500.png,11/12/24
Descremados,YOGURT DIETETICO TREBOL VAINILLA POTE 350ML,Gs   4.900,https://www.stock.com.py/images/thumbs/0201036_500.png,11/12/24
Descremados,YOGURT DIETETICO TREBOL FRUTILLA POTE 350ML,Gs   4.900,https://www.stock.com.py/images/thumbs/0201035_500.png,11/12/24
Descremados,YOGURT DIETETICO TREBOL COCO POTE 350ML,Gs   4.900,https://www.stock.com.py/images/thumbs/0201034_500.png,11/12/24
Descremados,YOGURT CEREGURT LIGHT LACTOLANDA 140gr,Gs   3.600,https://www.stock.com.py/images/thumbs/0186408_500.jpeg,11/12/24
Descremados,YOGHURT DIETETICO VAINILLA 350 GR LOS COLONOS POTE,Gs   5.000,https://www.stock.com.py/images/thumbs/0183210_500.jpeg,11/12/24
Descremados,YOGHURT DIETETICO DURAZNO 350 GR LOS COLONOS POTE,Gs   5.000,https://www.stock.com.py/images/thumbs/0183209_500.jpeg,11/12/24
Descremados,YOGHURT DIETETICO VAINILLA 200 GR LOS COLONOS POTE,Gs   3.700,https://www.stock.com.py/images/thumbs/0183208_500.jpeg,11/12/24
Descremados,YOGHURT DIETETICO FRUTILLA 200 GR LOS COLONOS POTE,Gs   3.700,https://www.stock.com.py/images/thumbs/0183207_500.jpeg,11/12/24
Descremados,YOGURT DESCREMADO TREBOL SIN LACTOSA/FRUTILLA 200GR,Gs   3.200,https://www.stock.com.py/images/thumbs/0181042_500.jpeg,11/12/24
Descremados,YOGHURT LACTOLANDA SEMID SIN LACTOSA S/COCO 180GR POTE,Gs   2.800,https://www.stock.com.py/images/thumbs/0179744_500.jpeg,11/12/24
Descremados,YOGHURT LACTOLANDA SEMID SIN LACTOSA S/VAINILLA 180GR POTE,Gs   2.800,https://www.stock.com.py/images/thumbs/0179743_500.jpeg,11/12/24
Descremados,YOGHURT DESCR. S/ LACTOSA VAINILLA 180GR DOÑA ANGELA POTE,Gs   3.500,https://www.stock.com.py/images/thumbs/0178614_500.jpeg,11/12/24
Descremados,YOGHURT DESCR. S/ LACTOSA FRUTILLA 180GR DOÑA ANGELA POTE,Gs   3.500,https://www.stock.com.py/images/thumbs/0178611_500.jpeg,11/12/24
Descremados,YOGURT DOÑA ANGELA LIGHT FIBRA FRUTOS DEL BOSQUE POTE 140GR,Gs   4.400,https://www.stock.com.py/images/thumbs/0178609_500.jpeg,11/12/24
Descremados,YOGURT DOÑA ANGELA LIGHT FIBRA CIRUELA POTE 140GR,Gs   4.400,https://www.stock.com.py/images/thumbs/0178606_500.jpeg,11/12/24
Descremados,YOGURT XABOR LIGHT DURAZN 350,Gs   4.950,https://www.stock.com.py/images/thumbs/0178600_500.jpeg,11/12/24
Descremados,YOGURT XABOR LIGHT COCO 350G,Gs   4.950,https://www.stock.com.py/images/thumbs/0178592_500.jpeg,11/12/24
Borradores,CORRECTOR AL AGUA 18ML BIC BLI,Gs   5.050,https://www.stock.com.py/images/thumbs/0212685_500.png,11/12/24
Borradores,H-TONE CINTA CORRECTIVA 5MM X 6 METROS,Gs   7.500,https://www.stock.com.py/images/thumbs/0206042_500.jpeg,11/12/24
Borradores,H-TONE LAPIZ CORRECTOR 8 ML,Gs   10.950,https://www.stock.com.py/images/thumbs/0203299_500.jpeg,11/12/24
Borradores,BORRADOR DISEÑO TIPO CUTTER MAPED 1UNID,Gs   18.250,https://www.stock.com.py/images/thumbs/0199004_500.jpeg,11/12/24
Borradores,CORRECTOR BIC SHAVE`N SQUEEZE,Gs   25.850,https://www.stock.com.py/images/thumbs/0166403_500.png,11/12/24
Borradores,BORRADOR SMIRK 1UN DUSON BLIS,Gs   9.100,https://www.stock.com.py/images/thumbs/noDefaultImage_stock_500.gif,11/12/24
Té,INFUSION DE MENTA TE GUARANI 20UN,Gs   6.900,https://www.stock.com.py/images/thumbs/0207997_500.jpeg,11/12/24
Té,TE PLAN 30 DIAS 30SAQUITOS TE GUARANI,Gs   22.300,https://www.stock.com.py/images/thumbs/0207632_500.jpeg,11/12/24
Té,TE VERDE MORINGA S/ARANDANOS HINDU 20SAQ,Gs   18.150,https://www.stock.com.py/images/thumbs/0207366_500.jpeg,11/12/24
Té,TE NEGRO 20 SAQUITOS HINDU 32GR,Gs   10.200,https://www.stock.com.py/images/thumbs/0207364_500.jpeg,11/12/24
Té,TE NEGRO CEYLAN 20 UN TE GUARANI,Gs   13.800,https://www.stock.com.py/images/thumbs/0207276_500.jpeg,11/12/24
Té,TE NEGRO ENGLISH BREAKFAST GUARANI  20UN,Gs   16.700,https://www.stock.com.py/images/thumbs/0207275_500.jpeg,11/12/24
Té,TE NEGRO CON NARANJA 20 UN TE GUARANI,Gs   15.000,https://www.stock.com.py/images/thumbs/0207274_500.jpeg,11/12/24
Té,TE CARDIO 20 UN TE GUARANI,Gs   12.900,https://www.stock.com.py/images/thumbs/0207273_500.jpeg,11/12/24
Té,TE ENERGIZA 20 UN TE GUARANI,Gs   12.250,https://www.stock.com.py/images/thumbs/0207271_500.jpeg,11/12/24
Té,TE DE CEDRON TE GUARANI 20 UN,Gs   6.750,https://www.stock.com.py/images/thumbs/0207270_500.jpeg,11/12/24
Té,TE DE TILO TE GUARANI 20 UN,Gs   15.300,https://www.stock.com.py/images/thumbs/0207198_500.jpeg,11/12/24
Té,SANTO REMEDIO HEPATICO BOLDO JAGUARETE KA-A KOKU 25 GR,Gs   2.350,https://www.stock.com.py/images/thumbs/0205032_500.jpeg,11/12/24
Té,SANTO REMEDIO ANTIPARASITARIO KA-ARE SUICO 25 GR,Gs   2.050,https://www.stock.com.py/images/thumbs/0205031_500.jpeg,11/12/24
Té,SANTO REMEDIO COLESTEROL ?ANDUPA BURRO KA-A 25 GR,Gs   2.600,https://www.stock.com.py/images/thumbs/0205030_500.jpeg,11/12/24
Té,SANTO REMEDIO DIABETES AJENJO JAGUARETE PO KA-A HE-E 25 GR,Gs   2.650,https://www.stock.com.py/images/thumbs/0205029_500.jpeg,11/12/24
Té,SANTO REMEDIO ANTIFLATULENTO 2 ANIS HINOJO MANZANILLA 25 GR,Gs   3.900,https://www.stock.com.py/images/thumbs/0205028_500.jpeg,11/12/24
Té,SANTO REMEDIO ANTIFLATULENTO 1 KURATU ENELDO SUICO 25 GR,Gs   2.500,https://www.stock.com.py/images/thumbs/0205027_500.jpeg,11/12/24
Té,SANTO REMEDIO PRESION ALTA 2 MBURUKUYA MANDARINA Y AGUACATE 25 GR,Gs   3.250,https://www.stock.com.py/images/thumbs/0205026_500.jpeg,11/12/24
Té,SANTO REMEDIO DIGESTIVO 3 JATE-I KA-A Y LAUREL 25 GR,Gs   3.350,https://www.stock.com.py/images/thumbs/0205025_500.jpeg,11/12/24
Té,SANTO REMEDIO DIGESTIVO 2 ANIS BOLDO Y MANZANILLA 25 GR,Gs   4.400,https://www.stock.com.py/images/thumbs/0205024_500.jpeg,11/12/24
Té,SANTO REMEDIO DIGESTIVO 1 CEDRON BURRITO Y MENTA 25 GR,Gs   2.450,https://www.stock.com.py/images/thumbs/0205023_500.jpeg,11/12/24
Té,TE DE JAGUARETE KAA ARCO IRIS CAJA 20 X 1.5 GR,Gs   8.900,https://www.stock.com.py/images/thumbs/0205015_500.jpeg,11/12/24
Té,HORNIMANS TE DE MANZANILLA 20 GR 20 UNIDADES,Gs   11.000,https://www.stock.com.py/images/thumbs/0204981_500.jpeg,11/12/24
Té,TE CAMPESINO MANZANILLA SAQUITOS 10UN CJA,Gs   5.000,https://www.stock.com.py/images/thumbs/0204806_500.jpeg,11/12/24
Té,TE NEGRO INDEGA 20SAQ 40GR CJA,Gs   11.550,https://www.stock.com.py/images/thumbs/0204803_500.jpeg,11/12/24
Té,TE ROJO INDEGA 20SAQ 30GR CJA,Gs   13.700,https://www.stock.com.py/images/thumbs/0204802_500.jpeg,11/12/24
Té,TE VERDE INDEGA 20SAQ 36GR CJA,Gs   11.750,https://www.stock.com.py/images/thumbs/0204801_500.jpeg,11/12/24
Té,SANTO REMEDIO EXPECTORANTE 2 AMBAY EUCALIPTO JAGUARUNDI  25 GR,Gs   2.450,https://www.stock.com.py/images/thumbs/0204585_500.jpeg,11/12/24
Té,BORRAJA MICKEY 15GR,Gs   3.800,https://www.stock.com.py/images/thumbs/0186563_500.jpeg,11/12/24
Herramientas/Acces.,"BORNERA ""SUPERUTIL"" N.4/6/10",Gs   13.750,https://www.stock.com.py/images/thumbs/0192255_500.jpeg,11/12/24
Herramientas/Acces.,MARTILLO 1 UN PARA CARNE,Gs   39.700,https://www.stock.com.py/images/thumbs/0192251_500.jpeg,11/12/24
Herramientas/Acces.,LLAVE COMBINADA 24MM LIFE Y LVING REFST/060219 ,Gs   18.500,https://www.stock.com.py/images/thumbs/0189507_500.jpeg,11/12/24
Herramientas/Acces.,LLAVE COMBINADA 23MM LIFE Y LIVING REFST/060218,Gs   24.800,https://www.stock.com.py/images/thumbs/0189506_500.jpeg,11/12/24
Herramientas/Acces.,LLAVE COMBINADA 22MM LIFE Y LIVING REFST/060217 ,Gs   15.000,https://www.stock.com.py/images/thumbs/0189505_500.jpeg,11/12/24
Herramientas/Acces.,LLAVE COMBINADA 21MM LIFE Y LIVING REFST/060216 ,Gs   14.500,https://www.stock.com.py/images/thumbs/0189504_500.jpeg,11/12/24
Herramientas/Acces.,LLAVE COMBINADA 18MM LIFE Y LIVING REFST/060213 ,Gs   9.700,https://www.stock.com.py/images/thumbs/0189502_500.jpeg,11/12/24
Herramientas/Acces.,PINZA PELACABLE 7 STANFORD S/E REF ST-020528,Gs   43.200,https://www.stock.com.py/images/thumbs/0189450_500.jpeg,11/12/24
Herramientas/Acces.,TENAZA CARPINTERO 8  STANFORD S/E REF ST-020516,Gs   27.300,https://www.stock.com.py/images/thumbs/0189449_500.jpeg,11/12/24
Herramientas/Acces.,MARTILLO PATA DE CABRA STANFORD S/E REF ST-080101,Gs   30.900,https://www.stock.com.py/images/thumbs/0189446_500.jpeg,11/12/24
Herramientas/Acces.,SERRUCHO 18 STANFORD S/E REF ST-040101,Gs   23.900,https://www.stock.com.py/images/thumbs/0189443_500.jpeg,11/12/24
Herramientas/Acces.,LLAVE COMBINADA 11MM DAYO,Gs   30.000,https://www.stock.com.py/images/thumbs/0182092_500.jpeg,11/12/24
Herramientas/Acces.,LLAVE COMBINADA 16MM DAYO,Gs   23.800,https://www.stock.com.py/images/thumbs/0182086_500.jpeg,11/12/24
Herramientas/Acces.,DESTORNILLADOR PLANO PUNTA MAGNETICA STANFORD,Gs   20.500,https://www.stock.com.py/images/thumbs/0182084_500.jpeg,11/12/24
Herramientas/Acces.,JUEGO DE DESTORNILLADORES 6 PIEZAS PUNTA MAGNETICA STANFORD,Gs   45.400,https://www.stock.com.py/images/thumbs/0182082_500.jpeg,11/12/24
Herramientas/Acces.,PINZA PICO DE LORO 10 STANFORD S/E REF ST020212,Gs   79.900,https://www.stock.com.py/images/thumbs/0159950_500.jpeg,11/12/24
Herramientas/Acces.,CINTA METRICA 10MTS X 25MM STANFORD S/E REF ST-110105,Gs   34.900,https://www.stock.com.py/images/thumbs/noDefaultImage_stock_500.gif,11/12/24
Herramientas/Acces.,DESTORNILLADOR PLANO  PUNTA MAGNETICA STANFORD S/E REF ST-010403,Gs   11.600,https://www.stock.com.py/images/thumbs/noDefaultImage_stock_500.gif,11/12/24
Herramientas/Acces.,CAJA P/HERRAMINETA EXT GRAN DAYO 191,Gs   119.400,https://www.stock.com.py/images/thumbs/noDefaultImage_stock_500.gif,11/12/24
Herramientas/Acces.,LLAVE COMBINADA 20MM LIFE Y LIVING REFST/060215 ,Gs   11.000,https://www.stock.com.py/images/thumbs/noDefaultImage_stock_500.gif,11/12/24
Algodón/Cotonetes,DODDY HISOPOS DESCARTABLES CON PUNTAS DE ALGODON 200 UNIDADES,Gs   10.050,https://www.stock.com.py/images/thumbs/0198137_500.jpeg,11/12/24
Algodón/Cotonetes,DODDY HISOPOS DESCARTABLES CON PUNTAS DE ALGODON 100 UNIDADES,Gs   6.300,https://www.stock.com.py/images/thumbs/0198136_500.jpeg,11/12/24
Algodón/Cotonetes,DODDY HISOPOS DESCARTABLES CON PUNTAS DE ALGODON 200 UNIDADES,Gs   11.200,https://www.stock.com.py/images/thumbs/0198135_500.jpeg,11/12/24
Algodón/Cotonetes,DODDY HISOPOS DESCARTABLES CON PUNTAS DE ALGODON 100 UNIDADES,Gs   7.500,https://www.stock.com.py/images/thumbs/0198134_500.jpeg,11/12/24
Algodón/Cotonetes,CREMER DISCOS DE ALGODON 50 UNIDADES,Gs   10.950,https://www.stock.com.py/images/thumbs/0197308_500.jpeg,11/12/24
Algodón/Cotonetes,ALGODN FACIAL DISCOS 60UND COTTONBABY CJA,Gs   14.250,https://www.stock.com.py/images/thumbs/0193715_500.jpeg,11/12/24
Algodón/Cotonetes,MOPA DE ALGODON ZIGZAG REFIL S,Gs   39.400,https://www.stock.com.py/images/thumbs/0193504_500.jpeg,11/12/24
Algodón/Cotonetes,COTONETES JOHNSONS EN CAJA 150 UNID,Gs   21.300,https://www.stock.com.py/images/thumbs/0187323_500.jpeg,11/12/24
Algodón/Cotonetes,COTONETES JOHNSONS 150UNID,Gs   22.350,https://www.stock.com.py/images/thumbs/0187321_500.jpeg,11/12/24
Algodón/Cotonetes,ALGODON HIDROFILOS E/POMPONES 95GR COTTONBABY PAQ,Gs   14.650,https://www.stock.com.py/images/thumbs/0180687_500.jpeg,11/12/24
Algodón/Cotonetes,COTONETE CREMER CAJA 75 UN.,Gs   6.200,https://www.stock.com.py/images/thumbs/0177864_500.jpeg,11/12/24
Algodón/Cotonetes,ALGODON DENT.100UN CREMER ,Gs   7.100,https://www.stock.com.py/images/thumbs/0177858_500.jpeg,11/12/24
Algodón/Cotonetes,HISOPOS Q.SOFT CON ANTIGERMEN PLASTICO 150 UNID,Gs   16.000,https://www.stock.com.py/images/thumbs/0158708_500.jpeg,11/12/24
Algodón/Cotonetes,HISOPOS Q.SOFT CON ANTIGERMEN PLASTICO 100 UNID,Gs   12.000,https://www.stock.com.py/images/thumbs/0144241_500.jpeg,11/12/24
Caldos/Sopas/Pure,PURE DE PAPA ORIGINAL MAGGI 125 GR,Gs   15.500,https://www.stock.com.py/images/thumbs/0207980_500.jpeg,11/12/24
Caldos/Sopas/Pure,SOPA CREMA VEGETALES 60GR KNORR,Gs   11.100,https://www.stock.com.py/images/thumbs/0204451_500.jpeg,11/12/24
Caldos/Sopas/Pure,KNORR PURE PAPAS RECETA COMPLETA LISTA 125 GR,Gs   17.050,https://www.stock.com.py/images/thumbs/0203603_500.jpeg,11/12/24
Caldos/Sopas/Pure,CALDO D/VERDURAS DESHIDRATADO 12UN MAGGI,Gs   10.000,https://www.stock.com.py/images/thumbs/0200531_500.jpeg,11/12/24
Caldos/Sopas/Pure,PURE DE PAPAS INSTANTANEO KNORR 125GR,Gs   15.900,https://www.stock.com.py/images/thumbs/0198784_500.jpeg,11/12/24
Caldos/Sopas/Pure,KNORR SOPA CREMA ZAPALLO CON NUEZ MOSCADA 70 GR,Gs   11.100,https://www.stock.com.py/images/thumbs/0196780_500.jpeg,11/12/24
Caldos/Sopas/Pure,"KNORR SOPA DE VEGETALES CON CARACOLITOS TRICOLOR 107,5 GR",Gs   11.100,https://www.stock.com.py/images/thumbs/0196776_500.jpeg,11/12/24
Caldos/Sopas/Pure,CALDO DE GALLINA KNORR 12UNID,Gs   10.400,https://www.stock.com.py/images/thumbs/0195337_500.jpeg,11/12/24
Caldos/Sopas/Pure,CALDO DE GALLINA KNORR 6UNID,Gs   6.250,https://www.stock.com.py/images/thumbs/0195336_500.jpeg,11/12/24
Caldos/Sopas/Pure,CALDO DE CARNE KNORR 12UNID,Gs   10.400,https://www.stock.com.py/images/thumbs/0195329_500.jpeg,11/12/24
Caldos/Sopas/Pure,CALDO DE CARNE KNORR 6UNID,Gs   6.250,https://www.stock.com.py/images/thumbs/0195328_500.jpeg,11/12/24
Caldos/Sopas/Pure,PURE DE PAPAS BIANCA 125GR,Gs   8.900,https://www.stock.com.py/images/thumbs/0188472_500.jpeg,11/12/24
Caldos/Sopas/Pure,PURE DE PAPAS BIANCA 400GR,Gs   21.900,https://www.stock.com.py/images/thumbs/0188470_500.jpeg,11/12/24
Caldos/Sopas/Pure,SOPA D/GALLINA C/FIDEO DESHIDRATADA 60GR MAGGI,Gs   10.800,https://www.stock.com.py/images/thumbs/0181695_500.jpeg,11/12/24
Caldos/Sopas/Pure,SOPA D/CARNE C/FIDEO CARACOLITO DESHIDRATADA 63GR MAGGI,Gs   10.850,https://www.stock.com.py/images/thumbs/0181694_500.jpeg,11/12/24
Caldos/Sopas/Pure,PURE DE PAPAS AMELIA CON LECHE DESHIDRATADO 150 GR,Gs   8.550,https://www.stock.com.py/images/thumbs/0181171_500.jpeg,11/12/24
Caldos/Sopas/Pure,PURE D/PAPAS 125GR AMELIA,Gs   7.400,https://www.stock.com.py/images/thumbs/0159227_500.jpeg,11/12/24
Otros,WHISKY 900ML MASTER GOLD ,Gs   29.600,https://www.stock.com.py/images/thumbs/0211830_500.png,11/12/24
Otros,WHISKY CHANCELER GOLDEN LABEL BOTELLA 1LT,Gs   33.000,https://www.stock.com.py/images/thumbs/0185547_500.jpeg,11/12/24
Otros,WHISKY GOLD 1LT BLACK STONE BOT,Gs   41.650,https://www.stock.com.py/images/thumbs/0176368_500.jpeg,11/12/24
Otros,WHISKY CLAN MAC GREGOR BOTELLA 1 L,Gs   51.500,https://www.stock.com.py/images/thumbs/0165239_500.png,11/12/24
Acondicionadores,ACONDICIONADOR LISO EFECTO PROFESIONAL TRESEMME 500ML,Gs   41.000,https://www.stock.com.py/images/thumbs/0211809_500.jpeg,11/12/24
Acondicionadores,DOVE NUTRITIVE SOLUTIONS RECONSTRUCCION COMPLETA ACONDICIONADOR PARA CABELLO DA?ADO 200 ML,Gs   15.800,https://www.stock.com.py/images/thumbs/0211626_500.jpeg,11/12/24
Acondicionadores,DOVE ACONDICIONADOR REGENERACION EXTREMA 200 ML,Gs   15.800,https://www.stock.com.py/images/thumbs/0211625_500.jpeg,11/12/24
Acondicionadores,ACONDICIONADOR REGENERACION EXTREMA DOVE 400ML FCO,Gs   42.500,https://www.stock.com.py/images/thumbs/0211616_500.jpeg,11/12/24
Acondicionadores,ACONDICIONADOR DOVE DANO ACUM THERAPY EP,Gs   42.300,https://www.stock.com.py/images/thumbs/0211614_500.jpeg,11/12/24
Acondicionadores,ACONDIC LARG SALUD PLUSBELLE ESENC 970ML,Gs   20.700,https://www.stock.com.py/images/thumbs/0209387_500.jpeg,11/12/24
Acondicionadores,ACONDICIONADOR ACIDO HIALURONICO NUTRILEA 340 ML,Gs   21.400,https://www.stock.com.py/images/thumbs/0209047_500.jpeg,11/12/24
Acondicionadores,ACONDICIONADOR ACIDO HIALURONICO NUTRILEA 190 ML,Gs   13.900,https://www.stock.com.py/images/thumbs/0209034_500.png,11/12/24
Acondicionadores,DOVE NUTRITIVE SOLUTIONS ACONDICIONADOR HIDRA-LISO 400 ML,Gs   42.500,https://www.stock.com.py/images/thumbs/0208927_500.png,11/12/24
Acondicionadores,ACOND HIDRA LISO + HIALURO DOVE 200ML,Gs   15.800,https://www.stock.com.py/images/thumbs/0208925_500.png,11/12/24
Acondicionadores,ACONDICIONADOR HIDRATACION INTENSA 400ML DOVE FCO,Gs   42.500,https://www.stock.com.py/images/thumbs/0208923_500.png,11/12/24
Acondicionadores,ACONDICIONADOR HIDRATACION INTENSA 200ML DOVE FCO,Gs   15.800,https://www.stock.com.py/images/thumbs/0208921_500.jpeg,11/12/24
Acondicionadores,ACOND TIO NACHO ANTI-CAIDA AC 400ML,Gs   49.800,https://www.stock.com.py/images/thumbs/0208706_500.jpeg,11/12/24
Acondicionadores,ACOND BRILLO LAMELAR TRESEMME 250ML,Gs   22.900,https://www.stock.com.py/images/thumbs/0208601_500.jpeg,11/12/24
Acondicionadores,ACOND BRILLO LAMELAR TRESEMME 500ML,Gs   41.000,https://www.stock.com.py/images/thumbs/0208565_500.jpeg,11/12/24
Acondicionadores,ACONDICIONADOR SUAVE BOMBA CERAMIDAS930M,Gs   16.500,https://www.stock.com.py/images/thumbs/0208559_500.jpeg,11/12/24
Acondicionadores,ACONDI/ANTIQUIEBRE  RESIST L'OREAL 370ML,Gs   46.200,https://www.stock.com.py/images/thumbs/0208256_500.jpeg,11/12/24
Acondicionadores,ACONDICIONADOR ANTIFR TRESEM KERAT 500ML,Gs   41.000,https://www.stock.com.py/images/thumbs/0208158_500.jpeg,11/12/24
Acondicionadores,SHAMP CAIDA/ACO MILENARIA TIO NACHO PACK,Gs   99.100,https://www.stock.com.py/images/thumbs/0207394_500.jpeg,11/12/24
Acondicionadores,ACOND OLEO DE BOSWELLIA PLUSBELLE 700ML,Gs   23.500,https://www.stock.com.py/images/thumbs/0206957_500.jpeg,11/12/24
Acondicionadores,ACONDIC OLEO D/ABISINIA PLUSBELLE 700 ML,Gs   23.500,https://www.stock.com.py/images/thumbs/0206956_500.jpeg,11/12/24
Acondicionadores,SEDAL ACONDICIONADOR CERAMIDAS 340 ML,Gs   23.550,https://www.stock.com.py/images/thumbs/0206799_500.jpeg,11/12/24
Acondicionadores,ACOND HIALURONICO/VITAMINA A 650ML SEDAL,Gs   21.700,https://www.stock.com.py/images/thumbs/0206196_500.jpeg,11/12/24
Acondicionadores,SEDAL ACONDICIONADOR HIALURONICO CON VITAMINA 340 ML,Gs   23.550,https://www.stock.com.py/images/thumbs/0203533_500.jpeg,11/12/24
Acondicionadores,ACONDICIONADOR RIZOS DEFINIDOS SEDAL 650,Gs   21.700,https://www.stock.com.py/images/thumbs/0203529_500.jpeg,11/12/24
Acondicionadores,ACONDICIONADOR LISO PERFECTO SEDAL 650ML,Gs   21.700,https://www.stock.com.py/images/thumbs/0203528_500.jpeg,11/12/24
Acondicionadores,PLUSBELLE FRESCURA ACONDICIONADOR 1000 ML,Gs   16.500,https://www.stock.com.py/images/thumbs/0203493_500.jpeg,11/12/24
Acondicionadores,L-OREAL ELVIVE REPARACION TOTAL 5 ACONDICIONADOR 370 ML,Gs   44.900,https://www.stock.com.py/images/thumbs/0203386_500.jpeg,11/12/24
Aire libre,JUGUETE PISTOLA P/AGUA DY REF. 1189-31A,Gs   26.900,https://www.stock.com.py/images/thumbs/0207561_500.png,11/12/24
Aire libre,JILONG FLOTADOR DE 50 CM,Gs   9.900,https://www.stock.com.py/images/thumbs/0189882_500.jpeg,11/12/24
Aire libre,CHALECO SALVAVIDA U ION 41CM JILONG REF 47303 CJA,Gs   39.900,https://www.stock.com.py/images/thumbs/0170733_500.jpeg,11/12/24
Aire libre,PELOTA P/PLAYA INFLABLE SPORTS 40CM JILONG,Gs   9.900,https://www.stock.com.py/images/thumbs/0170688_500.jpeg,11/12/24
Aire libre,PILETA REDONDA 3 ANILLOS 66LTS JILONG REF 10086/1 BLIS,Gs   39.900,https://www.stock.com.py/images/thumbs/noDefaultImage_stock_500.gif,11/12/24
Aire libre,LENTE P/NATACION BLIS REF MKM908878,Gs   14.900,https://www.stock.com.py/images/thumbs/noDefaultImage_stock_500.gif,11/12/24
Aire libre,JUGUETE P/PLAYA CAMION 5P BOL MKM696118,Gs   24.900,https://www.stock.com.py/images/thumbs/noDefaultImage_stock_500.gif,11/12/24
Aire libre,JUGUETE GLOBOS MULT C/SOP DY REF 32981,Gs   24.500,https://www.stock.com.py/images/thumbs/noDefaultImage_stock_500.gif,11/12/24
Aire libre,JUGUETE PISTOLA DY P/AGUA,Gs   84.900,https://www.stock.com.py/images/thumbs/noDefaultImage_stock_500.gif,11/12/24
Aire libre,JUGUETE JGO DE TE DY C/ACCESORIOS,Gs   74.900,https://www.stock.com.py/images/thumbs/noDefaultImage_stock_500.gif,11/12/24
Aire libre,JUGUETE PALITA P/PLAYA DY,Gs   19.900,https://www.stock.com.py/images/thumbs/noDefaultImage_stock_500.gif,11/12/24
Aire libre,COLCHON INFLABLE INFANTIL DY,Gs   459.000,https://www.stock.com.py/images/thumbs/noDefaultImage_stock_500.gif,11/12/24
Aire libre,JUGUETE CARRITO P/MUN?ECA DY,Gs   34.900,https://www.stock.com.py/images/thumbs/noDefaultImage_stock_500.gif,11/12/24
Aire libre,JUGUETE CAJA REGISTRADORA DY,Gs   184.900,https://www.stock.com.py/images/thumbs/noDefaultImage_stock_500.gif,11/12/24
Aire libre,INFLADOR C/GLOBO DY  GRANDE,Gs   24.900,https://www.stock.com.py/images/thumbs/noDefaultImage_stock_500.gif,11/12/24
Aire libre,FLOTADOR INFL BESTWAY ANILLO NEON 91CM,Gs   21.900,https://www.stock.com.py/images/thumbs/noDefaultImage_stock_500.gif,11/12/24
Aire libre,JUGUETE PISTOLA D/AGUA DY REF A-118,Gs   109.900,https://www.stock.com.py/images/thumbs/noDefaultImage_stock_500.gif,11/12/24
Aire libre,JUGUETE PISTOLA D/AGUA DY REF 956,Gs   89.900,https://www.stock.com.py/images/thumbs/noDefaultImage_stock_500.gif,11/12/24
Aire libre,JUGUETE JGO D/BOLAS DY REF L130-1,Gs   69.900,https://www.stock.com.py/images/thumbs/noDefaultImage_stock_500.gif,11/12/24
Aire libre,JUGUETE CARRITO D/BEBE DY REF0881M,Gs   64.900,https://www.stock.com.py/images/thumbs/noDefaultImage_stock_500.gif,11/12/24
Aire libre,JUGUETE PISTOLA D/AGUA DY REF645,Gs   14.900,https://www.stock.com.py/images/thumbs/noDefaultImage_stock_500.gif,11/12/24
Aire libre,JUGUETE CAN?ON D/AGUA DOBLE DY REFBD025,Gs   29.900,https://www.stock.com.py/images/thumbs/noDefaultImage_stock_500.gif,11/12/24
Aire libre,PILOTIN DIS VRIOS DY REF 5759,Gs   7.500,https://www.stock.com.py/images/thumbs/noDefaultImage_stock_500.gif,11/12/24
Aire libre,JUGUETE PISTOLA P/AGUA DY REF WG-14,Gs   49.900,https://www.stock.com.py/images/thumbs/noDefaultImage_stock_500.gif,11/12/24
Aire libre,JUGUETE PISTOLA P/AGUA DY REF MKL674141,Gs   24.900,https://www.stock.com.py/images/thumbs/noDefaultImage_stock_500.gif,11/12/24
Aire libre,JUGUETE PISTOLA DE AGUA  DY MKJ028231,Gs   39.900,https://www.stock.com.py/images/thumbs/noDefaultImage_stock_500.gif,11/12/24
Aire libre,JUGUETE PISTOLA DE AGUA DY MKK280941,Gs   39.900,https://www.stock.com.py/images/thumbs/noDefaultImage_stock_500.gif,11/12/24
Aire libre,JUGUETE PELOTA DE 30UN PLAS DY MKL764519,Gs   24.900,https://www.stock.com.py/images/thumbs/noDefaultImage_stock_500.gif,11/12/24
Carpetas/Portafolios,CARPETA PVC CON GOMAS COLOR NARANJA DAC,Gs   23.500,https://www.stock.com.py/images/thumbs/0207940_500.jpeg,11/12/24
Carpetas/Portafolios,CARPETA ARCHIVADORA ALAMO S/E,Gs   3.300,https://www.stock.com.py/images/thumbs/0203195_500.jpeg,11/12/24
Carpetas/Portafolios,CARPETA NEGRO CONGRESO PLASCONY BLIS,Gs   11.450,https://www.stock.com.py/images/thumbs/0184107_500.jpeg,11/12/24
Carpetas/Portafolios,CARPETA AVON DE DIBUJO NRO2,Gs   9.500,https://www.stock.com.py/images/thumbs/0182147_500.jpeg,11/12/24
Carpetas/Portafolios,CARPETA ARCH. RAPIDA OF. CART. DIF. COLORES EDES ,Gs   3.200,https://www.stock.com.py/images/thumbs/0177974_500.jpeg,11/12/24
Carpetas/Portafolios,CARPETA ALAMO PLASTIFICADA N2 ARAÑA/DISNEY,Gs   8.800,https://www.stock.com.py/images/thumbs/0166420_500.jpeg,11/12/24
Carpetas/Portafolios,CARPETA ARCHIVADORA PLASTICO L OFICIO,Gs   3.000,https://www.stock.com.py/images/thumbs/noDefaultImage_stock_500.gif,11/12/24
Carpetas/Portafolios,CARPETA ARCHIVADORA BARNIZADA ALAMO,Gs   2.800,https://www.stock.com.py/images/thumbs/noDefaultImage_stock_500.gif,11/12/24
Carpetas/Portafolios,CARPETA DE DIBUJO DUSON ÑANDUTI N 2  DUSON,Gs   10.300,https://www.stock.com.py/images/thumbs/noDefaultImage_stock_500.gif,11/12/24
Repostería/ Pasteleria,LECHE DE COCO 500ML SOCOCO BOT,Gs   28.750,https://www.stock.com.py/images/thumbs/0211735_500.png,11/12/24
Repostería/ Pasteleria,LECHE DE COCO SOCOCO BOTELLA 200 M,Gs   12.250,https://www.stock.com.py/images/thumbs/0211734_500.png,11/12/24
Repostería/ Pasteleria,MIX ENERGET MANI PASAS/ALMEND ZYMA 150GR,Gs   19.500,https://www.stock.com.py/images/thumbs/0207420_500.jpeg,11/12/24
Repostería/ Pasteleria,BICARBONATO DE SODIO ARCO IRIS PAQ 10X50GR ,Gs   2.600,https://www.stock.com.py/images/thumbs/0205013_500.jpeg,11/12/24
Repostería/ Pasteleria,CANELA PAQ. 6 X 100 GR. ARCOIRIS,Gs   16.100,https://www.stock.com.py/images/thumbs/0204557_500.jpeg,11/12/24
Repostería/ Pasteleria,JARABE DE GLUCOSA 250GR COPALSA POTE,Gs   5.600,https://www.stock.com.py/images/thumbs/0204531_500.jpeg,11/12/24
Repostería/ Pasteleria,BAN?O DE REPOSTERIA BLANCO AGUILA 150GR,Gs   12.150,https://www.stock.com.py/images/thumbs/0204409_500.jpeg,11/12/24
Repostería/ Pasteleria,BAN?O DE REPOSTERIA CON LECHE AGUILA 150G,Gs   12.150,https://www.stock.com.py/images/thumbs/0204408_500.jpeg,11/12/24
Repostería/ Pasteleria,CHOCOLATE POLVO 400GR ITAMARATY,Gs   16.250,https://www.stock.com.py/images/thumbs/0204001_500.jpeg,11/12/24
Repostería/ Pasteleria,ESENCIA DE VAINILLA COPALSA 30 CC,Gs   3.600,https://www.stock.com.py/images/thumbs/0203188_500.jpeg,11/12/24
Repostería/ Pasteleria,CARMENCITA TE DE CHIA CON ESPECIAS 10 SAQUITOS 20 GR,Gs   14.300,https://www.stock.com.py/images/thumbs/0202891_500.jpeg,11/12/24
Repostería/ Pasteleria,ARCOR GODET POLVO PARA BIZCOCHUELO SABOR VAINILLA 480 GR,Gs   19.000,https://www.stock.com.py/images/thumbs/0202049_500.jpeg,11/12/24
Repostería/ Pasteleria,ARCOR GODET POLVO PARA BIZCOCHUELO SABOR CHOCOLATE 480 GR,Gs   19.000,https://www.stock.com.py/images/thumbs/0202048_500.jpeg,11/12/24
Repostería/ Pasteleria,ARCOR GODET POLVO PARA BIZCOCHUELO SABOR MARMOLADO 500 GR,Gs   19.000,https://www.stock.com.py/images/thumbs/0202047_500.jpeg,11/12/24
Repostería/ Pasteleria,POLVO P/BROWNI CHOCO 170G GHIRARDI FERRO,Gs   19.800,https://www.stock.com.py/images/thumbs/0200430_500.jpeg,11/12/24
Repostería/ Pasteleria,FRUTOS SECOS DE NUTRINUTS MIX KETO 250GR,Gs   35.500,https://www.stock.com.py/images/thumbs/0200368_500.jpeg,11/12/24
Repostería/ Pasteleria,FRUTOS SECOS COCO RALLADO NUTRINUTS 250GR,Gs   15.300,https://www.stock.com.py/images/thumbs/0200366_500.jpeg,11/12/24
Repostería/ Pasteleria,FRUTOS SECOS NUTRINUTS MIX FIT 250GR,Gs   35.500,https://www.stock.com.py/images/thumbs/0200365_500.jpeg,11/12/24
Repostería/ Pasteleria,ARCOIRIS BICARBONATO DE SODIO 250 GR,Gs   8.250,https://www.stock.com.py/images/thumbs/0200157_500.jpeg,11/12/24
Repostería/ Pasteleria,COPALSA CREMA CHANTILLY EN POLVO LIGHT 200 GR,Gs   15.850,https://www.stock.com.py/images/thumbs/0200019_500.jpeg,11/12/24
Repostería/ Pasteleria,CANELA RUSTICA HIERBAPAR 15GR,Gs   6.500,https://www.stock.com.py/images/thumbs/0198449_500.jpeg,11/12/24
Repostería/ Pasteleria,VAINILLA HIEREBAPAR 50GR,Gs   3.400,https://www.stock.com.py/images/thumbs/0198348_500.jpeg,11/12/24
Repostería/ Pasteleria,CANELA HIERBAPAR 50GR,Gs   4.300,https://www.stock.com.py/images/thumbs/0198347_500.jpeg,11/12/24
Repostería/ Pasteleria,COCO RALLADO HIERBAPAR 100GR,Gs   9.400,https://www.stock.com.py/images/thumbs/0198346_500.jpeg,11/12/24
Repostería/ Pasteleria,COCO RALLADO HIERBAPAR 50GR,Gs   4.800,https://www.stock.com.py/images/thumbs/0198340_500.jpeg,11/12/24
Repostería/ Pasteleria,COCO RALLADO HIERBAPAR 25GR,Gs   3.000,https://www.stock.com.py/images/thumbs/0198339_500.jpeg,11/12/24
Repostería/ Pasteleria,BICARBONATO DE SODIO HIERBAPAR 25GR,Gs   1.700,https://www.stock.com.py/images/thumbs/0198337_500.jpeg,11/12/24
Repostería/ Pasteleria,BICARBONATO DE SODIO HIERBAPAR 15GR,Gs   1.450,https://www.stock.com.py/images/thumbs/0198249_500.jpeg,11/12/24
Acces. Teflón,SARTEN TRAMONTINA C/ ESPATULA 24CM PARIS,Gs   74.900,https://www.stock.com.py/images/thumbs/0208128_500.jpeg,11/12/24
Acces. Teflón,SARTEN TRAMONTINA C/ ESPATULA 20CM PARIS,Gs   69.900,https://www.stock.com.py/images/thumbs/0208126_500.jpeg,11/12/24
Acces. Teflón,HERVIDORA C/TAPA TRAMONTINA 1.9LTS PARIS,Gs   109.600,https://www.stock.com.py/images/thumbs/0208120_500.png,11/12/24
Acces. Teflón,HERVIDORA  PARIS TRAMONTINA 1.2 LTS,Gs   65.900,https://www.stock.com.py/images/thumbs/0208109_500.png,11/12/24
Acces. Teflón,CACEROLA TRAMONTINA C/T D/VID 2.9LTSPARI,Gs   164.000,https://www.stock.com.py/images/thumbs/0208103_500.png,11/12/24
Acces. Teflón,SARTEN TRAMONTINA C/ ESPATULA 22CM PARIS,Gs   69.900,https://www.stock.com.py/images/thumbs/0208027_500.jpeg,11/12/24
Acces. Teflón,CACEROLA TRAMONTINA C/T D/VID 8LTSPARIS,Gs   183.600,https://www.stock.com.py/images/thumbs/0208022_500.jpeg,11/12/24
Acces. Teflón,TRAMONTINA CACEROLA CON MANGO LORETO N? 18,Gs   153.300,https://www.stock.com.py/images/thumbs/0201267_500.jpeg,11/12/24
Acces. Teflón,PIZZERA 330 MM DE DIAMETRO,Gs   67.500,https://www.stock.com.py/images/thumbs/0192875_500.jpeg,11/12/24
Acces. Teflón,SARTEN TFLN LORETO 20 TRAMONTINA,Gs   39.900,https://www.stock.com.py/images/thumbs/0183794_500.jpeg,11/12/24
Acces. Teflón,SARTEN TFLN LORETO TRAMONTINA N18,Gs   34.900,https://www.stock.com.py/images/thumbs/0183792_500.jpeg,11/12/24
Acces. Teflón,SARTEN TFLN LORETO TRAMONTINA N16,Gs   29.900,https://www.stock.com.py/images/thumbs/0183790_500.jpeg,11/12/24
Acces. Teflón,TRAMONTINA SARTEN TEFLON LORETO N°22,Gs   44.900,https://www.stock.com.py/images/thumbs/0183007_500.jpeg,11/12/24
Acces. Teflón,SARTEN ALUMINIO 20 CM REF. IA08 IPACARAI BLIS,Gs   39.300,https://www.stock.com.py/images/thumbs/0182989_500.jpeg,11/12/24
Acces. Teflón,HERVIDORA TRAMONTINA 1.8LTS LORETO NEGRO,Gs   78.100,https://www.stock.com.py/images/thumbs/noDefaultImage_stock_500.gif,11/12/24
Cuidado para Calzados,POMADA LIQ AUTOBRILLO MARRON 60ML WASSINGTON FCO,Gs   16.950,https://www.stock.com.py/images/thumbs/0176029_500.jpeg,11/12/24
Cuidado para Calzados,POMADA LIQ AUTOBRILLO NEGRO 60GR WASSINGTON FCO,Gs   16.950,https://www.stock.com.py/images/thumbs/0176028_500.jpeg,11/12/24
Cuidado para Calzados,POMADA LIQUIDA CUERO/CUERINA BLANCO 60CM WASSINGTON PLAS,Gs   15.950,https://www.stock.com.py/images/thumbs/0176022_500.jpeg,11/12/24
Cuidado para Calzados,ESPONJA PARA ZAPATOS WASSINGTON MARRON,Gs   25.950,https://www.stock.com.py/images/thumbs/0176021_500.jpeg,11/12/24
Cuidado para Calzados,ESPONJA PARA ZAPATOS WASSINGTON NEGRO,Gs   25.950,https://www.stock.com.py/images/thumbs/0176020_500.jpeg,11/12/24
Cuidado para Calzados,ESPONJA BRILLO PARA CALZADO WASSI,Gs   25.950,https://www.stock.com.py/images/thumbs/0176019_500.jpeg,11/12/24
Cuidado para Calzados,POMADA PARA CALZADO NEGRO 30GR WASSINTON,Gs   8.700,https://www.stock.com.py/images/thumbs/0176017_500.jpeg,11/12/24
Árabe/Tortillas/Chipas,CHIPITAS LA CORDILLERANA 110GR,Gs   7.100,https://www.stock.com.py/images/thumbs/0212684_500.png,11/12/24
Árabe/Tortillas/Chipas,RAPIDITAS BIMBO LIGHT PAQ 10UN,Gs   12.500,https://www.stock.com.py/images/thumbs/0209673_500.jpeg,11/12/24
Árabe/Tortillas/Chipas,RAPIDITAS CLASICAS BIMBO 10 UNIDADES,Gs   11.500,https://www.stock.com.py/images/thumbs/0209672_500.jpeg,11/12/24
Árabe/Tortillas/Chipas,RAPIDITAS BIMBO LINO/CHIA 250GR 8 UN,Gs   13.500,https://www.stock.com.py/images/thumbs/0209648_500.png,11/12/24
Árabe/Tortillas/Chipas,RAPIDITAS INTEGRALES XL BIMBO DE 420GR,Gs   15.000,https://www.stock.com.py/images/thumbs/0208032_500.jpeg,11/12/24
Árabe/Tortillas/Chipas,CHIPA PIRU FIESTERO 1KG PAQ,Gs   46.000,https://www.stock.com.py/images/thumbs/0205507_500.jpeg,11/12/24
Árabe/Tortillas/Chipas,CHIPA PIRU 220GR ARCO IRIS PAQ,Gs   15.200,https://www.stock.com.py/images/thumbs/0202307_500.jpeg,11/12/24
Árabe/Tortillas/Chipas,TORTILLAS D/TRIGO LIGHT BIANCA 370GR,Gs   11.450,https://www.stock.com.py/images/thumbs/0202010_500.jpeg,11/12/24
Árabe/Tortillas/Chipas,MAZZEI FINITAS CLASICAS 10 UNIDADES 370 GR,Gs   11.500,https://www.stock.com.py/images/thumbs/0200278_500.jpeg,11/12/24
Árabe/Tortillas/Chipas,CHIPA PIRU 80GR LA LINDA BSA,Gs   6.000,https://www.stock.com.py/images/thumbs/0192625_500.jpeg,11/12/24
Árabe/Tortillas/Chipas,CHIPA PIRU 110GR ARCO IRIS PAQ,Gs   8.250,https://www.stock.com.py/images/thumbs/0192376_500.jpeg,11/12/24
Árabe/Tortillas/Chipas,TORTILLAS DE HARINA DE TRIGO LIGHT FINITAS MAZZEI 10UNID,Gs   12.500,https://www.stock.com.py/images/thumbs/0186923_500.jpeg,11/12/24
Árabe/Tortillas/Chipas,CHIPITA CROCANTE MICKEY 500GR,Gs   29.750,https://www.stock.com.py/images/thumbs/0186599_500.jpeg,11/12/24
Árabe/Tortillas/Chipas,CHIPITA CROCANTE MICKEY 200GR,Gs   12.500,https://www.stock.com.py/images/thumbs/0186598_500.jpeg,11/12/24
Árabe/Tortillas/Chipas,CHIPA PIRU ÑA EUSTAQUIA PAQ 250GR,Gs   12.900,https://www.stock.com.py/images/thumbs/0180263_500.jpeg,11/12/24
Árabe/Tortillas/Chipas,CHIPITA LA CORDILLERANA 40,Gs   12.200,https://www.stock.com.py/images/thumbs/0178006_500.jpeg,11/12/24
Árabe/Tortillas/Chipas,PANADERIA 2000 PAN ARABE LIGHT EXTRA GRANDE 450 GR 6 UNIDADES,Gs   13.000,https://www.stock.com.py/images/thumbs/0177720_500.jpeg,11/12/24
Árabe/Tortillas/Chipas,PAN ARABE PANADERIA 2000 GRANDE DIETETICO 6UN,Gs   11.900,https://www.stock.com.py/images/thumbs/0177718_500.jpeg,11/12/24
Árabe/Tortillas/Chipas,CHIPA PIRU 200GR LA LINDA BSA,Gs   11.150,https://www.stock.com.py/images/thumbs/0171094_500.png,11/12/24
Árabe/Tortillas/Chipas,CHIPA PIRU ÑA EUSTAQUIA PAQUETE 100GR,Gs   6.550,https://www.stock.com.py/images/thumbs/0153422_500.jpeg,11/12/24
Árabe/Tortillas/Chipas,CHIPITA 20UND STOCK PAQ,Gs   7.000,https://www.stock.com.py/images/thumbs/noDefaultImage_stock_500.gif,11/12/24
Hornos,HORNO ELECTRICO 45 LTS DAYO REF DN45E ,Gs   572.700,https://www.stock.com.py/images/thumbs/0164821_500.jpeg,11/12/24
Hornos, HORNO ELECTRICO 28 LTS DAYO REF DN28E ,Gs   649.900,https://www.stock.com.py/images/thumbs/0164706_500.jpeg,11/12/24
Servicio de Mesa,BANDEJA P/CONTACTO C/ALIM COIMPEX NRO 2,Gs   6.350,https://www.stock.com.py/images/thumbs/0208826_500.jpeg,11/12/24
Servicio de Mesa,BANDEJAS DECORADAS P/ALIM COIMPEX NRO 2,Gs   6.700,https://www.stock.com.py/images/thumbs/0208825_500.jpeg,11/12/24
Servicio de Mesa,BANDEJAS DECORADAS P/ALIM COIMPEX NRO 1,Gs   5.000,https://www.stock.com.py/images/thumbs/0208824_500.jpeg,11/12/24
Servicio de Mesa,BANDEJA DECORADAS P/ALIM COIMPEX NRO 3,Gs   7.900,https://www.stock.com.py/images/thumbs/0208661_500.jpeg,11/12/24
Servicio de Mesa,BANDEJA P/CONTACTO C/ALIM COIMPEX NRO 1,Gs   4.750,https://www.stock.com.py/images/thumbs/0208638_500.jpeg,11/12/24
Servicio de Mesa,BANDEJAS DECORADAS P/ALIM COIMPEX NRO 3,Gs   8.450,https://www.stock.com.py/images/thumbs/0208637_500.jpeg,11/12/24
Servicio de Mesa,DISNEY JUNIOR MICKEY MANTEL DE CUMPLEA?OS,Gs   36.100,https://www.stock.com.py/images/thumbs/0203340_500.jpeg,11/12/24
Servicio de Mesa,DISNEY FROZEN II SERVILLETAS DE CUMPLEA?OS 12 UNIDADES,Gs   14.450,https://www.stock.com.py/images/thumbs/0203324_500.jpeg,11/12/24
Servicio de Mesa,DISNEY FROZEN II MANTEL DE CUMPLEA?OS,Gs   36.100,https://www.stock.com.py/images/thumbs/0203323_500.jpeg,11/12/24
Servicio de Mesa,SERVILLETA BOB PAQUETE 50 UN 30X30,Gs   5.550,https://www.stock.com.py/images/thumbs/0175824_500.png,11/12/24
Servicio de Mesa,SERVILLETAS DOBLE HOJA COLOR ELITE 20UNID,Gs   10.850,https://www.stock.com.py/images/thumbs/0175003_500.jpeg,11/12/24
Servicio de Mesa,SERVILLETAS IMPRESAS VILLET 23X23X50UN,Gs   6.600,https://www.stock.com.py/images/thumbs/0158179_500.jpeg,11/12/24
Servicio de Mesa,CUCHARITAS ARGOS X 30 UN,Gs   5.350,https://www.stock.com.py/images/thumbs/0157995_500.jpeg,11/12/24
Servicio de Mesa,CUBIERTOS PRAFESTA PAQUETE 50 UN,Gs   9.900,https://www.stock.com.py/images/thumbs/0155861_500.jpeg,11/12/24
Servicio de Mesa,TENEDORES FIESTA MEDI X50UN,Gs   12.600,https://www.stock.com.py/images/thumbs/0155858_500.jpeg,11/12/24
Servicio de Mesa,CUCHARAS PRAFESTA MEDIANAS X50UN,Gs   13.200,https://www.stock.com.py/images/thumbs/0155857_500.jpeg,11/12/24
Servicio de Mesa,CUCHILLO DESCARTAB PAQUETE 18 UN,Gs   5.000,https://www.stock.com.py/images/thumbs/0148077_500.jpeg,11/12/24
Servicio de Mesa,TENEDORCITOS ARGOS X 30 UN,Gs   5.350,https://www.stock.com.py/images/thumbs/0148075_500.jpeg,11/12/24
Camping,PARAGUAS CORTO IW S/E REF 0001,Gs   16.900,https://www.stock.com.py/images/thumbs/0170101_500.jpeg,11/12/24
Camping,GOMA P/CABELLO DAYO REF HH19 006,Gs   8.000,https://www.stock.com.py/images/thumbs/noDefaultImage_stock_500.gif,11/12/24
Camping,SET D/CORDONES DAYO REF HTT 19 007,Gs   10.000,https://www.stock.com.py/images/thumbs/noDefaultImage_stock_500.gif,11/12/24
Camping,SET ESPONJA P/MAQUILLAJE DAYO REF CX19 002,Gs   6.900,https://www.stock.com.py/images/thumbs/noDefaultImage_stock_500.gif,11/12/24
Camping,SET D/TIJERA DAYO REF HB214,Gs   10.000,https://www.stock.com.py/images/thumbs/noDefaultImage_stock_500.gif,11/12/24
Camping,SOPORTE P/SECADOR TODO X 8000 REF CH4,Gs   5.000,https://www.stock.com.py/images/thumbs/noDefaultImage_stock_500.gif,11/12/24
Camping,SET D/MANICURA TODOX8000 REF 315,Gs   10.000,https://www.stock.com.py/images/thumbs/noDefaultImage_stock_500.gif,11/12/24
Camping,TIJERA D/BELLEZA TODOX8000 REFCX21002,Gs   10.000,https://www.stock.com.py/images/thumbs/noDefaultImage_stock_500.gif,11/12/24
Camping,SET D/MANICURA TODOX8000 REF 309,Gs   10.000,https://www.stock.com.py/images/thumbs/noDefaultImage_stock_500.gif,11/12/24
Camping,SET D/COSTURA TODO X 8000 REF YH21 010,Gs   5.000,https://www.stock.com.py/images/thumbs/noDefaultImage_stock_500.gif,11/12/24
Camping,PARAGUA DIS SURT DY REF 5815/5811,Gs   39.900,https://www.stock.com.py/images/thumbs/noDefaultImage_stock_500.gif,11/12/24
Camping,PARAGUA DIS SURT DY REF 5810/5813,Gs   46.500,https://www.stock.com.py/images/thumbs/noDefaultImage_stock_500.gif,11/12/24
Gelatinas,GELATINA SABOR FRUTILLA DIETALAT PARMALAT 180GR,Gs   2.650,https://www.stock.com.py/images/thumbs/0187590_500.jpeg,11/12/24
Gelatinas,GELATINA SABOR TUTTI FRUTTI PARMALAT 125GR,Gs   2.050,https://www.stock.com.py/images/thumbs/0187585_500.jpeg,11/12/24
Gelatinas,GELATINAS PARMALAT GELATINA SABOR NARANJA PARMALAT 125GRPOTE 125 GRAMOS,Gs   2.050,https://www.stock.com.py/images/thumbs/0187581_500.jpeg,11/12/24
Gelatinas,GELATINA SABOR FRUTILLA PARMALAT 125GR,Gs   2.050,https://www.stock.com.py/images/thumbs/0187580_500.jpeg,11/12/24
Gelatinas,GELATINA SABOR UVA PARMALAT 125GR,Gs   2.050,https://www.stock.com.py/images/thumbs/0187579_500.jpeg,11/12/24
Gelatinas,POSTRE GELATINA D/UVA 120GR LA PRADERA POT,Gs   2.100,https://www.stock.com.py/images/thumbs/0171865_500.png,11/12/24
Cognac/ Brandie,COGNAC TRES LEONES BOTELLA 920 CC,Gs   7.500,https://www.stock.com.py/images/thumbs/0201557_500.jpeg,11/12/24
Cognac/ Brandie,RON SABOR LIMON FORTIN 750ML,Gs   18.700,https://www.stock.com.py/images/thumbs/0198512_500.jpeg,11/12/24
Presill/Perfor/Sellos,CUCHILLA ECO ARTESCO,Gs   9.100,https://www.stock.com.py/images/thumbs/0203438_500.jpeg,11/12/24
Presill/Perfor/Sellos,CAJITA GRAMPA N 24/6 ALAMO,Gs   2.850,https://www.stock.com.py/images/thumbs/0203192_500.jpeg,11/12/24
Presill/Perfor/Sellos,PRESILLADORA N24.6 P/20 HOJAS ALAMO,Gs   21.400,https://www.stock.com.py/images/thumbs/0150073_500.jpeg,11/12/24
Vendas/Cintas/Apósitos,CURITA TRANSPARENTE 10UND COTTONBABY CJA,Gs   5.650,https://www.stock.com.py/images/thumbs/0193717_500.jpeg,11/12/24
Vendas/Cintas/Apósitos,CURITAS TRANSPARENTES BAND AID 10UNID,Gs   6.750,https://www.stock.com.py/images/thumbs/0187319_500.jpeg,11/12/24
Vendas/Cintas/Apósitos,CURITAS TRANSPARENTES RESPIRABLES BAND AID 40UNID,Gs   19.650,https://www.stock.com.py/images/thumbs/0187318_500.jpeg,11/12/24
Vendas/Cintas/Apósitos,CURITA P/AGUA 15UN CREMER ,Gs   16.000,https://www.stock.com.py/images/thumbs/0177865_500.jpeg,11/12/24
Vendas/Cintas/Apósitos,CURITA BEIGE 10UN CREMER,Gs   7.250,https://www.stock.com.py/images/thumbs/0177863_500.jpeg,11/12/24
Vendas/Cintas/Apósitos,CURITA TRANSP.10UN CREMER ,Gs   7.000,https://www.stock.com.py/images/thumbs/0177862_500.jpeg,11/12/24
Vendas/Cintas/Apósitos,CURITA TRANSP. 16UN CREMER ,Gs   7.250,https://www.stock.com.py/images/thumbs/0177861_500.jpeg,11/12/24
Vendas/Cintas/Apósitos,CURITA TRANSP.40UN CREMER ,Gs   14.200,https://www.stock.com.py/images/thumbs/0177860_500.jpeg,11/12/24
Planchas,PLANCHA ELECTRICA DAYO REF DI31,Gs   87.300,https://www.stock.com.py/images/thumbs/0159378_500.png,11/12/24
Desodorantes,"GLADE CAMPOS DE LAVANDA AROMATIZANTE DE AMBIENTES EN AEROSOL FRAGANCIA CON ACEITES ESENCIALES 361,2 GR",Gs   18.900,https://www.stock.com.py/images/thumbs/0212515_500.jpeg,11/12/24
Desodorantes,GLADE DESODORANTE DE AMBIENTES PARAISO AZUL 360 ML,Gs   18.900,https://www.stock.com.py/images/thumbs/0212514_500.jpeg,11/12/24
Desodorantes,GLADE DESODORANTE DE AMBIENTES LIMON REFRESCANTE 360 ML,Gs   18.900,https://www.stock.com.py/images/thumbs/0212513_500.jpeg,11/12/24
Desodorantes,GLADE DESODORANTE DE AMBIENTES CAMPOS DE LAVANDA 360 ML,Gs   18.900,https://www.stock.com.py/images/thumbs/0212512_500.jpeg,11/12/24
Desodorantes,AROMATIZANTE/AMB/FLOR/TROP/COCO GLADE36M,Gs   18.900,https://www.stock.com.py/images/thumbs/0212511_500.jpeg,11/12/24
Desodorantes,GLADE DESODORANTE DE AMBIENTES PLACER FLORAL Y FRUTOS ROJOS 360 ML,Gs   18.900,https://www.stock.com.py/images/thumbs/0212510_500.jpeg,11/12/24
Desodorantes,GLADE DESODORANTE DE AMBIENTES ENCANTO DE VAINILLA 360 ML,Gs   18.900,https://www.stock.com.py/images/thumbs/0212509_500.jpeg,11/12/24
Desodorantes,GLADE DESODORANTE DE AMBIENTE CAMPOS DE LAVANDA REPUESTO 9 GR 2 UNIDADES,Gs   37.550,https://www.stock.com.py/images/thumbs/0212503_500.jpeg,11/12/24
Desodorantes,GLADE DESODORANTE DE AMBIENTES LAVANDA & VAINILLA 175 GR REPUESTO,Gs   46.950,https://www.stock.com.py/images/thumbs/0212499_500.jpeg,11/12/24
Desodorantes,GLADE DESODORANTE DE AMBIENTES HAWAIIAN BREEZE 175 GR REPUESTO,Gs   46.950,https://www.stock.com.py/images/thumbs/0212498_500.jpeg,11/12/24
Desodorantes,GLADE DESODORANTE DE AMBIENTES LAVANDA & VAINILLA 110 GR REPUESTO,Gs   35.800,https://www.stock.com.py/images/thumbs/0212495_500.jpeg,11/12/24
Desodorantes,GLADE DESODORANTE DE AMBIENTES LIMON REFRESCANTE 110 GR REPUESTO,Gs   35.800,https://www.stock.com.py/images/thumbs/0212494_500.jpeg,11/12/24
Desodorantes,LIMPIADOR GLADE ADHESIVO LAVANDA 8.2GR DOYPACK,Gs   4.800,https://www.stock.com.py/images/thumbs/0212478_500.jpeg,11/12/24
Desodorantes,PATO PURIFIC DISCO ADHESIVO MARINA 12 GR + APLICADOR,Gs   19.900,https://www.stock.com.py/images/thumbs/0212477_500.jpeg,11/12/24
Desodorantes,DESINFECTANTE ORIGINAL 285CM LYSOFORM AER,Gs   22.900,https://www.stock.com.py/images/thumbs/0212475_500.jpeg,11/12/24
Desodorantes,DESINFECTANTE LAVANDA 360G LYSOFORM AER,Gs   34.000,https://www.stock.com.py/images/thumbs/0212474_500.jpeg,11/12/24
Desodorantes,LIMPIADOR INODPATO PURIFGEL FLORAL 500ML,Gs   37.500,https://www.stock.com.py/images/thumbs/0212473_500.jpeg,11/12/24
Desodorantes,PATO PURIFIC DISCO ADHESIVO REPUESTO FLORAL 38 GR,Gs   23.900,https://www.stock.com.py/images/thumbs/0212448_500.jpeg,11/12/24
Desodorantes,PATO PURIFIC DISCO ADHESIVO REPUESTO MARINA 38 GR + APLICADOR,Gs   29.900,https://www.stock.com.py/images/thumbs/0212447_500.jpeg,11/12/24
Desodorantes,AROMATIZANTE MINIGEL DE LIMON 70GR GLADE POTE ,Gs   13.900,https://www.stock.com.py/images/thumbs/0212446_500.jpeg,11/12/24
Desodorantes,AROMATIZANTE MINIGEL CAMPOS DE LAVANDA 70GR GLADE POTE ,Gs   13.900,https://www.stock.com.py/images/thumbs/0212445_500.jpeg,11/12/24
Desodorantes,DESINFECTANTE D/ AMBIENTE AIRE DE MONTAÑA 360ML LYSOFORM AER ,Gs   29.900,https://www.stock.com.py/images/thumbs/0212438_500.jpeg,11/12/24
Desodorantes,DESINFECTANTE D/ AMBIENTE FLORAL 360ML LYSOFORM AER ,Gs   28.150,https://www.stock.com.py/images/thumbs/0212437_500.jpeg,11/12/24
Desodorantes,DESINFECTANTE D/ AMBIENTE BEBE 360ML LYSOFORM AER.,Gs   29.900,https://www.stock.com.py/images/thumbs/0212436_500.jpeg,11/12/24
Desodorantes,DESINFECTANTE D/ AMBIENTE LAVANDA 360ML LYSOFORM AER ,Gs   29.900,https://www.stock.com.py/images/thumbs/0212435_500.jpeg,11/12/24
Desodorantes,DESINFECTANTE DE AMBIENTE ORIGINAL LYSOFORM 360ML,Gs   29.900,https://www.stock.com.py/images/thumbs/0212434_500.jpeg,11/12/24
Desodorantes,LIMPIADOR CONTINUO P/INODOROS DISCOS ACTIVOS 36GR MR MUSCULO CJA,Gs   23.900,https://www.stock.com.py/images/thumbs/0212429_500.jpeg,11/12/24
Desodorantes,AROMATIZANTE DE AMBIENTE LYSPFORM 270ML RESPUESTO,Gs   51.900,https://www.stock.com.py/images/thumbs/0212419_500.jpeg,11/12/24
Harinas / Almidón,ZAELI MASA PRONTA PARA TAPIOCA 1 KG,Gs   24.400,https://www.stock.com.py/images/thumbs/0211848_500.png,11/12/24
Harinas / Almidón,FECULA DE PAPA CODIPSA 1 KG,Gs   19.350,https://www.stock.com.py/images/thumbs/0209561_500.jpeg,11/12/24
Harinas / Almidón,HARINA DE TRIGO TIPO 000 BIANCA DE 1 KG,Gs   5.300,https://www.stock.com.py/images/thumbs/0207414_500.jpeg,11/12/24
Harinas / Almidón,MAICENA ALMIDON DE MAIZ PRODUSUR 500 GR,Gs   12.750,https://www.stock.com.py/images/thumbs/0206504_500.jpeg,11/12/24
Harinas / Almidón,ALMIDON DE MAIZ PRIMICIA 500GR,Gs   9.350,https://www.stock.com.py/images/thumbs/0204520_500.jpeg,11/12/24
Harinas / Almidón,PREMEZCLA PAN DE QUESO ERSA 400GR BSA,Gs   15.100,https://www.stock.com.py/images/thumbs/0204505_500.jpeg,11/12/24
Harinas / Almidón,PREMEZCLA DE ÑOQUIS ERSA 400GR BSA,Gs   16.900,https://www.stock.com.py/images/thumbs/0204504_500.jpeg,11/12/24
Harinas / Almidón,PREMEZCLA DE CHIPA ERSA 400GR BSA,Gs   9.300,https://www.stock.com.py/images/thumbs/0204503_500.jpeg,11/12/24
Harinas / Almidón,ALMIDON DE MANDIOCA ARCOIRIS 800GR PAQ,Gs   15.950,https://www.stock.com.py/images/thumbs/0202563_500.jpeg,11/12/24
Harinas / Almidón,PRESTO PRONTA HARINA DE MAIZ PRECOCIDA PARA PREPARAR POLENTA INSTANTANEA 730 GR,Gs   14.000,https://www.stock.com.py/images/thumbs/0201645_500.png,11/12/24
Harinas / Almidón,SANTA MASSA FAROFA PICANTE CON PEDAZOS DE CEBOLLA 200 GR,Gs   15.450,https://www.stock.com.py/images/thumbs/0200787_500.jpeg,11/12/24
Harinas / Almidón,SANTA MASSA FAROFA TRADICIONAL CON PEDAZOS DE CEBOLLA 200 GR,Gs   15.450,https://www.stock.com.py/images/thumbs/0200786_500.jpeg,11/12/24
Harinas / Almidón,MICKEY HARINA DE ARROZ 400 GR,Gs   6.550,https://www.stock.com.py/images/thumbs/0196923_500.jpeg,11/12/24
Harinas / Almidón,ALMIDON DE MAIZ MAIZENA 500GR,Gs   14.750,https://www.stock.com.py/images/thumbs/0195352_500.jpeg,11/12/24
Harinas / Almidón,ALMIDON DE MAIZ MAIZENA 200GR,Gs   6.850,https://www.stock.com.py/images/thumbs/0195351_500.jpeg,11/12/24
Harinas / Almidón,HARINA DE TRIGO 000 BELLA FLOR 1KG,Gs   4.750,https://www.stock.com.py/images/thumbs/0195232_500.png,11/12/24
Harinas / Almidón,MASA PARA TAPIOCA AMAFIL 500GR BSA,Gs   14.850,https://www.stock.com.py/images/thumbs/0193579_500.jpeg,11/12/24
Harinas / Almidón,ALMIDON DE MAIZ AMELIA 1KG BSA,Gs   13.100,https://www.stock.com.py/images/thumbs/0192679_500.jpeg,11/12/24
Harinas / Almidón,HARINA DE TRIGO 0000 1KG CEREALES PAQ,Gs   7.000,https://www.stock.com.py/images/thumbs/0191756_500.jpeg,11/12/24
Harinas / Almidón,HARINA DE TRIGO 000 ORO KU I 1KG CEREALES PAQ,Gs   5.200,https://www.stock.com.py/images/thumbs/0191755_500.jpeg,11/12/24
Harinas / Almidón,HARINA TIPO 000 PARA PREPIZZA HILDEBRAND 1KG,Gs   7.400,https://www.stock.com.py/images/thumbs/0188508_500.jpeg,11/12/24
Harinas / Almidón,HARINA DE MAIZ PARA VORIVORI MICKEY 250GR,Gs   7.250,https://www.stock.com.py/images/thumbs/0186544_500.jpeg,11/12/24
Harinas / Almidón,HARINA DE MAIZ MICKEY 250GR,Gs   5.250,https://www.stock.com.py/images/thumbs/0186542_500.jpeg,11/12/24
Harinas / Almidón,HARINA DE MAIZ MICKEY 1KG,Gs   14.950,https://www.stock.com.py/images/thumbs/0186541_500.jpeg,11/12/24
Harinas / Almidón,ALMIDON REFINADO MICKEY 500GR,Gs   10.350,https://www.stock.com.py/images/thumbs/0186537_500.jpeg,11/12/24
Harinas / Almidón,ALMIDON REFINADO MICKEY 250GR,Gs   5.800,https://www.stock.com.py/images/thumbs/0186536_500.jpeg,11/12/24
Harinas / Almidón,ALMIDON REFINADO MICKEY 1KG,Gs   20.100,https://www.stock.com.py/images/thumbs/0186535_500.jpeg,11/12/24
Harinas / Almidón,ALMIDON GRANULADO MICKEY 500GR,Gs   10.700,https://www.stock.com.py/images/thumbs/0186534_500.jpeg,11/12/24
Especiales,QUESO AZUL SHEHUEN xKG,Gs   133.950,https://www.stock.com.py/images/thumbs/0211541_500.jpeg,11/12/24
Especiales,QUESO EN HORMA AZUL SANTA ROSA xKG,Gs   185.250,https://www.stock.com.py/images/thumbs/0187836_500.jpeg,11/12/24
Aguas Mineralizadas,AGUA DE COCO 330ML SOCOCO TETRA,Gs   11.950,https://www.stock.com.py/images/thumbs/0211740_500.png,11/12/24
Aguas Mineralizadas,AGUA D/COCO 1LT SOCOCO TETRA,Gs   22.900,https://www.stock.com.py/images/thumbs/0211738_500.png,11/12/24
Aguas Mineralizadas,AGUA D/COCO 200ML SOCOCO TETRA,Gs   6.400,https://www.stock.com.py/images/thumbs/0211736_500.png,11/12/24
Aguas Mineralizadas,AGUA TONICA PASO DE LOS TOROS 2 LITROS,Gs   12.000,https://www.stock.com.py/images/thumbs/0209523_500.jpeg,11/12/24
Aguas Mineralizadas,AGUA TONICA PASO DE LOS TOROS 500ML,Gs   5.500,https://www.stock.com.py/images/thumbs/0209522_500.jpeg,11/12/24
Aguas Mineralizadas,AGUA TONICA SCHWEPPERS X 500ML,Gs   6.000,https://www.stock.com.py/images/thumbs/0208786_500.jpeg,11/12/24
Aguas Mineralizadas,AGUA MINERAL DASANI CON G 500CC,Gs   2.800,https://www.stock.com.py/images/thumbs/0208780_500.jpeg,11/12/24
Aguas Mineralizadas,AGUA SIN GAS DASANI PACK 6 UN 500 ML,Gs   15.100,https://www.stock.com.py/images/thumbs/0208370_500.jpeg,11/12/24
Aguas Mineralizadas,AGUA MINERAL DE LA COSTA CON GA,Gs   4.500,https://www.stock.com.py/images/thumbs/0206713_500.jpeg,11/12/24
Aguas Mineralizadas,AGUA MINERAL CON GAS LA COSTA,Gs   2.500,https://www.stock.com.py/images/thumbs/0206712_500.jpeg,11/12/24
Aguas Mineralizadas,AGUA MINERAL DE LA COSTA SIN GAS,Gs   4.000,https://www.stock.com.py/images/thumbs/0206711_500.jpeg,11/12/24
Aguas Mineralizadas,AGUA MINERAL SIN GAS LA COSTA,Gs   2.000,https://www.stock.com.py/images/thumbs/0206710_500.jpeg,11/12/24
Aguas Mineralizadas,DE LA COSTA AGUA TONICA GRAPEFRUIT SIN AZUCAR 2 LITROS,Gs   10.000,https://www.stock.com.py/images/thumbs/0206709_500.jpeg,11/12/24
Aguas Mineralizadas,AGUA TONICA ORIG S/AZUCAR 2LT DE LA COSTA,Gs   10.000,https://www.stock.com.py/images/thumbs/0206708_500.jpeg,11/12/24
Aguas Mineralizadas,AGUA TONICA GINGER ALE 269ML DE LA COSTA,Gs   4.000,https://www.stock.com.py/images/thumbs/0206706_500.jpeg,11/12/24
Aguas Mineralizadas,KAMPITO GREEN PUNCH 2000,Gs   6.000,https://www.stock.com.py/images/thumbs/0206700_500.jpeg,11/12/24
Aguas Mineralizadas,KAMPITO GREEN PUNCH 250,Gs   2.500,https://www.stock.com.py/images/thumbs/0206699_500.jpeg,11/12/24
Aguas Mineralizadas,AGUA MIN ELECTRO LYTE DE LA COSTA 960ML PICO SPORTS BOT,Gs   4.000,https://www.stock.com.py/images/thumbs/0206698_500.jpeg,11/12/24
Aguas Mineralizadas,AGUA MINERAL 10LT SIN GAS DE LA COSTA BIDON,Gs   15.000,https://www.stock.com.py/images/thumbs/0206695_500.jpeg,11/12/24
Aguas Mineralizadas,AGUA MINERAL 5LT SIN GAS DE LA COSTA BIDON,Gs   9.000,https://www.stock.com.py/images/thumbs/0206694_500.jpeg,11/12/24
Aguas Mineralizadas,KAMPITO TROPICAL PUNCH 2000CC,Gs   6.000,https://www.stock.com.py/images/thumbs/0206691_500.jpeg,11/12/24
Aguas Mineralizadas,AGUA SABORIZADA CITRUS PUNCH KAMPITO 2LT,Gs   6.000,https://www.stock.com.py/images/thumbs/0206690_500.jpeg,11/12/24
Aguas Mineralizadas,AGUA S/GAS PICO SPORT 960ML DE LA COSTA BOT,Gs   3.500,https://www.stock.com.py/images/thumbs/0206689_500.jpeg,11/12/24
Aguas Mineralizadas,AGUA TONICA GASIFICADA 500ML DE LA COSTA BOT,Gs   3.500,https://www.stock.com.py/images/thumbs/0206687_500.jpeg,11/12/24
Aguas Mineralizadas,AGUA TONICA S/AZUCAR DE LA COSTA 269ML,Gs   4.000,https://www.stock.com.py/images/thumbs/0206672_500.jpeg,11/12/24
Aguas Mineralizadas,AGUA MINERAL S/GAS 3LT DASANI BOT,Gs   5.500,https://www.stock.com.py/images/thumbs/0206641_500.jpeg,11/12/24
Aguas Mineralizadas,AGUA MINERALIZADA S/GAS 990ML DASANI BOTELLA,Gs   3.700,https://www.stock.com.py/images/thumbs/0206639_500.jpeg,11/12/24
Aguas Mineralizadas,AGUA MINERALIZADA S/GAS 2250ML DASANI BOTELLA,Gs   3.900,https://www.stock.com.py/images/thumbs/0206638_500.jpeg,11/12/24
Organizadores,CANASTA P/ROPA C/TAPA NEGRO 10L JAGUAR REF 5017,Gs   18.300,https://www.stock.com.py/images/thumbs/0212669_500.png,11/12/24
Organizadores,CESTO P/ROPA C/TAPA 30L ECO JAGUAR 3083,Gs   42.900,https://www.stock.com.py/images/thumbs/0209576_500.jpeg,11/12/24
Organizadores,CAJA ORGANIZ PLASTICO SAN REMO 29L REF SR941/127,Gs   59.900,https://www.stock.com.py/images/thumbs/0209366_500.jpeg,11/12/24
Organizadores,CANASTA P/ROPA REDONDO 10L ECONATURE JAGUAR REF 3101,Gs   8.600,https://www.stock.com.py/images/thumbs/0209364_500.jpeg,11/12/24
Organizadores,CESTO P/ ROPA 30 LTS ECO NATURE JAGUAR REF 3085,Gs   29.900,https://www.stock.com.py/images/thumbs/0209362_500.png,11/12/24
Organizadores,SOPORTE SUPERUTIL CAJA 1 UN,Gs   6.700,https://www.stock.com.py/images/thumbs/0182592_500.jpeg,11/12/24
Organizadores,CAJA ORGANIZADORA DE PLASTICO SAN REMO 29L,Gs   59.900,https://www.stock.com.py/images/thumbs/0181843_500.jpeg,11/12/24
Organizadores,PORTA PAPEL HORIZONTAL MAD. PUZZLEZ BLIS ,Gs   14.450,https://www.stock.com.py/images/thumbs/0178079_500.jpeg,11/12/24
Organizadores,CUBIERTERA SAN REMO CON TAPA 355E,Gs   35.400,https://www.stock.com.py/images/thumbs/0155971_500.jpeg,11/12/24
Organizadores,TAPER PARA PROV JAGUAR CUADRADO Nº2 IND,Gs   6.900,https://www.stock.com.py/images/thumbs/noDefaultImage_stock_500.gif,11/12/24
Organizadores,TAPER PARA PROV JAGUAR CUADRADO N1 IND,Gs   4.900,https://www.stock.com.py/images/thumbs/noDefaultImage_stock_500.gif,11/12/24
Organizadores,ESCURRIDOR JAGUAR MULTIUSO,Gs   6.700,https://www.stock.com.py/images/thumbs/noDefaultImage_stock_500.gif,11/12/24
Organizadores,"CONTEN PARA PROV JAGUAR Nº0 0,65LT",Gs   3.900,https://www.stock.com.py/images/thumbs/noDefaultImage_stock_500.gif,11/12/24
Organizadores,ESCURREPLATOS JAGUAR,Gs   14.900,https://www.stock.com.py/images/thumbs/noDefaultImage_stock_500.gif,11/12/24
Organizadores,RECIPIENTE JAGUAR P/CUBIERTOS C/TAPA ,Gs   11.600,https://www.stock.com.py/images/thumbs/noDefaultImage_stock_500.gif,11/12/24
Organizadores,"TAPER IND ""JAGUAR"" 250 M RECT",Gs   1.500,https://www.stock.com.py/images/thumbs/noDefaultImage_stock_500.gif,11/12/24
Organizadores,DISPENSADOR P/JABON E/POLVO 1.46LTS JAGUAR REF 1720,Gs   12.100,https://www.stock.com.py/images/thumbs/noDefaultImage_stock_500.gif,11/12/24
Organizadores,ORGANIZADOR P/ESPONJA TODO X PROMO21010,Gs   10.000,https://www.stock.com.py/images/thumbs/noDefaultImage_stock_500.gif,11/12/24
Organizadores,RELOJ DISPENSADOR TODO X DIS21003,Gs   10.000,https://www.stock.com.py/images/thumbs/noDefaultImage_stock_500.gif,11/12/24
Organizadores,RELOJ DISPENSADOR TODO X DIS21001,Gs   4.900,https://www.stock.com.py/images/thumbs/noDefaultImage_stock_500.gif,11/12/24
Organizadores,RELOJ DISPENSADOR TODO X DIS21002,Gs   5.000,https://www.stock.com.py/images/thumbs/noDefaultImage_stock_500.gif,11/12/24
Lamparas Varias,PORTA LAMPARA  TIPO PLAFON BASE MEDIANA SUPERUTIL BLI,Gs   10.900,https://www.stock.com.py/images/thumbs/0185281_500.jpeg,11/12/24
Lamparas Varias,PORTA LAMPARA TIPO PLAFON DECORATIVO SUPERUTIL,Gs   11.600,https://www.stock.com.py/images/thumbs/0185280_500.jpeg,11/12/24
Lamparas Varias,PORTALAMPARA 1 UN COMUN,Gs   6.100,https://www.stock.com.py/images/thumbs/0158207_500.jpeg,11/12/24
Papas Fritas,SNACKS DE MAIZ S/BARB/PICAN DORITOS 100G,Gs   9.900,https://www.stock.com.py/images/thumbs/0207796_500.jpeg,11/12/24
Papas Fritas,PAPA FRITA GUAZU KETCHUP 25GR,Gs   5.000,https://www.stock.com.py/images/thumbs/0206946_500.jpeg,11/12/24
Papas Fritas,GUAZU FRENCHIP BOCADITOS PAPA FRITAS 50 GR,Gs   6.500,https://www.stock.com.py/images/thumbs/0206945_500.jpeg,11/12/24
Papas Fritas,PAPA FRITA GUAZU PAQUETE 50 GR ON,Gs   8.500,https://www.stock.com.py/images/thumbs/0206944_500.jpeg,11/12/24
Papas Fritas,PAPA FRITA GUAZU PAP 25 GR NORMAL,Gs   4.000,https://www.stock.com.py/images/thumbs/0206943_500.jpeg,11/12/24
Papas Fritas,PAPA FRITA GUAZU PAQUETE 50 GR SA,Gs   7.000,https://www.stock.com.py/images/thumbs/0206942_500.jpeg,11/12/24
Papas Fritas,GUAZU MANI PICANTE 120 GR,Gs   11.000,https://www.stock.com.py/images/thumbs/0206941_500.jpeg,11/12/24
Papas Fritas,SNACKS DE MAIZ SABOR QUESO DORITOS 40GR,Gs   7.000,https://www.stock.com.py/images/thumbs/0206475_500.jpeg,11/12/24
Papas Fritas,KELWA MANI TOSTADO SABOR AHUMADO Y PANCETA 100 GR,Gs   6.100,https://www.stock.com.py/images/thumbs/0205034_500.jpeg,11/12/24
Papas Fritas,KELWA MANI TOSTADO SABOR CEBOLLA Y PEREJIL 100 GR,Gs   5.800,https://www.stock.com.py/images/thumbs/0205033_500.jpeg,11/12/24
Papas Fritas,SANTA HELENA CROKISSIMO MANI CROCANTE SABOR PIMIENTA SUAVE 150 GR,Gs   8.450,https://www.stock.com.py/images/thumbs/0204658_500.jpeg,11/12/24
Papas Fritas,PETTIZ MANI CROCANTE SABOR NATURAL 120 GR,Gs   7.200,https://www.stock.com.py/images/thumbs/0204655_500.jpeg,11/12/24
Papas Fritas,PETTIZ MANI CROCANTE SABOR CEBOLLA Y SALSA 120 GR,Gs   7.200,https://www.stock.com.py/images/thumbs/0204654_500.jpeg,11/12/24
Papas Fritas,FANDANGOS SNACKS DE MAIZ SABOR A QUESO 140 GR,Gs   11.000,https://www.stock.com.py/images/thumbs/0204639_500.jpeg,11/12/24
Papas Fritas,BOCADITOS D/MAIZ PICAÑA Y AJO 40GR YOLO BSA,Gs   3.000,https://www.stock.com.py/images/thumbs/0204611_500.jpeg,11/12/24
Papas Fritas,BOCADITOS D/MAIZ QUESO C/PIMIENTON 40GR YOLO PAQ,Gs   3.000,https://www.stock.com.py/images/thumbs/0204610_500.jpeg,11/12/24
Papas Fritas,BOCADITOS D/MAIZ SAB/QUESO 40GR YOLO PAQ,Gs   3.000,https://www.stock.com.py/images/thumbs/0204609_500.jpeg,11/12/24
Papas Fritas,TACO VILLA NACHOS BOCADITOS DE MAIZ SABOR CEBOLLA 300 GR,Gs   17.250,https://www.stock.com.py/images/thumbs/0204542_500.jpeg,11/12/24
Papas Fritas,PETTIZ MANI TOSTADO SALADO SIN PIEL 120 GR,Gs   9.500,https://www.stock.com.py/images/thumbs/0204069_500.jpeg,11/12/24
Papas Fritas,PAPAS FRITAS MAZZEI 140GRS.PIZZA,Gs   16.000,https://www.stock.com.py/images/thumbs/0203819_500.jpeg,11/12/24
Papas Fritas,CHEETOS SUPER CRUNCHY SNACKS DE MAIZ SABOR QUESO 110 GR,Gs   10.000,https://www.stock.com.py/images/thumbs/0203646_500.jpeg,11/12/24
Papas Fritas,DORITOS SNACKS DE MAIZ SABOR QUESO 28 GR,Gs   5.000,https://www.stock.com.py/images/thumbs/0203644_500.jpeg,11/12/24
Papas Fritas,PAPAS FRITAS SENSEI 140GRS.BARBACOA,Gs   16.000,https://www.stock.com.py/images/thumbs/0202610_500.jpeg,11/12/24
Papas Fritas,PETTIZ MANI CROCANTE SABOR PIMIENTA ROJA 120 GR,Gs   7.200,https://www.stock.com.py/images/thumbs/0201877_500.png,11/12/24
Papas Fritas,LAY-S STAX PAPAS FRITAS SABOR CREMA Y CEBOLLA 134 GR,Gs   22.000,https://www.stock.com.py/images/thumbs/0201124_500.jpeg,11/12/24
Papas Fritas,LAY-S STAX PAPAS FRITAS SABOR QUESO CHEDDAR 134 GR,Gs   22.000,https://www.stock.com.py/images/thumbs/0201123_500.jpeg,11/12/24
Papas Fritas,YOKI PAPA FRITA EN TIRITAS 70 GR,Gs   12.000,https://www.stock.com.py/images/thumbs/0200578_500.jpeg,11/12/24
Papas Fritas,SENSEI PAPAS FRITAS PICANTE FURIOSO 140 GR,Gs   16.000,https://www.stock.com.py/images/thumbs/0200274_500.jpeg,11/12/24
Unisex,JUGUETE PISTOLA D/BURBUJAS DY,Gs   59.900,https://www.stock.com.py/images/thumbs/0207601_500.png,11/12/24
Unisex,JUGUETE CUERDA P/SALTAR DY REF 3135-6,Gs   39.900,https://www.stock.com.py/images/thumbs/0207594_500.png,11/12/24
Unisex,MASA SLIME KIMELEKA COL VRIOS C/INSECTO 180 GR ACRILEX POTE REF 05850,Gs   32.900,https://www.stock.com.py/images/thumbs/0205587_500.jpeg,11/12/24
Unisex,DOMINO DE PALABRAS CJA MADERA PEPI,Gs   52.500,https://www.stock.com.py/images/thumbs/0205586_500.jpeg,11/12/24
Unisex,TINTAS ESPECIALES ROXO ACRILEX 180GR,Gs   46.250,https://www.stock.com.py/images/thumbs/0202684_500.jpeg,11/12/24
Unisex,DIDACTA VALE TODO JUNIOR JUEGO DE MESA,Gs   100.000,https://www.stock.com.py/images/thumbs/0199590_500.jpeg,11/12/24
Unisex,ACRILEX KIMELEKA SLIME BUTTER GOMA DE AMASAR 130 GR,Gs   22.900,https://www.stock.com.py/images/thumbs/0193289_500.jpeg,11/12/24
Unisex,MASA SLIME KIMELEKA COL VRIOS C/ ANIMALES MARINOS 180 GR ACRILEX POTE REF 05860,Gs   32.900,https://www.stock.com.py/images/thumbs/0170809_500.jpeg,11/12/24
Unisex,SLIME KIMELEKA 180GR COLORES SURTIDOS ACRILEX REF 05812 POTE ,Gs   25.650,https://www.stock.com.py/images/thumbs/0170594_500.jpeg,11/12/24
Unisex,ROMPECABEZAS D/MADERA 72 PIEZAS PEPI,Gs   82.900,https://www.stock.com.py/images/thumbs/noDefaultImage_stock_500.gif,11/12/24
Unisex,JUGUETE ORGANO MUSICAL DY,Gs   79.900,https://www.stock.com.py/images/thumbs/noDefaultImage_stock_500.gif,11/12/24
Unisex,JUGUETE XILO?FONO DE MADERA DY MKL839390,Gs   59.900,https://www.stock.com.py/images/thumbs/noDefaultImage_stock_500.gif,11/12/24
Unisex,JUGUETE GUITARRA MUSICAL MK CJ MKQ390483,Gs   59.900,https://www.stock.com.py/images/thumbs/noDefaultImage_stock_500.gif,11/12/24
Unisex,JUGUETE BURBUJERO DY PEQUEN?O,Gs   14.900,https://www.stock.com.py/images/thumbs/noDefaultImage_stock_500.gif,11/12/24
Unisex,JUGUETE TABLET DY C/MUSICA,Gs   74.900,https://www.stock.com.py/images/thumbs/noDefaultImage_stock_500.gif,11/12/24
Unisex,JUGUETE BUEBUJERO DY MEDIANO,Gs   22.900,https://www.stock.com.py/images/thumbs/noDefaultImage_stock_500.gif,11/12/24
Unisex,JUGUETE PIZARRA MAGICA DY REF 312A,Gs   49.900,https://www.stock.com.py/images/thumbs/noDefaultImage_stock_500.gif,11/12/24
Unisex,JUGUETE PIZARRA LCD UNIC DY REFWQ663,Gs   154.900,https://www.stock.com.py/images/thumbs/noDefaultImage_stock_500.gif,11/12/24
Unisex,JUGUETE CUERDA P/SALTAR DY REF 3135-6,Gs   39.900,https://www.stock.com.py/images/thumbs/noDefaultImage_stock_500.gif,11/12/24
Unisex,ROMPECABEZAS MEDIOS DE TRANSPORTE PEPI REF 1004,Gs   59.900,https://www.stock.com.py/images/thumbs/noDefaultImage_stock_500.gif,11/12/24
Unisex,ROMPECABEZAS DE 12 PIEZAS SECUENCIA VAMOS A LA ESCUELA PEPI REF 1060,Gs   74.900,https://www.stock.com.py/images/thumbs/noDefaultImage_stock_500.gif,11/12/24
Unisex,JUEGO DE MEMORIA FAMILIA PEPI REF 1280,Gs   49.900,https://www.stock.com.py/images/thumbs/noDefaultImage_stock_500.gif,11/12/24
Unisex,ROMPECABEZAS MIS PRIMERAS PALABRAS PEPI REF 1152,Gs   54.900,https://www.stock.com.py/images/thumbs/noDefaultImage_stock_500.gif,11/12/24
Unisex,DOMINO DE VOCALES S CJA MADERA PEPI,Gs   52.500,https://www.stock.com.py/images/thumbs/noDefaultImage_stock_500.gif,11/12/24
Unisex,ROMPECABEZAS FRUTAS PEPI REF 1003,Gs   59.900,https://www.stock.com.py/images/thumbs/noDefaultImage_stock_500.gif,11/12/24
Unisex,ROMPECABEZAS CONOCIENDO LAS VOCALES PEPI REF 1150,Gs   54.900,https://www.stock.com.py/images/thumbs/noDefaultImage_stock_500.gif,11/12/24
Unisex,JUEGO DE MEMORIA NUMEROS PEPI REF 1203,Gs   54.900,https://www.stock.com.py/images/thumbs/noDefaultImage_stock_500.gif,11/12/24
Unisex,ROMPECABEZAS CONOCIENDO LOS COLORES PEPI REF 1151,Gs   54.900,https://www.stock.com.py/images/thumbs/noDefaultImage_stock_500.gif,11/12/24
Pollos,MOLLEJA DE POLLO CONG 10KG,Gs   19.900,https://www.stock.com.py/images/thumbs/0211603_500.png,11/12/24
Pollos,CROQUETAS D/POLLO C/QUESO PECHUGON 500GR,Gs   21.600,https://www.stock.com.py/images/thumbs/0211602_500.jpeg,11/12/24
Pollos,CORAZON DE POLLO CONG.10KG,Gs   32.500,https://www.stock.com.py/images/thumbs/0211600_500.jpeg,11/12/24
Pollos,MUSLO PECHUGON PAQ INDIV CONG XKL,Gs   13.750,https://www.stock.com.py/images/thumbs/0208350_500.jpeg,11/12/24
Pollos,ALA DE POLLO CONGELADO EN PAQUETE KZERO POR KILO,Gs   20.250,https://www.stock.com.py/images/thumbs/0208187_500.png,11/12/24
Pollos,MUSLO PARRILLERO EN PAQUETE KZERO POR KILO,Gs   19.950,https://www.stock.com.py/images/thumbs/0208186_500.png,11/12/24
Pollos,PECHUGA CON HUESO CONGELADA EN PAQUETE KZERO POR KILO,Gs   17.750,https://www.stock.com.py/images/thumbs/0208185_500.png,11/12/24
Pollos,NUGGETS DE PECHUGA DE POLLO KZERO 800GR,Gs   32.500,https://www.stock.com.py/images/thumbs/0208184_500.jpeg,11/12/24
Pollos,CORAZON DE POLLO FRESCO KZERO 1 KG BANDEJA,Gs   42.350,https://www.stock.com.py/images/thumbs/0207234_500.png,11/12/24
Pollos,PECHUGA PECHUGON PAQ INDIV CONG XKG,Gs   14.900,https://www.stock.com.py/images/thumbs/0207189_500.jpeg,11/12/24
Pollos,MUSLO DE POLLO PARRILLERO FRESCO KZERO EN BANDEJA POR KILO,Gs   27.900,https://www.stock.com.py/images/thumbs/0207005_500.png,11/12/24
Pollos,FILET DE PECHUGA FRESCA KZERO XKG,Gs   34.100,https://www.stock.com.py/images/thumbs/0202033_500.png,11/12/24
Pollos,MUSLO DE POLLO PARRILLERO KZERO FRESCO POR KILO,Gs   23.250,https://www.stock.com.py/images/thumbs/0202032_500.png,11/12/24
Pollos,PECHUGA DE POLLO DESHUESADA SIN PIEL KZERO POR KILO,Gs   34.350,https://www.stock.com.py/images/thumbs/0202031_500.png,11/12/24
Pollos,MUSLITO DE ALA FRESCO KZERO GRANEL X KG .,Gs   30.900,https://www.stock.com.py/images/thumbs/0202030_500.png,11/12/24
Pollos,PECHUGA DE POLLO FRESCA CON HUESO KZERO POR KILO,Gs   20.950,https://www.stock.com.py/images/thumbs/0202029_500.png,11/12/24
Pollos,MUSLO DE POLLO FRESCO KZERO POR KILO,Gs   24.900,https://www.stock.com.py/images/thumbs/0202028_500.png,11/12/24
Pollos,ALA DE POLLO FRESCA KZERO POR KILO,Gs   27.100,https://www.stock.com.py/images/thumbs/0202027_500.png,11/12/24
Pollos,PECHUGA FRESCA CON HUESO KZERO EN BANDEJA,Gs   25.100,https://www.stock.com.py/images/thumbs/0201912_500.jpeg,11/12/24
Pollos,MUSLITO ALA FRESCO KZERO BANDEJA X KG,Gs   37.050,https://www.stock.com.py/images/thumbs/0201910_500.jpeg,11/12/24
Pollos,MOLLEJA FRESCA KZERO 1 KG,Gs   20.550,https://www.stock.com.py/images/thumbs/0201909_500.jpeg,11/12/24
Pollos,ALA DE POLLO FRESCA KZERO BJA,Gs   32.500,https://www.stock.com.py/images/thumbs/0201907_500.jpeg,11/12/24
Pollos,POLLO ENT CONG S/M KZERO KG BSA,Gs   16.900,https://www.stock.com.py/images/thumbs/0201794_500.png,11/12/24
Pollos,POLLO SIN MENUDENCIAS KZERO POR KILO,Gs   18.600,https://www.stock.com.py/images/thumbs/0201793_500.png,11/12/24
Pollos,POLLO FRESCO CON MENUDENCIAS KZERO POR KILO,Gs   14.550,https://www.stock.com.py/images/thumbs/0201792_500.png,11/12/24
Pollos,POLLO CONGELADO KZERO CON M 1 KG,Gs   12.000,https://www.stock.com.py/images/thumbs/0201790_500.png,11/12/24
Pollos,PECHUGA DE POLLO CON HUESO CONGELADO KZERO,Gs   16.200,https://www.stock.com.py/images/thumbs/0201789_500.png,11/12/24
Pollos,MUSLO DE POLLO CON CADERA PARRILLERO CONGELADO KZERO POR KILO,Gs   14.950,https://www.stock.com.py/images/thumbs/0201787_500.png,11/12/24
Colores/ Crayones,LAPICES MAPED 12 TRIANGULAR COLGANTE,Gs   76.300,https://www.stock.com.py/images/thumbs/noDefaultImage_stock_500.gif,11/12/24
Colores/ Crayones,LAPICES TRIANGULARES 24 COLOR TORRE,Gs   44.450,https://www.stock.com.py/images/thumbs/noDefaultImage_stock_500.gif,11/12/24
Colores/ Crayones,LAPICES D/PAPEL HB 2UN H TONE BLIS,Gs   4.350,https://www.stock.com.py/images/thumbs/noDefaultImage_stock_500.gif,11/12/24
Colores/ Crayones,LAPIZ DE COLOR X12PCS 9018,Gs   6.000,https://www.stock.com.py/images/thumbs/noDefaultImage_stock_500.gif,11/12/24
Colores/ Crayones,LAPIZ D/COL VRIOS COL DAYO REF 27222/23/,Gs   11.500,https://www.stock.com.py/images/thumbs/noDefaultImage_stock_500.gif,11/12/24
Colores/ Crayones,LAPIZ D/COL 12U DAYO REF 27215/216,Gs   6.800,https://www.stock.com.py/images/thumbs/noDefaultImage_stock_500.gif,11/12/24
Alimento para Gatos,NUGGETS POLLO GATOS CAST 500GR PRIMOGATO,Gs   21.450,https://www.stock.com.py/images/thumbs/0209862_500.jpeg,11/12/24
Alimento para Gatos,CAT CHOW ADULTOS PURINA SABOR CARNE Y POLLO 1 KG,Gs   42.850,https://www.stock.com.py/images/thumbs/0209860_500.jpeg,11/12/24
Alimento para Gatos,ALIMENTO P/GATOS PEQ/PRIMOGATO 3 KG,Gs   105.800,https://www.stock.com.py/images/thumbs/0208483_500.jpeg,11/12/24
Alimento para Gatos,ALIMENTO P/GATOS S/CAR/POLLO PRIMOGATO3K,Gs   81.850,https://www.stock.com.py/images/thumbs/0208482_500.jpeg,11/12/24
Alimento para Gatos,ALIMENTOS HUMEDOS CAT CHOW ADULTOS PESCADO X 0.85 GR,Gs   7.100,https://www.stock.com.py/images/thumbs/0206355_500.jpeg,11/12/24
Alimento para Gatos,ALIMENTO P/GATO GATI/CAR/POLL PURINA 1KG,Gs   31.250,https://www.stock.com.py/images/thumbs/0206054_500.jpeg,11/12/24
Alimento para Gatos,ALIMENTO P/GATO GATI/PES/SALM PURINA 1KG,Gs   31.250,https://www.stock.com.py/images/thumbs/0206053_500.jpeg,11/12/24
Alimento para Gatos,PRIMOGATO ALIMENTO COMPLETO PARA GATITOS SABOR PAVO Y POLLO 85 GR,Gs   6.700,https://www.stock.com.py/images/thumbs/0205548_500.jpeg,11/12/24
Alimento para Gatos,PRIMOGATO ALIMENTO COMPLETO PARA GATOS ADULTOS SABOR PESCADO 85 GR,Gs   6.700,https://www.stock.com.py/images/thumbs/0205546_500.jpeg,11/12/24
Alimento para Gatos,ALIMENTO P/ GATO ATILA MIX 1KG,Gs   21.150,https://www.stock.com.py/images/thumbs/0205545_500.jpeg,11/12/24
Alimento para Gatos,ALIMENTO P/ GATO PRIMOGATO PREM PATE JUNIOR PAVO Y POLLO 150 GR,Gs   9.100,https://www.stock.com.py/images/thumbs/0205542_500.jpeg,11/12/24
Alimento para Gatos,PURINA CAT CHOW ESTIRILIZADOS ALIMENTO PARA GATOS 3 KG,Gs   120.500,https://www.stock.com.py/images/thumbs/0200925_500.jpeg,11/12/24
Alimento para Gatos,CAT CHOW ADULTOS PURINA SABOR PESCADO Y POLLO 3 KG,Gs   114.100,https://www.stock.com.py/images/thumbs/0200923_500.jpeg,11/12/24
Alimento para Gatos,CAT CHOW ADULTOS PURINA SABOR PESCADO Y POLLO 1 KG,Gs   42.850,https://www.stock.com.py/images/thumbs/0200922_500.jpeg,11/12/24
Alimento para Gatos,PRIMOGATO ALIMENTO ASADO PARA GATOS ADULTOS SABOR CARNE POLLO Y PESCADO 3 KG,Gs   95.200,https://www.stock.com.py/images/thumbs/0200854_500.jpeg,11/12/24
Alimento para Gatos,PRIMOGATO ALIMENTO ASADO PARA GATOS ADULTOS SABOR CARNE POLLO Y PESCADO 1 KG,Gs   39.150,https://www.stock.com.py/images/thumbs/0200849_500.jpeg,11/12/24
Alimento para Gatos,PRIMOGATO ALIMENTO ASADO PARA GATITOS SABOR POLLO Y LECHE 1 KG,Gs   39.150,https://www.stock.com.py/images/thumbs/0200848_500.jpeg,11/12/24
Alimento para Gatos,PRIMOGATO ALIMENTO ASADO PARA GATOS CASTRADOS SABOR POLLO 1 KG,Gs   39.150,https://www.stock.com.py/images/thumbs/0200847_500.jpeg,11/12/24
Alimento para Gatos,PRIMOGATO ALIMENTO ASADO ORIGINAL PARA GATOS ADULTOS SABOR CARNE Y POLLO 1 KG,Gs   31.750,https://www.stock.com.py/images/thumbs/0200846_500.jpeg,11/12/24
Alimento para Gatos,PRONTO CAT COMIDA PARA GATOS CRECIMIENTO Y ADULTOS 500 GR,Gs   11.400,https://www.stock.com.py/images/thumbs/0200005_500.jpeg,11/12/24
Alimento para Gatos,PRONTO CAT COMIDA PARA GATOS CRECIMIENTO Y ADULTOS 2.7 KG,Gs   43.950,https://www.stock.com.py/images/thumbs/0200004_500.jpeg,11/12/24
Alimento para Gatos,ALIMENTO PARA GATOS CASTRADOS SABOR MIX DE CARNES WHISKAS 1KG,Gs   44.650,https://www.stock.com.py/images/thumbs/0199047_500.jpeg,11/12/24
Alimento para Gatos,ALIMENTO PARA GATO MASTER CAT SALMON/SARDINAS PAQUETE 500GR,Gs   22.000,https://www.stock.com.py/images/thumbs/0198035_500.jpeg,11/12/24
Alimento para Gatos,CAT CHOW ESTERILIZADOS PURINA CON SABOR PESCADO Y CARNE 1 KG,Gs   44.250,https://www.stock.com.py/images/thumbs/0197565_500.jpeg,11/12/24
Alimento para Gatos,NUGGETS POL/LCH GATOS ADT 500G PRIMOGATO,Gs   21.450,https://www.stock.com.py/images/thumbs/0194035_500.jpeg,11/12/24
Alimento para Gatos,NUGGETS CARNE/POLLO GATOS 500G PRIMOGATO,Gs   15.150,https://www.stock.com.py/images/thumbs/0194032_500.jpeg,11/12/24
Alimento para Gatos,ALIMENTO PARA GATO ADULTO CRECIMIENTO PRONTO CAT 7KG,Gs   87.800,https://www.stock.com.py/images/thumbs/0188530_500.jpeg,11/12/24
Alimento para Gatos,ALIMENTO PARA GATO ADULTO CRECIMIENTO PRONTO CAT 1KG,Gs   19.400,https://www.stock.com.py/images/thumbs/0188529_500.jpeg,11/12/24
Fijadores,GEL ALGABO FIJADOR EXTRA,Gs   11.050,https://www.stock.com.py/images/thumbs/0211596_500.jpeg,11/12/24
Fijadores,GEL CAPILAR FUERTE FIJACION CAREY 150GR,Gs   11.700,https://www.stock.com.py/images/thumbs/0208424_500.jpeg,11/12/24
Fijadores,GEL CAPILAR ULTRA FUERTE CAREY 150GR,Gs   11.700,https://www.stock.com.py/images/thumbs/0208423_500.jpeg,11/12/24
Fijadores,GEL CAPILAR EFECTO HUMEDO CAREY 150GR,Gs   11.700,https://www.stock.com.py/images/thumbs/0208422_500.jpeg,11/12/24
Fijadores,GEL ALGABO FIJACION FUERTE 150 POMO,Gs   10.650,https://www.stock.com.py/images/thumbs/0204939_500.jpeg,11/12/24
Fijadores,GEL ALGABO EFECTO HUMEDO 150ML POMO,Gs   10.650,https://www.stock.com.py/images/thumbs/0204938_500.jpeg,11/12/24
Fijadores,TRESEMME SPRAY FIJADOR PARA TODO TIPO DE CABELLO 300 ML,Gs   33.150,https://www.stock.com.py/images/thumbs/0201887_500.jpeg,11/12/24
Fijadores,GEL ALGABO EFECTO HUMEDO,Gs   11.500,https://www.stock.com.py/images/thumbs/0144682_500.jpeg,11/12/24
Fijadores,GEL CAPILAR ALGABO FRASCO 150 GR,Gs   11.050,https://www.stock.com.py/images/thumbs/0144671_500.jpeg,11/12/24
Fijadores,GEL CAPILAR ALGABO FRASCO 150 GR,Gs   11.050,https://www.stock.com.py/images/thumbs/0144664_500.jpeg,11/12/24
Fijadores,GEL ALGABO CAP.EFECTO HUMEDO *500,Gs   25.000,https://www.stock.com.py/images/thumbs/noDefaultImage_stock_500.gif,11/12/24
a Granel /al Vacio,PALETA DE CERDO 1KG,Gs   23.450,https://www.stock.com.py/images/thumbs/0208352_500.jpeg,11/12/24
a Granel /al Vacio,COSTILLA DE CERDO ESPECIAL EN BANDEJA POR KILO,Gs   37.500,https://www.stock.com.py/images/thumbs/0207008_500.jpeg,11/12/24
a Granel /al Vacio,CABEZA DE CERDO 1 UN,Gs   39.400,https://www.stock.com.py/images/thumbs/0206976_500.png,11/12/24
a Granel /al Vacio,COSTILLA GRILL CERDO X KG  ,Gs   31.000,https://www.stock.com.py/images/thumbs/0201771_500.jpeg,11/12/24
a Granel /al Vacio,PUCHERO DE CERDO 1 KG x 1,Gs   11.400,https://www.stock.com.py/images/thumbs/0201770_500.jpeg,11/12/24
a Granel /al Vacio,COSTILLA PARRILLERA DE CERDO X KG,Gs   31.750,https://www.stock.com.py/images/thumbs/0194798_500.jpeg,11/12/24
a Granel /al Vacio,PATITA DE CERDO 1 KG,Gs   11.350,https://www.stock.com.py/images/thumbs/0188459_500.jpeg,11/12/24
a Granel /al Vacio,BONDIOLA DE CERDO ENV AL VACIO X KG,Gs   35.750,https://www.stock.com.py/images/thumbs/0167567_500.png,11/12/24
a Granel /al Vacio,LOMITO DE CERDO UPISA ENV,Gs   48.600,https://www.stock.com.py/images/thumbs/0167566_500.jpeg,11/12/24
a Granel /al Vacio,LOMO DE CERDO UPISA ENV,Gs   50.450,https://www.stock.com.py/images/thumbs/0167565_500.jpeg,11/12/24
a Granel /al Vacio,TAPA CUADRIL DE CERDO UPISA ENV,Gs   68.700,https://www.stock.com.py/images/thumbs/0167564_500.png,11/12/24
a Granel /al Vacio,COSTILLA SIN COSTELETA 1KG CERDO,Gs   33.950,https://www.stock.com.py/images/thumbs/0167563_500.png,11/12/24
a Granel /al Vacio,LOMO DE CERDO 1 KG,Gs   40.500,https://www.stock.com.py/images/thumbs/0165281_500.png,11/12/24
a Granel /al Vacio,COSTELETA DE CERDO 1 KG,Gs   26.950,https://www.stock.com.py/images/thumbs/0164291_500.png,11/12/24
a Granel /al Vacio,MATAMBRITO DE CERDO,Gs   45.150,https://www.stock.com.py/images/thumbs/0163759_500.jpeg,11/12/24
a Granel /al Vacio,PIERNA DE CERDO 1 KG,Gs   24.950,https://www.stock.com.py/images/thumbs/0157707_500.jpeg,11/12/24
a Granel /al Vacio,LECHON 1 KG 4 KG A 7 KG,Gs   120.000,https://www.stock.com.py/images/thumbs/noDefaultImage_stock_500.gif,11/12/24
Diet/Bajas Calorias,QUESO CHEDDAR LIGHT PARA SANDWICH POLENGHI 144GR,Gs   19.400,https://www.stock.com.py/images/thumbs/0211508_500.jpeg,11/12/24
Diet/Bajas Calorias,QUESO REQUESON LIGHT POLENGHI 200GR,Gs   21.800,https://www.stock.com.py/images/thumbs/0211502_500.jpeg,11/12/24
Diet/Bajas Calorias,JUGO DE NARANJA BC LA CAMPAGNOLA 200 ML,Gs   3.850,https://www.stock.com.py/images/thumbs/0208233_500.jpeg,11/12/24
Diet/Bajas Calorias,JUGO DE MANZANA BC LA CAMPAGNOLA 200 ML,Gs   3.850,https://www.stock.com.py/images/thumbs/0207309_500.jpeg,11/12/24
Diet/Bajas Calorias,JUGO MULTIFRUTA BC LA CAMPAGNOLA 200 ML,Gs   3.850,https://www.stock.com.py/images/thumbs/0207308_500.jpeg,11/12/24
Diet/Bajas Calorias,HAMBURGUESA LIGHT GUARANI 12 UND,Gs   48.300,https://www.stock.com.py/images/thumbs/0206744_500.jpeg,11/12/24
Diet/Bajas Calorias,HAMBURGUESA LIGHT GUARANI 6 UND,Gs   24.600,https://www.stock.com.py/images/thumbs/0206743_500.jpeg,11/12/24
Diet/Bajas Calorias,EDULCORANTE POLVO HECODULC TRADICIONAL CAJA 100UN,Gs   24.900,https://www.stock.com.py/images/thumbs/0202084_500.jpeg,11/12/24
Diet/Bajas Calorias,EDULCORANTE POLVO HECODULC KAA HEE CAJA 100UN,Gs   38.500,https://www.stock.com.py/images/thumbs/0202082_500.jpeg,11/12/24
Diet/Bajas Calorias,MERMELADA DE CIRUELA LIGHT SABORES DE AREGUA 400G,Gs   14.900,https://www.stock.com.py/images/thumbs/0201729_500.jpeg,11/12/24
Diet/Bajas Calorias,MERMELADA DE DURAZNO LIGHT SABORES DE AREGUA 400G,Gs   14.900,https://www.stock.com.py/images/thumbs/0201728_500.jpeg,11/12/24
Diet/Bajas Calorias,YOGURT DIETETICO TREBOL VAINILLA POTE 350ML,Gs   4.900,https://www.stock.com.py/images/thumbs/0201036_500.png,11/12/24
Diet/Bajas Calorias,YOGURT DIETETICO TREBOL FRUTILLA POTE 350ML,Gs   4.900,https://www.stock.com.py/images/thumbs/0201035_500.png,11/12/24
Diet/Bajas Calorias,YOGURT DIETETICO TREBOL COCO POTE 350ML,Gs   4.900,https://www.stock.com.py/images/thumbs/0201034_500.png,11/12/24
Diet/Bajas Calorias,EDULCORANTE MIX CON STEVIA KADO 250ML,Gs   17.450,https://www.stock.com.py/images/thumbs/0198744_500.jpeg,11/12/24
Diet/Bajas Calorias,EDULCORANTE MIX CON STEVIA KADO 100ML,Gs   10.800,https://www.stock.com.py/images/thumbs/0198743_500.jpeg,11/12/24
Diet/Bajas Calorias,EDULCORANTE CLASICO DULKRE 100 SOBRES,Gs   25.350,https://www.stock.com.py/images/thumbs/0195414_500.jpeg,11/12/24
Diet/Bajas Calorias,EDULCORANTE CLASICO DULKRE 50 SOBRES,Gs   15.100,https://www.stock.com.py/images/thumbs/0195413_500.jpeg,11/12/24
Diet/Bajas Calorias,EDULCORANTE CLASICO DULKRE 500ML,Gs   25.350,https://www.stock.com.py/images/thumbs/0195412_500.jpeg,11/12/24
Diet/Bajas Calorias,EDULCORANTE CLASICO DULKRE 250ML,Gs   15.300,https://www.stock.com.py/images/thumbs/0195411_500.jpeg,11/12/24
Diet/Bajas Calorias,JUGO DE NARANJA DIETETICO 500ML BC CAMPAGNOLA TETRA ,Gs   8.000,https://www.stock.com.py/images/thumbs/0190863_500.jpeg,11/12/24
Diet/Bajas Calorias,JUGO SABOR MANZANA WATT'S LIGHT 1LT,Gs   10.500,https://www.stock.com.py/images/thumbs/0188132_500.jpeg,11/12/24
Diet/Bajas Calorias,JUGO SABOR DURAZNO WATT'S LIGHT 200ML,Gs   4.000,https://www.stock.com.py/images/thumbs/0188131_500.jpeg,11/12/24
Diet/Bajas Calorias,JUGO SABOR DURAZNO WATT'S LIGHT 1LT,Gs   10.500,https://www.stock.com.py/images/thumbs/0188130_500.jpeg,11/12/24
Diet/Bajas Calorias,JUGO SABOR NARANJA WATT'S LIGHT 1LT,Gs   10.500,https://www.stock.com.py/images/thumbs/0188127_500.jpeg,11/12/24
Diet/Bajas Calorias,GELATINA SABOR MANZANA VERDE DIETALAT PARMALAT 180GR,Gs   2.650,https://www.stock.com.py/images/thumbs/0187615_500.jpeg,11/12/24
Diet/Bajas Calorias,LECHE SEMIDESCREMADA LIGHT SACHET SAN LOREN 1LT,Gs   4.850,https://www.stock.com.py/images/thumbs/0187594_500.jpeg,11/12/24
Diet/Bajas Calorias,GELATINA SABOR NARANJA DIETALAT PARMALAT 180GR,Gs   2.650,https://www.stock.com.py/images/thumbs/0187591_500.jpeg,11/12/24
Masitas/Tortas/Facturas,ALFAJOR DUL/D/GUAYABA MAZZEI FROLITA 65G,Gs   3.000,https://www.stock.com.py/images/thumbs/0207415_500.jpeg,11/12/24
Masitas/Tortas/Facturas,MASITAS  FINAS  X KG ,Gs   51.900,https://www.stock.com.py/images/thumbs/0207010_500.jpeg,11/12/24
Masitas/Tortas/Facturas,MAZZEI ALFAJORES RELLENOS DE DULCE DE LECHE 6 UNIDADES 50 GR,Gs   30.000,https://www.stock.com.py/images/thumbs/0203826_500.jpeg,11/12/24
Masitas/Tortas/Facturas,MAZZEI ALFAJORES RELLENO DE DULCE DE LECHE 50 GR,Gs   5.000,https://www.stock.com.py/images/thumbs/0203824_500.jpeg,11/12/24
Masitas/Tortas/Facturas,ALFAJOR ALFABROWNIE TATAKUA 90GR,Gs   15.000,https://www.stock.com.py/images/thumbs/0202617_500.jpeg,11/12/24
Masitas/Tortas/Facturas,TARTA LIMON PIE X KG,Gs   40.500,https://www.stock.com.py/images/thumbs/0202447_500.jpeg,11/12/24
Masitas/Tortas/Facturas,BIZCOCHITOS AZUCARADOS DE HOJALDRE 180GR HOJALMAR PAQ ,Gs   9.750,https://www.stock.com.py/images/thumbs/0202161_500.jpeg,11/12/24
Masitas/Tortas/Facturas,ALFAJOR DE MAIZENA X KL ,Gs   41.500,https://www.stock.com.py/images/thumbs/0159494_500.jpeg,11/12/24
Masitas/Tortas/Facturas,GALLETITAS DE VAINILLA X KL,Gs   34.500,https://www.stock.com.py/images/thumbs/0159343_500.jpeg,11/12/24
Masitas/Tortas/Facturas,ALFAJORES LOEB BANDEJA 6 UN SIN BAÑO,Gs   27.000,https://www.stock.com.py/images/thumbs/0152340_500.jpeg,11/12/24
Masitas/Tortas/Facturas,ALFAJORCITO CROCCANTE MAIZENA 150GR,Gs   16.100,https://www.stock.com.py/images/thumbs/0151591_500.jpeg,11/12/24
Masitas/Tortas/Facturas,ALFAJORCITO CROCCANTE MAIZENA 550GR,Gs   42.450,https://www.stock.com.py/images/thumbs/0151590_500.jpeg,11/12/24
Masitas/Tortas/Facturas,GALLETITA BIANCA VAINILLA X KG GRANEL,Gs   24.900,https://www.stock.com.py/images/thumbs/0139442_500.jpeg,11/12/24
Masitas/Tortas/Facturas,MERENGUES LOEB BANDEJA 1 UN,Gs   21.500,https://www.stock.com.py/images/thumbs/0115090_500.jpeg,11/12/24
Masitas/Tortas/Facturas,PEPITAS LOEB BANDEJA 12 UN,Gs   20.500,https://www.stock.com.py/images/thumbs/noDefaultImage_stock_500.gif,11/12/24
Masitas/Tortas/Facturas,TORTA VALERIA X KILO,Gs   65.000,https://www.stock.com.py/images/thumbs/noDefaultImage_stock_500.gif,11/12/24
Masitas/Tortas/Facturas,GALLETITAS D/HOJALDRE HOJALMAR TRIANG 250GR PAQ,Gs   13.900,https://www.stock.com.py/images/thumbs/noDefaultImage_stock_500.gif,11/12/24
Colores/ Crayones,LAPICES MAPED 12 TRIANGULAR COLGANTE,Gs   76.300,https://www.stock.com.py/images/thumbs/noDefaultImage_stock_500.gif,11/12/24
Colores/ Crayones,LAPICES TRIANGULARES 24 COLOR TORRE,Gs   44.450,https://www.stock.com.py/images/thumbs/noDefaultImage_stock_500.gif,11/12/24
Colores/ Crayones,LAPICES D/PAPEL HB 2UN H TONE BLIS,Gs   4.350,https://www.stock.com.py/images/thumbs/noDefaultImage_stock_500.gif,11/12/24
Colores/ Crayones,LAPIZ DE COLOR X12PCS 9018,Gs   6.000,https://www.stock.com.py/images/thumbs/noDefaultImage_stock_500.gif,11/12/24
Colores/ Crayones,LAPIZ D/COL VRIOS COL DAYO REF 27222/23/,Gs   11.500,https://www.stock.com.py/images/thumbs/noDefaultImage_stock_500.gif,11/12/24
Colores/ Crayones,LAPIZ D/COL 12U DAYO REF 27215/216,Gs   6.800,https://www.stock.com.py/images/thumbs/noDefaultImage_stock_500.gif,11/12/24
Pastas Sin Relleno,DISCOS P/EMPANADAS SEMI HOJALDRADA P/HORNEAR 12UN EDWARD PAQ,Gs   5.650,https://www.stock.com.py/images/thumbs/0212452_500.jpeg,11/12/24
Pastas Sin Relleno,HILDEBRAND DISCOS PARA EMPANADA CHICO PARA FREIR 12 UNIDADES,Gs   2.950,https://www.stock.com.py/images/thumbs/0203806_500.jpeg,11/12/24
Pastas Sin Relleno,ÑOQUIS FRESCOS CON PAPA EN ESCAMAS HILDEBRAND 800GR,Gs   7.250,https://www.stock.com.py/images/thumbs/0201239_500.jpeg,11/12/24
Pastas Sin Relleno,ÑOQUIS FRESCOS HILDEBRAND 1KG,Gs   14.450,https://www.stock.com.py/images/thumbs/0201237_500.jpeg,11/12/24
Pastas Sin Relleno,HILDEBRAND PASTAS FRESCAS TALLARIN CON HUEVO 500 GR,Gs   8.550,https://www.stock.com.py/images/thumbs/0200173_500.jpeg,11/12/24
Pastas Sin Relleno,HILDEBRAND DISCOS PARA EMPANADAS PARA HORNO GRANDE 440 GR 12 UNIDADES,Gs   9.600,https://www.stock.com.py/images/thumbs/0200171_500.jpeg,11/12/24
Pastas Sin Relleno,HILDEBRAND DISCOS PARA EMPANADAS PARA FREIR GRANDE 440 GR 12 UNIDADES,Gs   5.750,https://www.stock.com.py/images/thumbs/0200170_500.jpeg,11/12/24
Pastas Sin Relleno,HILDEBRAND DISCOS PARA EMPANADAS PARA FREIR MEDIANO 320 GR 12 UNIDADES,Gs   4.700,https://www.stock.com.py/images/thumbs/0200169_500.jpeg,11/12/24
Pastas Sin Relleno,FETUCCINI FRESCO CON HUEVO HILDEBRAND 500GR,Gs   8.550,https://www.stock.com.py/images/thumbs/0199035_500.jpeg,11/12/24
Pastas Sin Relleno,ÑOQUIS FRESCOS HILDEBRAND 500GR,Gs   7.250,https://www.stock.com.py/images/thumbs/0199032_500.jpeg,11/12/24
Pastas Sin Relleno,FIDEOS FRESCOS TALLARINES 1KG EDWARD PAQ,Gs   18.400,https://www.stock.com.py/images/thumbs/0192121_500.jpeg,11/12/24
Pastas Sin Relleno,TAGLIATELLE QUIERO MAS 500GR,Gs   9.900,https://www.stock.com.py/images/thumbs/0191939_500.jpeg,11/12/24
Pastas Sin Relleno,FETTUCCINE QUIERO MAS 500GR,Gs   9.900,https://www.stock.com.py/images/thumbs/0191938_500.jpeg,11/12/24
Pastas Sin Relleno,ÑOQUIS QUIERO MAS 1KG,Gs   16.400,https://www.stock.com.py/images/thumbs/0191929_500.jpeg,11/12/24
Pastas Sin Relleno,ÑOQUIS QUIERO MAS 500GR,Gs   8.250,https://www.stock.com.py/images/thumbs/0191928_500.jpeg,11/12/24
Pastas Sin Relleno,ÑOQUIS CON PAPA 1KG EDWARD PAQUETE,Gs   16.500,https://www.stock.com.py/images/thumbs/0158162_500.jpeg,11/12/24
Pastas Sin Relleno,FIDEOS FRESCOS EDWARD 500GR,Gs   9.200,https://www.stock.com.py/images/thumbs/0151031_500.jpeg,11/12/24
Pastas Sin Relleno,ÑOQUIS EDWARD 450 GR,Gs   8.300,https://www.stock.com.py/images/thumbs/0151030_500.jpeg,11/12/24
Pastas Sin Relleno,FIDEOS AL HUEVO STOCK 500 GR,Gs   7.900,https://www.stock.com.py/images/thumbs/0138446_500.jpeg,11/12/24
Repostería/ Pasteleria,LECHE DE COCO 500ML SOCOCO BOT,Gs   28.750,https://www.stock.com.py/images/thumbs/0211735_500.png,11/12/24
Repostería/ Pasteleria,LECHE DE COCO SOCOCO BOTELLA 200 M,Gs   12.250,https://www.stock.com.py/images/thumbs/0211734_500.png,11/12/24
Repostería/ Pasteleria,MIX ENERGET MANI PASAS/ALMEND ZYMA 150GR,Gs   19.500,https://www.stock.com.py/images/thumbs/0207420_500.jpeg,11/12/24
Repostería/ Pasteleria,BICARBONATO DE SODIO ARCO IRIS PAQ 10X50GR ,Gs   2.600,https://www.stock.com.py/images/thumbs/0205013_500.jpeg,11/12/24
Repostería/ Pasteleria,CANELA PAQ. 6 X 100 GR. ARCOIRIS,Gs   16.100,https://www.stock.com.py/images/thumbs/0204557_500.jpeg,11/12/24
Repostería/ Pasteleria,JARABE DE GLUCOSA 250GR COPALSA POTE,Gs   5.600,https://www.stock.com.py/images/thumbs/0204531_500.jpeg,11/12/24
Repostería/ Pasteleria,BAN?O DE REPOSTERIA BLANCO AGUILA 150GR,Gs   12.150,https://www.stock.com.py/images/thumbs/0204409_500.jpeg,11/12/24
Repostería/ Pasteleria,BAN?O DE REPOSTERIA CON LECHE AGUILA 150G,Gs   12.150,https://www.stock.com.py/images/thumbs/0204408_500.jpeg,11/12/24
Repostería/ Pasteleria,CHOCOLATE POLVO 400GR ITAMARATY,Gs   16.250,https://www.stock.com.py/images/thumbs/0204001_500.jpeg,11/12/24
Repostería/ Pasteleria,ESENCIA DE VAINILLA COPALSA 30 CC,Gs   3.600,https://www.stock.com.py/images/thumbs/0203188_500.jpeg,11/12/24
Repostería/ Pasteleria,CARMENCITA TE DE CHIA CON ESPECIAS 10 SAQUITOS 20 GR,Gs   14.300,https://www.stock.com.py/images/thumbs/0202891_500.jpeg,11/12/24
Repostería/ Pasteleria,ARCOR GODET POLVO PARA BIZCOCHUELO SABOR VAINILLA 480 GR,Gs   19.000,https://www.stock.com.py/images/thumbs/0202049_500.jpeg,11/12/24
Repostería/ Pasteleria,ARCOR GODET POLVO PARA BIZCOCHUELO SABOR CHOCOLATE 480 GR,Gs   19.000,https://www.stock.com.py/images/thumbs/0202048_500.jpeg,11/12/24
Repostería/ Pasteleria,ARCOR GODET POLVO PARA BIZCOCHUELO SABOR MARMOLADO 500 GR,Gs   19.000,https://www.stock.com.py/images/thumbs/0202047_500.jpeg,11/12/24
Repostería/ Pasteleria,POLVO P/BROWNI CHOCO 170G GHIRARDI FERRO,Gs   19.800,https://www.stock.com.py/images/thumbs/0200430_500.jpeg,11/12/24
Repostería/ Pasteleria,FRUTOS SECOS DE NUTRINUTS MIX KETO 250GR,Gs   35.500,https://www.stock.com.py/images/thumbs/0200368_500.jpeg,11/12/24
Repostería/ Pasteleria,FRUTOS SECOS COCO RALLADO NUTRINUTS 250GR,Gs   15.300,https://www.stock.com.py/images/thumbs/0200366_500.jpeg,11/12/24
Repostería/ Pasteleria,FRUTOS SECOS NUTRINUTS MIX FIT 250GR,Gs   35.500,https://www.stock.com.py/images/thumbs/0200365_500.jpeg,11/12/24
Repostería/ Pasteleria,ARCOIRIS BICARBONATO DE SODIO 250 GR,Gs   8.250,https://www.stock.com.py/images/thumbs/0200157_500.jpeg,11/12/24
Repostería/ Pasteleria,COPALSA CREMA CHANTILLY EN POLVO LIGHT 200 GR,Gs   15.850,https://www.stock.com.py/images/thumbs/0200019_500.jpeg,11/12/24
Repostería/ Pasteleria,CANELA RUSTICA HIERBAPAR 15GR,Gs   6.500,https://www.stock.com.py/images/thumbs/0198449_500.jpeg,11/12/24
Repostería/ Pasteleria,VAINILLA HIEREBAPAR 50GR,Gs   3.400,https://www.stock.com.py/images/thumbs/0198348_500.jpeg,11/12/24
Repostería/ Pasteleria,CANELA HIERBAPAR 50GR,Gs   4.300,https://www.stock.com.py/images/thumbs/0198347_500.jpeg,11/12/24
Repostería/ Pasteleria,COCO RALLADO HIERBAPAR 100GR,Gs   9.400,https://www.stock.com.py/images/thumbs/0198346_500.jpeg,11/12/24
Repostería/ Pasteleria,COCO RALLADO HIERBAPAR 50GR,Gs   4.800,https://www.stock.com.py/images/thumbs/0198340_500.jpeg,11/12/24
Repostería/ Pasteleria,COCO RALLADO HIERBAPAR 25GR,Gs   3.000,https://www.stock.com.py/images/thumbs/0198339_500.jpeg,11/12/24
Repostería/ Pasteleria,BICARBONATO DE SODIO HIERBAPAR 25GR,Gs   1.700,https://www.stock.com.py/images/thumbs/0198337_500.jpeg,11/12/24
Repostería/ Pasteleria,BICARBONATO DE SODIO HIERBAPAR 15GR,Gs   1.450,https://www.stock.com.py/images/thumbs/0198249_500.jpeg,11/12/24
Arroz,TIO JOAO ARROZ INTEGRAL + ARROZ ROJO Y TOMATE 200 GR,Gs   11.000,https://www.stock.com.py/images/thumbs/0204644_500.jpeg,11/12/24
Arroz,ARROZ INTEGARROZ VEGET200GR TIO JOAO,Gs   11.000,https://www.stock.com.py/images/thumbs/0204643_500.jpeg,11/12/24
Arroz,ARROZ A GRANEL ARROCIN,Gs   4.700,https://www.stock.com.py/images/thumbs/0202418_500.jpeg,11/12/24
Arroz,ARROZ INTEGRAL LARGO FINO TIPO 1 TIO NICO 1KG,Gs   10.350,https://www.stock.com.py/images/thumbs/0198740_500.jpeg,11/12/24
Arroz,SAN GENARO ARROZ 6 SEMILLAS 1 KG,Gs   35.500,https://www.stock.com.py/images/thumbs/0197165_500.jpeg,11/12/24
Arroz,ARROZ GLASE TIPO I 1 KG STOCK PAQ,Gs   7.700,https://www.stock.com.py/images/thumbs/0188027_500.jpeg,11/12/24
Arroz,ARROZ LARGO FINO TIPO I MICKEY 500GR,Gs   5.900,https://www.stock.com.py/images/thumbs/0186549_500.jpeg,11/12/24
Arroz,ARROZ LARGO FINO TIPO I MICKEY 250GR,Gs   3.150,https://www.stock.com.py/images/thumbs/0186548_500.jpeg,11/12/24
Arroz,ARROZ LARGO FINO TIPO I MICKEY 1KG,Gs   11.450,https://www.stock.com.py/images/thumbs/0186547_500.jpeg,11/12/24
Arroz,ARROZ TIO MINGOTE PAQUETE 1 KG,Gs   14.450,https://www.stock.com.py/images/thumbs/0179133_500.jpeg,11/12/24
Arroz,ARROZ PARBOLIZADO 500GR PRIMICIA BSA,Gs   9.300,https://www.stock.com.py/images/thumbs/0173947_500.jpeg,11/12/24
Arroz,ARROZ TIO NICO AZUL 250GR,Gs   2.250,https://www.stock.com.py/images/thumbs/0172687_500.jpeg,11/12/24
Arroz,ARROZ TIO NICO ROJO 250GR,Gs   2.450,https://www.stock.com.py/images/thumbs/0172686_500.jpeg,11/12/24
Arroz,ARROZ TIO NICO BOLSA 500 GR 0000,Gs   4.700,https://www.stock.com.py/images/thumbs/0172685_500.jpeg,11/12/24
Arroz,ARROZ TIO NICO BOLSA 500 GR 0000,Gs   4.450,https://www.stock.com.py/images/thumbs/0172684_500.jpeg,11/12/24
Arroz,ARROZ TIO NICO BOLSA 2 KG.,Gs   16.700,https://www.stock.com.py/images/thumbs/0172683_500.jpeg,11/12/24
Arroz,ARROZ TIO NICO BOLSA 2 KG.,Gs   16.200,https://www.stock.com.py/images/thumbs/0172682_500.jpeg,11/12/24
Arroz,ARROZ TIO NICO BOLSA 5 KG ARROCI,Gs   22.450,https://www.stock.com.py/images/thumbs/0172681_500.jpeg,11/12/24
Arroz,ARROZ TIO NICO BOLSA 5 KG.,Gs   39.550,https://www.stock.com.py/images/thumbs/0172680_500.jpeg,11/12/24
Arroz,ARROZ TIO NICO BOLSA 5 KG 00000,Gs   40.900,https://www.stock.com.py/images/thumbs/0172678_500.jpeg,11/12/24
Arroz,ARROZ TIO NICO BOLSA 1 KG.,Gs   8.550,https://www.stock.com.py/images/thumbs/0172677_500.jpeg,11/12/24
Arroz,ARROZ A GRANEL TIPO III KG,Gs   8.600,https://www.stock.com.py/images/thumbs/0159628_500.jpeg,11/12/24
Arroz,ARROZ SUPREMO BOLSA 1 KG 3,Gs   7.850,https://www.stock.com.py/images/thumbs/0159193_500.jpeg,11/12/24
Arroz,ARROZ CHINES INTEGRAL BOLSA 1KG,Gs   20.100,https://www.stock.com.py/images/thumbs/0156262_500.jpeg,11/12/24
Arroz,ARROZ CHINES LARGO FINO BOLSA 1 KG.,Gs   17.000,https://www.stock.com.py/images/thumbs/0156260_500.jpeg,11/12/24
Arroz,ARROZ BLANCO TIO JOAO LARGO FINO PAQUETE 1KG,Gs   17.900,https://www.stock.com.py/images/thumbs/0154898_500.jpeg,11/12/24
Arroz,ARROZ TIO JOAO INTEGRAL 500 GR.,Gs   8.900,https://www.stock.com.py/images/thumbs/0154891_500.jpeg,11/12/24
Arroz,ARROZ TIO JOAO INTEGRAL 1KG,Gs   17.800,https://www.stock.com.py/images/thumbs/0154890_500.jpeg,11/12/24
Cocina,MICROONDAS DIGITAL 28LT DAYO ,Gs   979.900,https://www.stock.com.py/images/thumbs/0195633_500.jpeg,17/12/24
Cocina,MAQUINA PARA HACER PAN DAYO ,Gs   599.900,https://www.stock.com.py/images/thumbs/0186890_500.jpeg,17/12/24
Cocina,CAFETERA ELECTRICA DOBLE DAYO ,Gs   119.900,https://www.stock.com.py/images/thumbs/0186881_500.jpeg,17/12/24
Cocina,"LICUADORA ELECTRICA DE 1,5 LITROS DAYO",Gs   106.700,https://www.stock.com.py/images/thumbs/0186872_500.jpeg,17/12/24
Cocina,BATIDORA MANUAL C/BOWL DAYO 1529WB,Gs   140.800,https://www.stock.com.py/images/thumbs/0186299_500.png,17/12/24
Cocina,HERVIDORA ELE. 1.8 LTS D/ACERO DAYO REF SM SS180,Gs   52.900,https://www.stock.com.py/images/thumbs/0186293_500.png,17/12/24
Cocina,"HERVIDORA ELECTRICA DAYO 1,7 LITROS",Gs   58.900,https://www.stock.com.py/images/thumbs/0167799_500.jpeg,17/12/24
Cocina,LICUADORA 3VELOCIDADES DAYO CJA/REF YT1841C,Gs   114.900,https://www.stock.com.py/images/thumbs/0167798_500.jpeg,17/12/24
Cocina,MIXER DAYO S/E REF HM518,Gs   77.600,https://www.stock.com.py/images/thumbs/0167771_500.jpeg,17/12/24
Cocina,CAFETERA ELECTRICA DAYO REF CM1231,Gs   144.900,https://www.stock.com.py/images/thumbs/0166002_500.jpeg,17/12/24
Cocina,PLACA A INDUCCION C/OLLA DAYO S/E REF YLA2A,Gs   324.900,https://www.stock.com.py/images/thumbs/0165998_500.jpeg,17/12/24
Cocina,LICUADORA 4VELOCIDADES DAYO CJA/REF YTY46,Gs   126.100,https://www.stock.com.py/images/thumbs/0165990_500.jpeg,17/12/24
Decoración,VELA PALITO BLANCO BLIS 10 UNID CORINTER,Gs   6.100,https://www.stock.com.py/images/thumbs/0212747_500.jpeg,17/12/24
Decoración,VELA BENGALA 2 UNI CORINTER BLIS,Gs   6.400,https://www.stock.com.py/images/thumbs/0212746_500.jpeg,17/12/24
Decoración,VELA  AZUL BLISTER 1 UNID. CORINTER,Gs   6.300,https://www.stock.com.py/images/thumbs/0212719_500.png,17/12/24
Decoración,JUG. NARIZ DE PAYASO 5 UNID,Gs   6.150,https://www.stock.com.py/images/thumbs/0212718_500.png,17/12/24
Decoración,JUG. LENGUA DE SUEGRA 10 UNID,Gs   5.800,https://www.stock.com.py/images/thumbs/0212717_500.jpeg,17/12/24
Decoración,PIÑATA MAXI AZUL 350X1UN PIC PIC BLIS,Gs   20.700,https://www.stock.com.py/images/thumbs/0212716_500.jpeg,17/12/24
Decoración,PAPEL ALUMINIO WYDA 30CM X 7M,Gs   11.100,https://www.stock.com.py/images/thumbs/0207520_500.jpeg,17/12/24
Decoración,PAPEL FILM WYDA 30 METROS,Gs   11.600,https://www.stock.com.py/images/thumbs/0207518_500.jpeg,17/12/24
Decoración,"GLOBO PRO PARTY ROJO 9"" CORINTER 25 UN",Gs   13.800,https://www.stock.com.py/images/thumbs/0206849_500.jpeg,17/12/24
Decoración,"GLOBO PRO PARTY VER/LIM 9"" CORINTER 25UN",Gs   13.800,https://www.stock.com.py/images/thumbs/0206848_500.jpeg,17/12/24
Decoración,"GLOBO PRO PARTY SURT 9"" CORINTER 25 UN",Gs   13.800,https://www.stock.com.py/images/thumbs/0206847_500.jpeg,17/12/24
Decoración,"GLOBO PRO PARTY ROSA 9"" CORINTER 25 UN",Gs   13.800,https://www.stock.com.py/images/thumbs/0206846_500.jpeg,17/12/24
Decoración,"GLOBO PRO PARTY ROS BABY 9"" CORINTER 25U",Gs   13.800,https://www.stock.com.py/images/thumbs/0206845_500.jpeg,17/12/24
Decoración,"GLOBO PRO PARTY NEGRO 9"" CORINTER 25 UN",Gs   13.800,https://www.stock.com.py/images/thumbs/0206844_500.jpeg,17/12/24
Decoración,"GLOBO PRO PARTY NARANJA 9"" CORINTER 25UN",Gs   13.800,https://www.stock.com.py/images/thumbs/0206843_500.jpeg,17/12/24
Decoración,"GLOBO PRO PARTY BLANCO 9"" CORINTER 25 UN",Gs   13.800,https://www.stock.com.py/images/thumbs/0206842_500.jpeg,17/12/24
Decoración,"GLOBO PRO PARTY CELESTE 9"" CORINTER 25UN",Gs   13.800,https://www.stock.com.py/images/thumbs/0206841_500.jpeg,17/12/24
Decoración,"GLOBO PRO PARTY AMAR 9"" CORINTER 25 UN",Gs   13.800,https://www.stock.com.py/images/thumbs/0206840_500.jpeg,17/12/24
Decoración,PIROTINES ROJO P/CUPCAKE CONFESTA 100 UN,Gs   11.600,https://www.stock.com.py/images/thumbs/0206839_500.jpeg,17/12/24
Decoración,PLATO DESCARTABLES TRANSP CORINTER 10 UN,Gs   3.500,https://www.stock.com.py/images/thumbs/0206838_500.jpeg,17/12/24
Decoración,PLATO DESCARTABLES NEGRO CORINTER 10 UN,Gs   3.500,https://www.stock.com.py/images/thumbs/0206837_500.jpeg,17/12/24
Decoración,VELA TUBULAR PLATA CORINTER SIMBOLO,Gs   8.600,https://www.stock.com.py/images/thumbs/0206836_500.jpeg,17/12/24
Decoración,VELA TUBULAR PLATA CORINTER N°0,Gs   8.600,https://www.stock.com.py/images/thumbs/0206835_500.jpeg,17/12/24
Decoración,VELA TUBULAR PLATA CORINTER N°9,Gs   8.600,https://www.stock.com.py/images/thumbs/0206834_500.jpeg,17/12/24
Decoración,VELA TUBULAR PLATA CORINTER N°8,Gs   8.600,https://www.stock.com.py/images/thumbs/0206833_500.jpeg,17/12/24
Decoración,VELA TUBULAR PLATA CORINTER N°7,Gs   8.600,https://www.stock.com.py/images/thumbs/0206832_500.jpeg,17/12/24
Decoración,VELA TUBULAR PLATA CORINTER N°6,Gs   8.600,https://www.stock.com.py/images/thumbs/0206831_500.jpeg,17/12/24
Decoración,VELA TUBULAR PLATA CORINTER N°5,Gs   8.600,https://www.stock.com.py/images/thumbs/0206830_500.jpeg,17/12/24
Inflamables,ALCOHOL GEL PARA QUEMAR MARAVILLA 450 ML,Gs   16.950,https://www.stock.com.py/images/thumbs/0188790_500.jpeg,17/12/24
Inflamables,ALCOHOL DE QUEMAR MARAVILLA 1LT,Gs   16.950,https://www.stock.com.py/images/thumbs/0188789_500.jpeg,17/12/24
Inflamables,DESODORANTE PARA PISO BASE BASE BOTROSA 750 CC,Gs   5.300,https://www.stock.com.py/images/thumbs/0172467_500.jpeg,17/12/24
Inflamables,ALCOHOL DE QUEMAR BASE BASE EP 350 CC,Gs   7.100,https://www.stock.com.py/images/thumbs/0150814_500.jpeg,17/12/24
Inflamables,KEROSENE BASE BASE BOTELLA 750 CC,Gs   20.100,https://www.stock.com.py/images/thumbs/0150785_500.jpeg,17/12/24
Inflamables,ALCOHOL BASE BASE BOTELLA PLA. 1 LITRO,Gs   17.200,https://www.stock.com.py/images/thumbs/0150784_500.jpeg,17/12/24
Inflamables,ALCOHOL DE QUEMAR BASE BASE BOTELLA 500 CC,Gs   9.800,https://www.stock.com.py/images/thumbs/0150783_500.jpeg,17/12/24
Inflamables,KEROSENE BASE BASE BOTELLA 350 CC,Gs   10.200,https://www.stock.com.py/images/thumbs/0150764_500.jpeg,17/12/24
Inflamables,ALCOHOL DE QUEMAR AMITA EP 500,Gs   9.000,https://www.stock.com.py/images/thumbs/0150105_500.jpeg,17/12/24
Inflamables,ALCOHOL DE QUEMAR AMITA EP 1 L,Gs   16.700,https://www.stock.com.py/images/thumbs/0150104_500.jpeg,17/12/24
Mani,MANI GUAZU PAQUETE 250 GR GIGANTE,Gs   15.500,https://www.stock.com.py/images/thumbs/0206940_500.jpeg,17/12/24
Mani,MANI TOSTADO GUAZU SIN SAL GIGANTE PAQUETE 184GR,Gs   10.000,https://www.stock.com.py/images/thumbs/0206939_500.jpeg,17/12/24
Mani,MANI GUAZU PAQUETE 150 GR GIGANTE,Gs   10.000,https://www.stock.com.py/images/thumbs/0206938_500.jpeg,17/12/24
Mani,MANI A GRANEL 1 KG CRUDO ROJO,Gs   14.150,https://www.stock.com.py/images/thumbs/0204303_500.jpeg,17/12/24
Mani,MANI TOSTADO A GRANEL X KG,Gs   15.350,https://www.stock.com.py/images/thumbs/0204301_500.jpeg,17/12/24
Mani,MANI CROCANTE SABOR JAMON MANI KING 80GR,Gs   10.000,https://www.stock.com.py/images/thumbs/0203135_500.jpeg,17/12/24
Mani,MANI CERVECERO LIMON/PIMIENT GRANUTS 40G,Gs   5.900,https://www.stock.com.py/images/thumbs/0203013_500.jpeg,17/12/24
Mani,MANI BRASIL TIPO JAPONES AGTAL 100GR,Gs   5.000,https://www.stock.com.py/images/thumbs/0202736_500.jpeg,17/12/24
Mani,MANI TOSTADO DUL-CESAR 500GR,Gs   17.200,https://www.stock.com.py/images/thumbs/0191953_500.jpeg,17/12/24
Mani,ALIMENTO P/LORO 250GR FOODY PLAS,Gs   13.400,https://www.stock.com.py/images/thumbs/0182399_500.jpeg,17/12/24
Mani,MANI C/CASCARA 300GR FOODY PLAS,Gs   10.550,https://www.stock.com.py/images/thumbs/0174678_500.jpeg,17/12/24
Mani,MANI DORI PAQUETE 100 GR COLORES,Gs   4.650,https://www.stock.com.py/images/thumbs/0169353_500.jpeg,17/12/24
Mani,GARRAPIÑADA DE MANI 150GR DULCESAR PLASTICO,Gs   8.050,https://www.stock.com.py/images/thumbs/0167710_500.png,17/12/24
Mani,MANI PICANTE DULCESAR PAQUETE 170GR,Gs   8.650,https://www.stock.com.py/images/thumbs/0166032_500.jpeg,17/12/24
Mani,MANI PICANTE 100GR MANI 21,Gs   10.050,https://www.stock.com.py/images/thumbs/0165100_500.jpeg,17/12/24
Mani,MANI S/CASCARA 500GR FOODY PLAS,Gs   17.850,https://www.stock.com.py/images/thumbs/0158282_500.jpeg,17/12/24
Mani,ALIMENTO P/CONEJO 1KG FOODY PLAS,Gs   10.850,https://www.stock.com.py/images/thumbs/0153277_500.jpeg,17/12/24
Mani,MANI KUI SIN AZUCAR A GRANEL POR KILO,Gs   15.100,https://www.stock.com.py/images/thumbs/noDefaultImage_stock_500.gif,17/12/24
Primera edad,JUGUETE BOLAS D/GOM DY REF MD103,Gs   34.900,https://www.stock.com.py/images/thumbs/0207587_500.png,17/12/24
Primera edad,DOMINO EN CAJA D/MADERA DIS/GEOMETRICOS PEPI,Gs   48.500,https://www.stock.com.py/images/thumbs/0205628_500.jpeg,17/12/24
Primera edad,JUGUETE TELEF TORTUGA BB CARDOSO CJ 3007,Gs   45.900,https://www.stock.com.py/images/thumbs/noDefaultImage_stock_500.gif,17/12/24
Primera edad,JUGUETE AUTO DINAMICO CARDOSO CJ 3059,Gs   77.900,https://www.stock.com.py/images/thumbs/noDefaultImage_stock_500.gif,17/12/24
Primera edad,JUGUETE CAJA DINAMICA CARDOSO CJ 3056,Gs   99.900,https://www.stock.com.py/images/thumbs/noDefaultImage_stock_500.gif,17/12/24
Primera edad,JUGUETE JGO D/LUZ C/SON DY REF LT8102,Gs   64.900,https://www.stock.com.py/images/thumbs/noDefaultImage_stock_500.gif,17/12/24
Primera edad,JUGUETE SONAJERO D/BEBE DY REF6802B-9,Gs   14.900,https://www.stock.com.py/images/thumbs/noDefaultImage_stock_500.gif,17/12/24
Cremosos,PUDDING SABOR DULCE DE LECHE LACTOLANDA 120gr,Gs   3.000,https://www.stock.com.py/images/thumbs/0186406_500.jpeg,17/12/24
Cremosos,PUDDING SABOR VAINILLA LACTOLANDA 120gr,Gs   3.000,https://www.stock.com.py/images/thumbs/0186405_500.jpeg,17/12/24
Cremosos,PUDDING SABOR CHOCOLATE LACTOLANDA 120gr,Gs   3.000,https://www.stock.com.py/images/thumbs/0186404_500.jpeg,17/12/24
Cremosos,ARROZ CON LECHE DOÑA ANGELA POTE 200 GRAMOS,Gs   4.700,https://www.stock.com.py/images/thumbs/0178587_500.jpeg,17/12/24
Cremosos,ARROZ CON LECHE 200GR LA PRADERA PLAS,Gs   4.650,https://www.stock.com.py/images/thumbs/0173678_500.png,17/12/24
Cremosos,POSTRE CHOCOLATE 120GR LA PRADERA POTE,Gs   3.550,https://www.stock.com.py/images/thumbs/0173676_500.png,17/12/24
Cremosos,POSTRE DULCE DE LECHE 120GR  LA PARDERA POTE ,Gs   3.550,https://www.stock.com.py/images/thumbs/0171856_500.png,17/12/24
Sal,SAL ROSA DEL HIMALAYA ZAELI GRUESA 250 GR,Gs   7.600,https://www.stock.com.py/images/thumbs/0211845_500.png,17/12/24
Sal,SAL ROSA DEL HIMALAYA FINA ZAELI 250GR,Gs   9.300,https://www.stock.com.py/images/thumbs/0211844_500.png,17/12/24
Sal,SAL CONDIMENTADA PRIMICIA *800GR,Gs   7.300,https://www.stock.com.py/images/thumbs/0204514_500.jpeg,17/12/24
Sal,SAL DE MAR GRUESA NUTRISAL 1KG,Gs   11.050,https://www.stock.com.py/images/thumbs/0200442_500.jpeg,17/12/24
Sal,SAL DE MAR FINA NUTRISAL 1KG,Gs   11.050,https://www.stock.com.py/images/thumbs/0200440_500.jpeg,17/12/24
Sal,SAL ENTREFINA YODADA BIANCA 1KL,Gs   4.500,https://www.stock.com.py/images/thumbs/0198639_500.jpeg,17/12/24
Sal,SAL FINA YODADA BIANCA 1KL,Gs   4.100,https://www.stock.com.py/images/thumbs/0198638_500.jpeg,17/12/24
Sal,SAL ENTREFINA YODADA BIANCA 500GR,Gs   1.900,https://www.stock.com.py/images/thumbs/0198637_500.jpeg,17/12/24
Sal,SAL FINA YODADA BIANCA 500GR,Gs   2.100,https://www.stock.com.py/images/thumbs/0198636_500.jpeg,17/12/24
Sal,SAL FINA DEL HIMALAYA LA VICTORIA 500GR,Gs   59.800,https://www.stock.com.py/images/thumbs/0198447_500.jpeg,17/12/24
Sal,CELUSAL DELI GRILL SAL CON HIERBAS Y ESPECIAS 230 GR,Gs   21.250,https://www.stock.com.py/images/thumbs/0196629_500.jpeg,17/12/24
Sal,CELUSAL DELI CRIOLLO SAL CON ESPECIAS 230 GR,Gs   21.250,https://www.stock.com.py/images/thumbs/0196628_500.jpeg,17/12/24
Sal,SAL CONDIMENTADA C/PIMIENTON 400GR ARCOIRIS BSA,Gs   4.600,https://www.stock.com.py/images/thumbs/0196066_500.jpeg,17/12/24
Sal,SAL FINA X 500 GRS POTE ARCOIRIS,Gs   12.750,https://www.stock.com.py/images/thumbs/0192375_500.jpeg,17/12/24
Sal,LA VICTORIA SAL GRILL ENTREFINA YODADA BBQ 550 GR,Gs   28.600,https://www.stock.com.py/images/thumbs/0192366_500.jpeg,17/12/24
Sal,LA VICTORIA SAL GRILL ENTREFINA TRADICIONAL 550 GR,Gs   20.400,https://www.stock.com.py/images/thumbs/0192364_500.jpeg,17/12/24
Sal,LA VICTORIA SAL GRILL ENTREFINA AJO PEPPER 550 GR,Gs   28.600,https://www.stock.com.py/images/thumbs/0192363_500.jpeg,17/12/24
Sal,LA VICTORIA SAL GRILL ENTREFINA YODADA RANCH 550 GR,Gs   28.600,https://www.stock.com.py/images/thumbs/0192362_500.jpeg,17/12/24
Sal,LA VICTORIA SAL GRILL ENTREFINA YODADA TRADICIONAL 550 GR,Gs   34.700,https://www.stock.com.py/images/thumbs/0192361_500.jpeg,17/12/24
Sal,LA VICTORIA SAL GRILL ENTREFINA YODADA BBQ 550 GR,Gs   40.800,https://www.stock.com.py/images/thumbs/0192360_500.jpeg,17/12/24
Sal,LA VICTORIA SAL GRILL ENTREFINA YODADA AJO PEPPER 550 GR,Gs   40.800,https://www.stock.com.py/images/thumbs/0192359_500.jpeg,17/12/24
Sal,LA VICTORIA SAL GRILL ENTREFINA YODADA RANCH 550 GR,Gs   40.800,https://www.stock.com.py/images/thumbs/0192358_500.jpeg,17/12/24
Sal,LA VICTORIA SAL DEL HIMALAYA GRUESA 130 GR,Gs   25.000,https://www.stock.com.py/images/thumbs/0192356_500.jpeg,17/12/24
Sal,PRIMICIA SAL MARINA FINA YODADA 500 GR,Gs   5.050,https://www.stock.com.py/images/thumbs/0191843_500.jpeg,17/12/24
Sal,PRIMICIA SAL MARINA ENTREFINA YODADA 500 GR,Gs   5.050,https://www.stock.com.py/images/thumbs/0191842_500.jpeg,17/12/24
Sal,SAL ENTREFINA MARINA CONDIMENTADA MICKEY 500GR,Gs   7.150,https://www.stock.com.py/images/thumbs/0186727_500.jpeg,17/12/24
Sal,SAL MARINA FINA YODADA CON FINAS HIERBAS MICKEY 500GR,Gs   6.500,https://www.stock.com.py/images/thumbs/0186725_500.jpeg,17/12/24
Sal,SAL FINA YODADA MICKEY 500GR,Gs   3.000,https://www.stock.com.py/images/thumbs/0186722_500.jpeg,17/12/24
Muebles y Seguridad,CAMBIADOR PARA BEBE BABY STAR,Gs   59.500,https://www.stock.com.py/images/thumbs/0203934_500.jpeg,17/12/24
Muebles y Seguridad,BOLSO DE TELA DE MANO BABY STAR,Gs   67.900,https://www.stock.com.py/images/thumbs/noDefaultImage_stock_500.gif,17/12/24
Detergentes,DESODORANTE BACTE C/CITRONELLA 1LT/DETERGENTE 500ML/LAVANDINA 1LT BASE BASE PACK,Gs   19.500,https://www.stock.com.py/images/thumbs/0212750_500.jpeg,17/12/24
Detergentes,DETERGENTE LAVAVAJILLAS LIMN 4LT ACTIVO 100 BID ACTIVO 100                x 1,Gs   39.500,https://www.stock.com.py/images/thumbs/0211474_500.jpeg,17/12/24
Detergentes,DETERGENTE LAVAVAJILLAS GLICERINA 500 ML ACTIVO 100 ,Gs   5.600,https://www.stock.com.py/images/thumbs/0211473_500.jpeg,17/12/24
Detergentes,DETERGENTE ACTIVO 100 ALOE VERA 500ML,Gs   5.600,https://www.stock.com.py/images/thumbs/0211472_500.jpeg,17/12/24
Detergentes,DETERGENTE ACTIVO 100 LIMON 500ML,Gs   5.600,https://www.stock.com.py/images/thumbs/0211471_500.jpeg,17/12/24
Detergentes,DETERGENTE ALOE VERA ACTIVO 100 750ML,Gs   7.650,https://www.stock.com.py/images/thumbs/0211470_500.jpeg,17/12/24
Detergentes,DETERGENTE CON GLICERINA ACTIVO 100 750ML,Gs   7.650,https://www.stock.com.py/images/thumbs/0211469_500.jpeg,17/12/24
Detergentes,DETERGENTE LIMON ACTIVO 100 750ML,Gs   7.650,https://www.stock.com.py/images/thumbs/0211468_500.jpeg,17/12/24
Detergentes,PACK LAVAMIL DET+LAV+SUAV 500ML LAVA 100,Gs   9.950,https://www.stock.com.py/images/thumbs/0209352_500.jpeg,17/12/24
Detergentes,DETERGENTE LIMON CIF BIOACTIVE 500 ML,Gs   13.150,https://www.stock.com.py/images/thumbs/0207096_500.jpeg,17/12/24
Detergentes,DETERGENTE LAVAVAJILLAS GLICERINA  4LT ACTIVO 100 BID ACTIVO 100                x 1,Gs   39.500,https://www.stock.com.py/images/thumbs/0201829_500.jpeg,17/12/24
Detergentes,DETERGENTE LAVAVAJILLAS ALOE VERA 4LT ACTIVO 100 BID ACTIVO 100                x 1,Gs   39.500,https://www.stock.com.py/images/thumbs/0201828_500.jpeg,17/12/24
Detergentes,DETERGENTE CONCENT LIMON INCABRIL ULTRA 800ML BOT,Gs   9.500,https://www.stock.com.py/images/thumbs/0201298_500.jpeg,17/12/24
Detergentes,DESODORANTE D/AMBIENTE FLOR D/COCO 950ML PINO LECHE PLA,Gs   6.600,https://www.stock.com.py/images/thumbs/0201084_500.jpeg,17/12/24
Detergentes,POLVO LAVAVAJILLAS CERO ESPUMA 750GR ZITRON ,Gs   52.500,https://www.stock.com.py/images/thumbs/0201077_500.jpeg,17/12/24
Detergentes,DETERGENTE ZITRON LAVA VAJILLAS 480ML,Gs   4.900,https://www.stock.com.py/images/thumbs/0201050_500.jpeg,17/12/24
Detergentes,DETERGENTE LIQUIDO PARA ROPAS LAVA 1000 1L,Gs   13.450,https://www.stock.com.py/images/thumbs/0192332_500.jpeg,17/12/24
Detergentes,DETERGENTE NEUTRO 500ML LAVA1000 PLUS PET ,Gs   4.250,https://www.stock.com.py/images/thumbs/0192331_500.jpeg,17/12/24
Detergentes,INCABRIL LIMON DETERGENTE LAVAVAJILLAS 3L,Gs   20.950,https://www.stock.com.py/images/thumbs/0191817_500.jpeg,17/12/24
Detergentes,DETERGENTE LAVAVAJILLAS MANZANA 3LT INCABRIL BDN,Gs   20.950,https://www.stock.com.py/images/thumbs/0191816_500.jpeg,17/12/24
Detergentes,DETERGENTE CONCENT POMELO INCABRIL ULTRA 800ML BOT,Gs   9.500,https://www.stock.com.py/images/thumbs/0191814_500.jpeg,17/12/24
Detergentes,DETERGENTE LIMON 500ML LAVA1000 PLUS PET ,Gs   4.250,https://www.stock.com.py/images/thumbs/0176716_500.jpeg,17/12/24
Detergentes,DETERGENTE MANZANA 500ML LAVA1000 PLUS PET ,Gs   4.250,https://www.stock.com.py/images/thumbs/0176715_500.jpeg,17/12/24
Detergentes,LIMPIADOR MULT CITRONELLA 900 ML INCABRIL BOT ,Gs   7.900,https://www.stock.com.py/images/thumbs/0176643_500.jpeg,17/12/24
Detergentes,DESODORANTE D/AMBIENTES CITRONELLA 1LT AMITA PLA,Gs   5.900,https://www.stock.com.py/images/thumbs/0172915_500.jpeg,17/12/24
Detergentes,DESODORANTE BACTERICIDA CITRONELLA 900ML BASE BASE BOT,Gs   9.850,https://www.stock.com.py/images/thumbs/0172484_500.jpeg,17/12/24
Detergentes,DETERGENTE CONCENTRADO LIMON 1LT LAVA 1000 PLUS PET,Gs   8.350,https://www.stock.com.py/images/thumbs/0167782_500.jpeg,17/12/24
Detergentes,DETERGENTE CONCENTRADO NEUTRO 1LT LAVA 1000 PLUS PET,Gs   8.350,https://www.stock.com.py/images/thumbs/0167781_500.jpeg,17/12/24
Cremosos/Cuartirolo,QUESO CREAM CHEESE LIGTH 300GR POLENGHI PLAS,Gs   37.750,https://www.stock.com.py/images/thumbs/0212350_500.jpeg,17/12/24
Cremosos/Cuartirolo,QUESO CREAM CHEESE TRADICIONAL POLENGHI 300GR,Gs   34.350,https://www.stock.com.py/images/thumbs/0212349_500.jpeg,17/12/24
Cremosos/Cuartirolo,QUESO CUARTIROLO ILOLAY 1,Gs   77.300,https://www.stock.com.py/images/thumbs/0211543_500.jpeg,17/12/24
Cremosos/Cuartirolo,QUESO DANBO SIN LACTOSA LACTOLANDA xKG,Gs   72.950,https://www.stock.com.py/images/thumbs/0186410_500.jpeg,17/12/24
Cremosos/Cuartirolo,QUESO CREMOSO TRADICIONAL HORMA LA PAULINA XKG,Gs   64.100,https://www.stock.com.py/images/thumbs/0173592_500.jpeg,17/12/24
Cremosos/Cuartirolo,QUESO LACTOLANDA 1 KG CUARTIROLO,Gs   61.700,https://www.stock.com.py/images/thumbs/0161582_500.jpeg,17/12/24
Cremosos/Cuartirolo,QUESO FUNDIDO SABOR OREGANO 200GR LACTOLANDA POT,Gs   12.050,https://www.stock.com.py/images/thumbs/0161580_500.png,17/12/24
Cremosos/Cuartirolo,QUESO FUNDIDO SABOR SALAME 200GR LACTOLANDA POT,Gs   12.050,https://www.stock.com.py/images/thumbs/0161579_500.png,17/12/24
Cremosos/Cuartirolo,QUESO FUNDIDO SABOR JAMON 200GR LACTOLANDA POT,Gs   12.050,https://www.stock.com.py/images/thumbs/0161578_500.png,17/12/24
Cremosos/Cuartirolo,QUESO FUNDIDO TREBOL POTE 200 G,Gs   12.050,https://www.stock.com.py/images/thumbs/0148488_500.jpeg,17/12/24
Cremosos/Cuartirolo,QUESO CUARTIROLO LA PRADERA PIEZAS,Gs   62.050,https://www.stock.com.py/images/thumbs/0138626_500.jpeg,17/12/24
Grasas/Pates,PATE D/POLLO OCHSI XKG ENV,Gs   46.900,https://www.stock.com.py/images/thumbs/0207019_500.jpeg,17/12/24
Grasas/Pates,GRASA DE CERDO OCHSI 1 KG,Gs   49.900,https://www.stock.com.py/images/thumbs/0157733_500.jpeg,17/12/24
Grasas/Pates,MINI PATE DE HIGADO ESP X KG,Gs   46.900,https://www.stock.com.py/images/thumbs/0139437_500.jpeg,17/12/24
Grasas/Pates,PATE CHORTI PAQUETE 1 KG DE HIGADO,Gs   39.900,https://www.stock.com.py/images/thumbs/0138731_500.jpeg,17/12/24
Grasas/Pates,PATE UPISA 1 KG DE HIGADO,Gs   42.200,https://www.stock.com.py/images/thumbs/0138652_500.jpeg,17/12/24
Grasas/Pates,PATE DE HIGADO OCHSI GRA 1 KG,Gs   46.900,https://www.stock.com.py/images/thumbs/0138503_500.jpeg,17/12/24
Acces. Acero Inox.,MOLDE TRAMONTINA PARA PIZZA TEFL 20058/30 TF,Gs   56.400,https://www.stock.com.py/images/thumbs/0193119_500.jpeg,17/12/24
Acces. Acero Inox.,FORMA TRAMONTINA PARA TARTA 2126/24 TF,Gs   39.100,https://www.stock.com.py/images/thumbs/0193108_500.jpeg,17/12/24
Acces. Acero Inox.,TRAMONTINA CACEROLA CON MANGO LORETO N°16,Gs   128.700,https://www.stock.com.py/images/thumbs/0183009_500.jpeg,17/12/24
Acces. Acero Inox.,TRAMONTINA CACEROLA CON ASA LORETO N°20,Gs   190.400,https://www.stock.com.py/images/thumbs/0183008_500.jpeg,17/12/24
Acces. Acero Inox.,AFILADOR D/CUCHILLO S/E DAYO REF KN14805A ,Gs   12.100,https://www.stock.com.py/images/thumbs/0182792_500.jpeg,17/12/24
Acces. Acero Inox.,OLLA DE ALUMINIO NRO 24 IPACARAI BLIS,Gs   88.000,https://www.stock.com.py/images/thumbs/0181546_500.jpeg,17/12/24
Acces. Acero Inox.,AFILADOR D/CUCHILLO S/E DAYO REF KN14815 ,Gs   14.100,https://www.stock.com.py/images/thumbs/0181515_500.jpeg,17/12/24
Acces. Acero Inox.,OLLA ALUMINIO ALTA N 22 REF. IA10 IPACARAI BLIS,Gs   79.100,https://www.stock.com.py/images/thumbs/noDefaultImage_stock_500.gif,17/12/24
Rodados,ESTACIONAMIENTOC/AUTO/AVION/ BUS MK-1914,Gs   79.900,https://www.stock.com.py/images/thumbs/0209591_500.jpeg,17/12/24
Rodados,JUGUETE AUTO A FRICC DY REF SH-A8,Gs   12.900,https://www.stock.com.py/images/thumbs/0207600_500.png,17/12/24
Rodados,JUGUETE CAMIONETA DY,Gs   49.900,https://www.stock.com.py/images/thumbs/0207590_500.png,17/12/24
Rodados,AUTOS D/ CARRERA BOLSA MK REF MKI347372 ,Gs   1.100,https://www.stock.com.py/images/thumbs/0170550_500.png,17/12/24
Rodados,JUGUETE CAMION CJA MK REF MKL077189,Gs   69.900,https://www.stock.com.py/images/thumbs/noDefaultImage_stock_500.gif,17/12/24
Rodados,JUGUETE TACTOR D/CONST BOL MKM644800,Gs   69.900,https://www.stock.com.py/images/thumbs/noDefaultImage_stock_500.gif,17/12/24
Rodados,JUGUETE CAMION CJA MK MKO196706,Gs   79.900,https://www.stock.com.py/images/thumbs/noDefaultImage_stock_500.gif,17/12/24
Rodados,JUGUETE COHETE DY C/ACCESORIOS,Gs   94.900,https://www.stock.com.py/images/thumbs/noDefaultImage_stock_500.gif,17/12/24
Rodados,JUGUETE AUTO DY E/CAJA,Gs   44.900,https://www.stock.com.py/images/thumbs/noDefaultImage_stock_500.gif,17/12/24
Rodados,JUGUETE CAMION DY DE CONSTRUCCION,Gs   38.900,https://www.stock.com.py/images/thumbs/noDefaultImage_stock_500.gif,17/12/24
Rodados,JUGUETE CAMION DY REF 779-1,Gs   69.900,https://www.stock.com.py/images/thumbs/noDefaultImage_stock_500.gif,17/12/24
Rodados,JUGUETE CAMION DY REF 6589,Gs   79.900,https://www.stock.com.py/images/thumbs/noDefaultImage_stock_500.gif,17/12/24
Rodados,JUGUETE EXCAVADORA DY REF 6010-2,Gs   49.900,https://www.stock.com.py/images/thumbs/noDefaultImage_stock_500.gif,17/12/24
Rodados,JUGUETE AUTO  E/BLIST DY REF 3812,Gs   44.900,https://www.stock.com.py/images/thumbs/noDefaultImage_stock_500.gif,17/12/24
Rodados,JUGUETE CAMION MILITAR DY REF 364D-4,Gs   99.900,https://www.stock.com.py/images/thumbs/noDefaultImage_stock_500.gif,17/12/24
Rodados,JUGUETE AUTO D/GRANJA DY REF 890B-2,Gs   119.900,https://www.stock.com.py/images/thumbs/noDefaultImage_stock_500.gif,17/12/24
Rodados,JUGUETE REMOLCADOR D/LANCHA DY REF2072,Gs   29.900,https://www.stock.com.py/images/thumbs/noDefaultImage_stock_500.gif,17/12/24
Rodados,JUGUETE AUTO TODOTERRENO DY REF. 189-54B,Gs   31.900,https://www.stock.com.py/images/thumbs/noDefaultImage_stock_500.gif,17/12/24
Rodados,JUGUETE VEHICULO T/TERRENO DY REF198-2HJ,Gs   40.500,https://www.stock.com.py/images/thumbs/noDefaultImage_stock_500.gif,17/12/24
Rodados,JUGUETE AUTO CARRERA A CONTROL DY REF41B,Gs   164.900,https://www.stock.com.py/images/thumbs/noDefaultImage_stock_500.gif,17/12/24
Rodados,JUGUETE AUTO TODO TERRENO DY REF69-001,Gs   59.900,https://www.stock.com.py/images/thumbs/noDefaultImage_stock_500.gif,17/12/24
Rodados,JUGUETE CAMION CONTENEDOR DY REF133-48,Gs   69.900,https://www.stock.com.py/images/thumbs/noDefaultImage_stock_500.gif,17/12/24
Rodados,JUGUETE SET6 AUTOS D/CARRERA DY REF6663,Gs   24.900,https://www.stock.com.py/images/thumbs/noDefaultImage_stock_500.gif,17/12/24
Rodados,JUGUETE JGO CAMION + TUMBA DY REF,Gs   34.900,https://www.stock.com.py/images/thumbs/noDefaultImage_stock_500.gif,17/12/24
Rodados,JUGUETE AUTO D/CARRERA A CONTROL DY,Gs   64.900,https://www.stock.com.py/images/thumbs/noDefaultImage_stock_500.gif,17/12/24
Rodados,JUGUETE AUTO PICK-UP POLICIA DY,Gs   24.900,https://www.stock.com.py/images/thumbs/noDefaultImage_stock_500.gif,17/12/24
Rodados,JUGUETE CAMIONETA DY,Gs   24.900,https://www.stock.com.py/images/thumbs/noDefaultImage_stock_500.gif,17/12/24
Rodados,JUGUETE PISTOLA C/ BALA DY MKR786509,Gs   54.900,https://www.stock.com.py/images/thumbs/noDefaultImage_stock_500.gif,17/12/24
Desodorantes,LIMPIADOR DESINFE.LIQ ALEG.900 ML POETT,Gs   13.900,https://www.stock.com.py/images/thumbs/0212770_500.jpeg,17/12/24
Desodorantes,LIMPIADOR DESINF LIQ ALEG.1.8LT POETT,Gs   25.900,https://www.stock.com.py/images/thumbs/0212769_500.jpeg,17/12/24
Desodorantes,"GLADE CAMPOS DE LAVANDA AROMATIZANTE DE AMBIENTES EN AEROSOL FRAGANCIA CON ACEITES ESENCIALES 361,2 GR",Gs   18.900,https://www.stock.com.py/images/thumbs/0212515_500.jpeg,17/12/24
Desodorantes,GLADE DESODORANTE DE AMBIENTES PARAISO AZUL 360 ML,Gs   18.900,https://www.stock.com.py/images/thumbs/0212514_500.jpeg,17/12/24
Desodorantes,GLADE DESODORANTE DE AMBIENTES LIMON REFRESCANTE 360 ML,Gs   18.900,https://www.stock.com.py/images/thumbs/0212513_500.jpeg,17/12/24
Desodorantes,GLADE DESODORANTE DE AMBIENTES CAMPOS DE LAVANDA 360 ML,Gs   18.900,https://www.stock.com.py/images/thumbs/0212512_500.jpeg,17/12/24
Desodorantes,AROMATIZANTE/AMB/FLOR/TROP/COCO GLADE36M,Gs   18.900,https://www.stock.com.py/images/thumbs/0212511_500.jpeg,17/12/24
Desodorantes,GLADE DESODORANTE DE AMBIENTES PLACER FLORAL Y FRUTOS ROJOS 360 ML,Gs   18.900,https://www.stock.com.py/images/thumbs/0212510_500.jpeg,17/12/24
Desodorantes,GLADE DESODORANTE DE AMBIENTES ENCANTO DE VAINILLA 360 ML,Gs   18.900,https://www.stock.com.py/images/thumbs/0212509_500.jpeg,17/12/24
Desodorantes,GLADE DESODORANTE DE AMBIENTE CAMPOS DE LAVANDA REPUESTO 9 GR 2 UNIDADES,Gs   37.550,https://www.stock.com.py/images/thumbs/0212503_500.jpeg,17/12/24
Desodorantes,GLADE DESODORANTE DE AMBIENTES LAVANDA & VAINILLA 175 GR REPUESTO,Gs   46.950,https://www.stock.com.py/images/thumbs/0212499_500.jpeg,17/12/24
Desodorantes,GLADE DESODORANTE DE AMBIENTES HAWAIIAN BREEZE 175 GR REPUESTO,Gs   46.950,https://www.stock.com.py/images/thumbs/0212498_500.jpeg,17/12/24
Desodorantes,GLADE DESODORANTE DE AMBIENTES LAVANDA & VAINILLA 110 GR REPUESTO,Gs   35.800,https://www.stock.com.py/images/thumbs/0212495_500.jpeg,17/12/24
Desodorantes,GLADE DESODORANTE DE AMBIENTES LIMON REFRESCANTE 110 GR REPUESTO,Gs   35.800,https://www.stock.com.py/images/thumbs/0212494_500.jpeg,17/12/24
Desodorantes,LIMPIADOR GLADE ADHESIVO LAVANDA 8.2GR DOYPACK,Gs   4.800,https://www.stock.com.py/images/thumbs/0212478_500.jpeg,17/12/24
Desodorantes,PATO PURIFIC DISCO ADHESIVO MARINA 12 GR + APLICADOR,Gs   19.900,https://www.stock.com.py/images/thumbs/0212477_500.jpeg,17/12/24
Desodorantes,AROMATIZANTE EN GEL PLACER FLORAL 70GR LATA,Gs   13.900,https://www.stock.com.py/images/thumbs/0212476_500.jpeg,17/12/24
Desodorantes,DESINFECTANTE ORIGINAL 285CM LYSOFORM AER,Gs   22.900,https://www.stock.com.py/images/thumbs/0212475_500.jpeg,17/12/24
Desodorantes,DESINFECTANTE LAVANDA 360G LYSOFORM AER,Gs   34.000,https://www.stock.com.py/images/thumbs/0212474_500.jpeg,17/12/24
Desodorantes,LIMPIADOR INODPATO PURIFGEL FLORAL 500ML,Gs   37.500,https://www.stock.com.py/images/thumbs/0212473_500.jpeg,17/12/24
Desodorantes,PATO PURIFIC DISCO ADHESIVO REPUESTO FLORAL 38 GR,Gs   23.900,https://www.stock.com.py/images/thumbs/0212448_500.jpeg,17/12/24
Desodorantes,PATO PURIFIC DISCO ADHESIVO REPUESTO MARINA 38 GR + APLICADOR,Gs   29.900,https://www.stock.com.py/images/thumbs/0212447_500.jpeg,17/12/24
Desodorantes,AROMATIZANTE MINIGEL DE LIMON 70GR GLADE POTE ,Gs   13.900,https://www.stock.com.py/images/thumbs/0212446_500.jpeg,17/12/24
Desodorantes,AROMATIZANTE MINIGEL CAMPOS DE LAVANDA 70GR GLADE POTE ,Gs   13.900,https://www.stock.com.py/images/thumbs/0212445_500.jpeg,17/12/24
Desodorantes,DESINFECTANTE D/ AMBIENTE AIRE DE MONTAÑA 360ML LYSOFORM AER ,Gs   29.900,https://www.stock.com.py/images/thumbs/0212438_500.jpeg,17/12/24
Desodorantes,DESINFECTANTE D/ AMBIENTE FLORAL 360ML LYSOFORM AER ,Gs   28.150,https://www.stock.com.py/images/thumbs/0212437_500.jpeg,17/12/24
Desodorantes,DESINFECTANTE D/ AMBIENTE BEBE 360ML LYSOFORM AER.,Gs   29.900,https://www.stock.com.py/images/thumbs/0212436_500.jpeg,17/12/24
Desodorantes,DESINFECTANTE D/ AMBIENTE LAVANDA 360ML LYSOFORM AER ,Gs   29.900,https://www.stock.com.py/images/thumbs/0212435_500.jpeg,17/12/24
Cuadernos,CUADERNO UNIV NARANJA 1R 96HOJAS T/DURA ÑANDUTI BLIS,Gs   24.850,https://www.stock.com.py/images/thumbs/0208029_500.jpeg,17/12/24
Cuadernos,CUADERNO UNIV AZUL 1R 96HOJAS T/DURA ÑANDUTI S/E,Gs   24.850,https://www.stock.com.py/images/thumbs/0208028_500.jpeg,17/12/24
Cuadernos,CUADERNO 2R COLOR NARANJA 96 HJS ALAMO,Gs   11.100,https://www.stock.com.py/images/thumbs/0208014_500.jpeg,17/12/24
Cuadernos,CUAD UNIV CUADRIC CON CORDON  96HJ ALAMO,Gs   32.700,https://www.stock.com.py/images/thumbs/0207933_500.jpeg,17/12/24
Cuadernos,CUAD UNIV CUADRIC COLOR VERDE 178H ALAMO,Gs   19.200,https://www.stock.com.py/images/thumbs/0207913_500.jpeg,17/12/24
Cuadernos,CUADERNO 2R COLOR VERDE 96 HOJAS ALAMO,Gs   11.100,https://www.stock.com.py/images/thumbs/0207895_500.jpeg,17/12/24
Cuadernos,CUADERNO 1RAYA COLOR ROJO  96HJS ALAMO,Gs   11.100,https://www.stock.com.py/images/thumbs/0207885_500.jpeg,17/12/24
Cuadernos,CUADERNO 2R COLOR VIOLETA 48HJS ALAMO,Gs   6.800,https://www.stock.com.py/images/thumbs/0207879_500.jpeg,17/12/24
Cuadernos,CUADERNO 1R VERDE LIMON 48HJS ALAMO,Gs   6.800,https://www.stock.com.py/images/thumbs/0207873_500.jpeg,17/12/24
Cuadernos,CUAD UNIV CUADRIC COLOR NEGRO 96H ALAMO,Gs   21.000,https://www.stock.com.py/images/thumbs/0207863_500.jpeg,17/12/24
Cuadernos,CUAD UNIV CUADRI COLOR VIOLETA 96H ALAMO,Gs   21.000,https://www.stock.com.py/images/thumbs/0207859_500.jpeg,17/12/24
Cuadernos,CUADER UNIV CUADRIC COL/NAR 96HJS ALAMO,Gs   21.000,https://www.stock.com.py/images/thumbs/0207855_500.jpeg,17/12/24
Cuadernos,CUADER UNIVER 48HJS 1R COL/TURQUE ALAMO,Gs   15.100,https://www.stock.com.py/images/thumbs/0207831_500.jpeg,17/12/24
Cuadernos,CUAD UNIV 1R COLOR ROJO 48 HOJAS ALAMO,Gs   15.100,https://www.stock.com.py/images/thumbs/0207824_500.jpeg,17/12/24
Cuadernos,ALAMO CUADERNO ESCOLAR TAPA DURA ARA?A 48 HOJAS 1 RAYA AZUL,Gs   7.350,https://www.stock.com.py/images/thumbs/0207789_500.jpeg,17/12/24
Cuadernos,ALAMO CUADERNO ESCOLAR TAPA DURA ARA?A 48 HOJAS 1 RAYA VERDE,Gs   7.350,https://www.stock.com.py/images/thumbs/0207788_500.jpeg,17/12/24
Cuadernos,ALAMO CUADERNO ESCOLAR TAPA DURA ARA?A 48 HOJAS 1 RAYA NARANJA,Gs   7.350,https://www.stock.com.py/images/thumbs/0207787_500.jpeg,17/12/24
Cuadernos,ALAMO CUADERNO UNIVERSITARIO 48 HOJAS 1 RAYA NEGRO,Gs   15.100,https://www.stock.com.py/images/thumbs/0207785_500.jpeg,17/12/24
Cuadernos,TORRE CUADERNO UNIVERSITARIO PARA ZURDOS 96 HOJAS 1 RAYA,Gs   23.750,https://www.stock.com.py/images/thumbs/0203678_500.jpeg,17/12/24
Cuadernos,MAXIMA CUADERNO ESCOLAR TAPA DURA 96 HOJAS 2 RAYAS,Gs   25.100,https://www.stock.com.py/images/thumbs/0192034_500.jpeg,17/12/24
Cuadernos,MAXIMA CUADERNO ESCOLAR TAPA DURA 48 HOJAS 2 RAYAS,Gs   17.300,https://www.stock.com.py/images/thumbs/0192031_500.jpeg,17/12/24
Cuadernos,CUADERNO UNIVERSITARIO 96HOJAS PREMIUN TORRE X UN ,Gs   23.750,https://www.stock.com.py/images/thumbs/0184327_500.jpeg,17/12/24
Cuadernos,CUADERNO UNIVERSITARIO 96HOJAS PREMIUN TORRE X UN,Gs   23.750,https://www.stock.com.py/images/thumbs/0184326_500.jpeg,17/12/24
Cuadernos,CUADERNO TAPA DURA ARAÑA 96H 2RAY VERDE,Gs   11.400,https://www.stock.com.py/images/thumbs/0151455_500.jpeg,17/12/24
Cuadernos,CUADERNO TAPA DURA ARAÑA 48H 2RAY VERDE,Gs   7.100,https://www.stock.com.py/images/thumbs/0151440_500.jpeg,17/12/24
Cuadernos,CUADERNO TAPA DURA ARAÑA 48H 2RAY,Gs   7.100,https://www.stock.com.py/images/thumbs/0151438_500.jpeg,17/12/24
Cuadernos,CUADERNO TAPA DURA ARAÑA 48H 1RAY VERDE,Gs   7.100,https://www.stock.com.py/images/thumbs/0151434_500.jpeg,17/12/24
Cuadernos,"CUAD UNIV ""AVON"" TD ARAÑA ROJOCUADRIC 96H",Gs   24.300,https://www.stock.com.py/images/thumbs/noDefaultImage_stock_500.gif,17/12/24
Protectores,PROTECTORES DIARIOS LARGOS NOSOTRAS 50UN,Gs   32.550,https://www.stock.com.py/images/thumbs/0212377_500.jpeg,17/12/24
Protectores,PROTECTORES DIARIOS LARGOS NOSOTRAS 15UN,Gs   13.000,https://www.stock.com.py/images/thumbs/0212376_500.jpeg,17/12/24
Protectores,PROTECTORES DIARIOS NORMAL NOSOTRAS100UN,Gs   48.100,https://www.stock.com.py/images/thumbs/0212375_500.jpeg,17/12/24
Protectores,PROTECTOR DIARIO NORMAL NOSOTRAS 15UNID,Gs   6.850,https://www.stock.com.py/images/thumbs/0212371_500.jpeg,17/12/24
Protectores,PROTECTOR DIARIO NORMAL NOSOTRAS 30UNID,Gs   16.400,https://www.stock.com.py/images/thumbs/0212368_500.jpeg,17/12/24
Protectores,PROTECTORES DE LACTANCIA NOSOTRAS 12UNID,Gs   24.250,https://www.stock.com.py/images/thumbs/0212366_500.jpeg,17/12/24
Protectores,PROTECTORES DIARIOS KOTEX 20UN,Gs   14.100,https://www.stock.com.py/images/thumbs/0209255_500.jpeg,17/12/24
Protectores,PROTECTOR FEMENINO ESENCIAL PLENITUD FEMME 20UNID,Gs   20.700,https://www.stock.com.py/images/thumbs/0209246_500.png,17/12/24
Protectores,TOALLA ESENCIAL FEMME PLENITUD 8UNID,Gs   16.900,https://www.stock.com.py/images/thumbs/0209245_500.png,17/12/24
Protectores,PROTECTOR DIARIO FEMENINO KOTEX 100UNID,Gs   54.300,https://www.stock.com.py/images/thumbs/0209226_500.png,17/12/24
Protectores,PROTECTOR DIARIO FEMENINO KOTEX 20UNID,Gs   15.800,https://www.stock.com.py/images/thumbs/0209225_500.jpeg,17/12/24
Protectores,TOALLA FEM SIEMPRE LIBRE NOCHE Y DIA 8UN,Gs   11.550,https://www.stock.com.py/images/thumbs/0207089_500.jpeg,17/12/24
Protectores,PROTECTORES DIARIOS 3X20UN MIMOSA PAQ,Gs   12.300,https://www.stock.com.py/images/thumbs/0205081_500.jpeg,17/12/24
Protectores,PROTECTORES DIARIOS S/PERFUME ALWAYS 40U,Gs   23.800,https://www.stock.com.py/images/thumbs/0202992_500.jpeg,17/12/24
Protectores,PROTECTOR DIARIO MIMOSA PAQUETE 20 UN,Gs   6.750,https://www.stock.com.py/images/thumbs/0178215_500.jpeg,17/12/24
Protectores,PROTECTORES DIARIOS 15UN ALWAYS PAQ,Gs   10.200,https://www.stock.com.py/images/thumbs/0177012_500.jpeg,17/12/24
Acces. Teflón,SARTEN TRAMONTINA C/ ESPATULA 24CM PARIS,Gs   74.900,https://www.stock.com.py/images/thumbs/0208128_500.jpeg,17/12/24
Acces. Teflón,SARTEN TRAMONTINA C/ ESPATULA 20CM PARIS,Gs   69.900,https://www.stock.com.py/images/thumbs/0208126_500.jpeg,17/12/24
Acces. Teflón,HERVIDORA C/TAPA TRAMONTINA 1.9LTS PARIS,Gs   109.600,https://www.stock.com.py/images/thumbs/0208120_500.png,17/12/24
Acces. Teflón,HERVIDORA  PARIS TRAMONTINA 1.2 LTS,Gs   65.900,https://www.stock.com.py/images/thumbs/0208109_500.png,17/12/24
Acces. Teflón,CACEROLA TRAMONTINA C/T D/VID 2.9LTSPARI,Gs   164.000,https://www.stock.com.py/images/thumbs/0208103_500.png,17/12/24
Acces. Teflón,SARTEN TRAMONTINA C/ ESPATULA 22CM PARIS,Gs   69.900,https://www.stock.com.py/images/thumbs/0208027_500.jpeg,17/12/24
Acces. Teflón,TRAMONTINA CACEROLA CON MANGO LORETO N? 18,Gs   153.300,https://www.stock.com.py/images/thumbs/0201267_500.jpeg,17/12/24
Acces. Teflón,PIZZERA 330 MM DE DIAMETRO,Gs   67.500,https://www.stock.com.py/images/thumbs/0192875_500.jpeg,17/12/24
Acces. Teflón,SARTEN TFLN LORETO 20 TRAMONTINA,Gs   39.900,https://www.stock.com.py/images/thumbs/0183794_500.jpeg,17/12/24
Acces. Teflón,SARTEN TFLN LORETO TRAMONTINA N18,Gs   34.900,https://www.stock.com.py/images/thumbs/0183792_500.jpeg,17/12/24
Acces. Teflón,SARTEN TFLN LORETO TRAMONTINA N16,Gs   29.900,https://www.stock.com.py/images/thumbs/0183790_500.jpeg,17/12/24
Acces. Teflón,TRAMONTINA SARTEN TEFLON LORETO N°22,Gs   44.900,https://www.stock.com.py/images/thumbs/0183007_500.jpeg,17/12/24
Acces. Teflón,SARTEN ALUMINIO 20 CM REF. IA08 IPACARAI BLIS,Gs   39.300,https://www.stock.com.py/images/thumbs/0182989_500.jpeg,17/12/24
Acces. Teflón,HERVIDORA TRAMONTINA 1.8LTS LORETO NEGRO,Gs   78.100,https://www.stock.com.py/images/thumbs/noDefaultImage_stock_500.gif,17/12/24
Ventiladores,"VENTILADOR D/PIE D/METAL 3VEL 18"" VENTOS",Gs   199.900,https://www.stock.com.py/images/thumbs/0206390_500.jpeg,17/12/24
Ventiladores,VENTILADOR TIPO TORRE DAYO ,Gs   299.900,https://www.stock.com.py/images/thumbs/0195555_500.jpeg,17/12/24
Ventiladores,VENTILADOR D/PIE DAYO 18 S/E REF AF 45,Gs   178.000,https://www.stock.com.py/images/thumbs/noDefaultImage_stock_500.gif,17/12/24
Para Niñas,JUGUETE MUN?ECA BABYDOCHE SIDNYL REF1240,Gs   21.900,https://www.stock.com.py/images/thumbs/0209592_500.jpeg,17/12/24
Para Niñas,JUGUETE MUÑECA C/ACCES CJA REF MKN537897,Gs   67.900,https://www.stock.com.py/images/thumbs/0205631_500.png,17/12/24
Para Niñas,MUÑECA BEBE C/BIBERON TEKINHA CJA SID NYL REF 980,Gs   49.900,https://www.stock.com.py/images/thumbs/0167634_500.jpeg,17/12/24
Para Niñas,JUGUETE ASPIRADORA CJA MKM574933,Gs   49.900,https://www.stock.com.py/images/thumbs/noDefaultImage_stock_500.gif,17/12/24
Para Niñas,JUGUETE HORNO ELEC CJA MKM580162,Gs   99.900,https://www.stock.com.py/images/thumbs/noDefaultImage_stock_500.gif,17/12/24
Para Niñas,JUGUETE SET D/COCINA CJA MKM579703,Gs   163.900,https://www.stock.com.py/images/thumbs/noDefaultImage_stock_500.gif,17/12/24
Para Niñas,JUGUETE MUÑECA C/ACCE CJA MKM570982,Gs   64.900,https://www.stock.com.py/images/thumbs/noDefaultImage_stock_500.gif,17/12/24
Para Niñas,JUGUETE MICROONDA C/ACC CJA MKM437935,Gs   129.900,https://www.stock.com.py/images/thumbs/noDefaultImage_stock_500.gif,17/12/24
Para Niñas,JUGUETE SET D/ZAPATOS CJA MKK467169,Gs   36.900,https://www.stock.com.py/images/thumbs/noDefaultImage_stock_500.gif,17/12/24
Para Niñas,JUGUETE SMILE DY C/GLITER,Gs   29.900,https://www.stock.com.py/images/thumbs/noDefaultImage_stock_500.gif,17/12/24
Para Niñas,JUGUETE MUN?ECA DY E/CAJA,Gs   89.900,https://www.stock.com.py/images/thumbs/noDefaultImage_stock_500.gif,17/12/24
Para Niñas,JUGUETE MUN?ECA DY C/VESTIDO,Gs   74.900,https://www.stock.com.py/images/thumbs/noDefaultImage_stock_500.gif,17/12/24
Para Niñas,JUGUETE ACC. P/PULSERA DY,Gs   64.900,https://www.stock.com.py/images/thumbs/noDefaultImage_stock_500.gif,17/12/24
Para Niñas,JUGUETE CASTILLO D/MUN?EC DY REF KDL-47,Gs   39.900,https://www.stock.com.py/images/thumbs/noDefaultImage_stock_500.gif,17/12/24
Para Niñas,JUGUETE MUN?ECA E/BLIS DY REF 563D,Gs   64.900,https://www.stock.com.py/images/thumbs/noDefaultImage_stock_500.gif,17/12/24
Para Niñas,JUGUETE CAFETERA ELECTRICA DY REF018-50,Gs   94.500,https://www.stock.com.py/images/thumbs/noDefaultImage_stock_500.gif,17/12/24
Para Niñas,JUGUETE CARTERA C/ACC DY REF018-32,Gs   69.900,https://www.stock.com.py/images/thumbs/noDefaultImage_stock_500.gif,17/12/24
Para Niñas,JUGUETE D/COCINA DY REF. 018-35,Gs   189.900,https://www.stock.com.py/images/thumbs/noDefaultImage_stock_500.gif,17/12/24
Para Niñas,JUGUETE JUEGO DE TE DY REF966-D28,Gs   119.900,https://www.stock.com.py/images/thumbs/noDefaultImage_stock_500.gif,17/12/24
Para Niñas,JUGUETE MUN?ECA C/ACCESORIO DY REF7193D,Gs   16.900,https://www.stock.com.py/images/thumbs/noDefaultImage_stock_500.gif,17/12/24
Para Niñas,JUGUETE JGO D/COCINA DY REF 961A,Gs   109.900,https://www.stock.com.py/images/thumbs/noDefaultImage_stock_500.gif,17/12/24
Para Niñas,JUGUETE MUN?ECA C/ BEBE? YACC DY MKL844511,Gs   54.900,https://www.stock.com.py/images/thumbs/noDefaultImage_stock_500.gif,17/12/24
Para Niñas,JUGUETE MUN?ECA C/BEBE DY MKL708332,Gs   69.900,https://www.stock.com.py/images/thumbs/noDefaultImage_stock_500.gif,17/12/24
Para Niñas,JUGUETE JUEGO DE COCINA  DY MKM328576,Gs   39.900,https://www.stock.com.py/images/thumbs/noDefaultImage_stock_500.gif,17/12/24
Uso Personal,AFEITADORA GAMA GSH986 SPORT USB 657,Gs   289.900,https://www.stock.com.py/images/thumbs/0209196_500.png,17/12/24
Uso Personal,AFEITADOR 3MED CORTE TRIMMER GAMA 3822,Gs   229.900,https://www.stock.com.py/images/thumbs/0209194_500.png,17/12/24
Uso Personal,PLANCHITA PARA PELO DAYO,Gs   119.900,https://www.stock.com.py/images/thumbs/0166127_500.jpeg,17/12/24
Uso Personal,SECADOR D/PELO 1600 W DAYO REF RW623,Gs   87.500,https://www.stock.com.py/images/thumbs/0165977_500.jpeg,17/12/24
Estándar,WHISKY JOHNNIE WALKER RED LABEL 1LT PACK,Gs   94.800,https://www.stock.com.py/images/thumbs/0208919_500.png,17/12/24
Estándar,WHISKY BALLANTINE'S ESCOCES AC/DC 1LITRO,Gs   109.000,https://www.stock.com.py/images/thumbs/0208119_500.jpeg,17/12/24
Estándar,JOHNNIE WALKER BLACK LABEL WHISKY ESCOCES 1L,Gs   188.500,https://www.stock.com.py/images/thumbs/0205158_500.png,17/12/24
Estándar,WHISKY 750ML CHIVAS XV CJA,Gs   414.100,https://www.stock.com.py/images/thumbs/0202931_500.jpeg,17/12/24
Estándar,WHISKEY CON CANELA JACK DANIELS 1LT,Gs   179.000,https://www.stock.com.py/images/thumbs/0199338_500.jpeg,17/12/24
Estándar,WHISKY SIR EDWUARSS BLENDED SCOTCH 1LT,Gs   76.950,https://www.stock.com.py/images/thumbs/0199256_500.jpeg,17/12/24
Estándar,WHISKY TRIANGULAR GRANT’S 500ML,Gs   61.500,https://www.stock.com.py/images/thumbs/0198667_500.jpeg,17/12/24
Estándar,WHISKY TRIANGULAR GRANT’S 350ML,Gs   46.000,https://www.stock.com.py/images/thumbs/0198666_500.jpeg,17/12/24
Estándar,WHISKY SIN TUBO CON VASO BOTELLA GRANT’S 1LT,Gs   81.500,https://www.stock.com.py/images/thumbs/0198665_500.jpeg,17/12/24
Estándar,WHISKY FINEST 500ML BALLANTINES BOTELLA,Gs   66.500,https://www.stock.com.py/images/thumbs/0189715_500.jpeg,17/12/24
Estándar,WHISKY GRANTS CON CAJA TUBO CANISTER 750 ML.,Gs   81.500,https://www.stock.com.py/images/thumbs/0180127_500.jpeg,17/12/24
Estándar,Whisky BALLANTINES Finest 1 lt.,Gs   115.500,https://www.stock.com.py/images/thumbs/0180125_500.jpeg,17/12/24
Estándar,WHISKY GRANTS SIN CAJA CON GOTERO 1LT,Gs   67.050,https://www.stock.com.py/images/thumbs/0172983_500.jpeg,17/12/24
Estándar,WHISKY SIR EDWARDS BOTELLA 1LT,Gs   66.350,https://www.stock.com.py/images/thumbs/0165461_500.jpeg,17/12/24
Estándar,WHISKY BLACK STONE 1000 ML,Gs   26.700,https://www.stock.com.py/images/thumbs/0155358_500.jpeg,17/12/24
Estándar,WHISKY SANDY MAC DONALD BOTELLA 1,Gs   99.000,https://www.stock.com.py/images/thumbs/0150911_500.jpeg,17/12/24
Perfumes,BODY SPLASH SPORT 120CC PERFUME ES AMOR,Gs   12.000,https://www.stock.com.py/images/thumbs/0205047_500.jpeg,17/12/24
Perfumes,BODY SPLASH AMOR PERFECTO 100 CC PERFUME,Gs   12.000,https://www.stock.com.py/images/thumbs/0205044_500.jpeg,17/12/24
Perfumes,BODY SPLASH L HOMME 120CC PERFUME ES AMO,Gs   17.400,https://www.stock.com.py/images/thumbs/0201467_500.jpeg,17/12/24
Perfumes,BODY SPLASH GOLD MAN 120CC PERFUME ES AM,Gs   17.400,https://www.stock.com.py/images/thumbs/0201466_500.jpeg,17/12/24
Perfumes,BODY SPLASH VIP 100CC PERFUME ES AMOR FC,Gs   17.400,https://www.stock.com.py/images/thumbs/0201465_500.jpeg,17/12/24
Perfumes,BODY SPLASH CHANCE 100CC PERFUME ES AMOR,Gs   17.400,https://www.stock.com.py/images/thumbs/0201463_500.jpeg,17/12/24
Perfumes,BODY SPLASH EROS MEN 120CC PERFUME ES AM,Gs   17.400,https://www.stock.com.py/images/thumbs/noDefaultImage_stock_500.gif,17/12/24
Perfumes,BODY SPLASH MEN TONIC COOL 120CC PERFUME,Gs   17.400,https://www.stock.com.py/images/thumbs/noDefaultImage_stock_500.gif,17/12/24
Perfumes,BODY SPLASH AMOR PLATONICO 100CC PERFUM,Gs   12.000,https://www.stock.com.py/images/thumbs/noDefaultImage_stock_500.gif,17/12/24
Perfumes,BODY SPLASH AMOR INTENSO 100CC PERFUME E,Gs   12.000,https://www.stock.com.py/images/thumbs/noDefaultImage_stock_500.gif,17/12/24
Perfumes,BODY SPLASH AMOR ETERNO 100CC PERFUME E,Gs   12.000,https://www.stock.com.py/images/thumbs/noDefaultImage_stock_500.gif,17/12/24
Perfumes,BODY SPLASH MEN INTENSE 120CC PERFUME ES,Gs   12.000,https://www.stock.com.py/images/thumbs/noDefaultImage_stock_500.gif,17/12/24
Perfumes,BODY SPLASH CLUB 120CC PERFUME ES AMOR F,Gs   12.000,https://www.stock.com.py/images/thumbs/noDefaultImage_stock_500.gif,17/12/24
Perfumes,BODY SPLASH INVISTUS 120CC PERFUME ES A,Gs   12.000,https://www.stock.com.py/images/thumbs/noDefaultImage_stock_500.gif,17/12/24
Tostadas,GALLETAS DE MAIZ HORNEADAS SALMAS 144GR SANISSIMO CJA,Gs   14.300,https://www.stock.com.py/images/thumbs/0212347_500.png,17/12/24
Tostadas,TOSTADAS CLASICAS MAZZEI 142 GR,Gs   7.800,https://www.stock.com.py/images/thumbs/0208088_500.jpeg,17/12/24
Tostadas,AVATINAS GALLETITAS DE MAIZ HORNEADAS 30 UNIDADES 180 GR,Gs   20.000,https://www.stock.com.py/images/thumbs/0205511_500.jpeg,17/12/24
Tostadas,MARETTI TOSTADITAS SABOR AJOS ASADOS 70 GR,Gs   8.900,https://www.stock.com.py/images/thumbs/0205400_500.jpeg,17/12/24
Tostadas,TOSTADA MULTIGRANOS BAUDUCCO 142GR,Gs   7.900,https://www.stock.com.py/images/thumbs/0202709_500.jpeg,17/12/24
Tostadas,TOSTADAS INTEGRAL BAUDUCCO 142GR,Gs   7.900,https://www.stock.com.py/images/thumbs/0193441_500.jpeg,17/12/24
Tostadas,TOSTADA CLASICA BAUDUCCO 142GR,Gs   7.900,https://www.stock.com.py/images/thumbs/0193440_500.jpeg,17/12/24
Tostadas,MARETTI TOSTADITAS SABOR TOMATE OLIVA Y OREGANO 70 GR,Gs   8.900,https://www.stock.com.py/images/thumbs/0189194_500.jpeg,17/12/24
Tostadas,TORRADA MULTIGRANOS BAUDUCCO 284GR PACK,Gs   12.650,https://www.stock.com.py/images/thumbs/0183803_500.jpeg,17/12/24
Tostadas,TOSTADA SALADA TRADICIONAL BAUDUCCO 284GR PACK,Gs   12.650,https://www.stock.com.py/images/thumbs/0183801_500.jpeg,17/12/24
Tostadas,MOLINOS DEL BOSQUE TOSTADAS DE ARROZ SABOR VAINILLA 150 GR,Gs   11.800,https://www.stock.com.py/images/thumbs/0183664_500.jpeg,17/12/24
Tostadas,MOLINOS DEL BOSQUE TOSTADAS DE ARROZ SIN SAL 150 GR,Gs   11.800,https://www.stock.com.py/images/thumbs/0183662_500.jpeg,17/12/24
Tostadas,MOLINOS DEL BOSQUE TOSTADAS DE ARROZ SABOR ORIGINAL 150 GR,Gs   11.800,https://www.stock.com.py/images/thumbs/0183660_500.jpeg,17/12/24
Cuadernos,CUADERNO UNIV NARANJA 1R 96HOJAS T/DURA ÑANDUTI BLIS,Gs   24.850,https://www.stock.com.py/images/thumbs/0208029_500.jpeg,17/12/24
Cuadernos,CUADERNO UNIV AZUL 1R 96HOJAS T/DURA ÑANDUTI S/E,Gs   24.850,https://www.stock.com.py/images/thumbs/0208028_500.jpeg,17/12/24
Cuadernos,CUADERNO 2R COLOR NARANJA 96 HJS ALAMO,Gs   11.100,https://www.stock.com.py/images/thumbs/0208014_500.jpeg,17/12/24
Cuadernos,CUAD UNIV CUADRIC CON CORDON  96HJ ALAMO,Gs   32.700,https://www.stock.com.py/images/thumbs/0207933_500.jpeg,17/12/24
Cuadernos,CUAD UNIV CUADRIC COLOR VERDE 178H ALAMO,Gs   19.200,https://www.stock.com.py/images/thumbs/0207913_500.jpeg,17/12/24
Cuadernos,CUADERNO 2R COLOR VERDE 96 HOJAS ALAMO,Gs   11.100,https://www.stock.com.py/images/thumbs/0207895_500.jpeg,17/12/24
Cuadernos,CUADERNO 1RAYA COLOR ROJO  96HJS ALAMO,Gs   11.100,https://www.stock.com.py/images/thumbs/0207885_500.jpeg,17/12/24
Cuadernos,CUADERNO 2R COLOR VIOLETA 48HJS ALAMO,Gs   6.800,https://www.stock.com.py/images/thumbs/0207879_500.jpeg,17/12/24
Cuadernos,CUADERNO 1R VERDE LIMON 48HJS ALAMO,Gs   6.800,https://www.stock.com.py/images/thumbs/0207873_500.jpeg,17/12/24
Cuadernos,CUAD UNIV CUADRIC COLOR NEGRO 96H ALAMO,Gs   21.000,https://www.stock.com.py/images/thumbs/0207863_500.jpeg,17/12/24
Cuadernos,CUAD UNIV CUADRI COLOR VIOLETA 96H ALAMO,Gs   21.000,https://www.stock.com.py/images/thumbs/0207859_500.jpeg,17/12/24
Cuadernos,CUADER UNIV CUADRIC COL/NAR 96HJS ALAMO,Gs   21.000,https://www.stock.com.py/images/thumbs/0207855_500.jpeg,17/12/24
Cuadernos,CUADER UNIVER 48HJS 1R COL/TURQUE ALAMO,Gs   15.100,https://www.stock.com.py/images/thumbs/0207831_500.jpeg,17/12/24
Cuadernos,CUAD UNIV 1R COLOR ROJO 48 HOJAS ALAMO,Gs   15.100,https://www.stock.com.py/images/thumbs/0207824_500.jpeg,17/12/24
Cuadernos,ALAMO CUADERNO ESCOLAR TAPA DURA ARA?A 48 HOJAS 1 RAYA AZUL,Gs   7.350,https://www.stock.com.py/images/thumbs/0207789_500.jpeg,17/12/24
Cuadernos,ALAMO CUADERNO ESCOLAR TAPA DURA ARA?A 48 HOJAS 1 RAYA VERDE,Gs   7.350,https://www.stock.com.py/images/thumbs/0207788_500.jpeg,17/12/24
Cuadernos,ALAMO CUADERNO ESCOLAR TAPA DURA ARA?A 48 HOJAS 1 RAYA NARANJA,Gs   7.350,https://www.stock.com.py/images/thumbs/0207787_500.jpeg,17/12/24
Cuadernos,ALAMO CUADERNO UNIVERSITARIO 48 HOJAS 1 RAYA NEGRO,Gs   15.100,https://www.stock.com.py/images/thumbs/0207785_500.jpeg,17/12/24
Cuadernos,TORRE CUADERNO UNIVERSITARIO PARA ZURDOS 96 HOJAS 1 RAYA,Gs   23.750,https://www.stock.com.py/images/thumbs/0203678_500.jpeg,17/12/24
Cuadernos,MAXIMA CUADERNO ESCOLAR TAPA DURA 96 HOJAS 2 RAYAS,Gs   25.100,https://www.stock.com.py/images/thumbs/0192034_500.jpeg,17/12/24
Cuadernos,MAXIMA CUADERNO ESCOLAR TAPA DURA 48 HOJAS 2 RAYAS,Gs   17.300,https://www.stock.com.py/images/thumbs/0192031_500.jpeg,17/12/24
Cuadernos,CUADERNO UNIVERSITARIO 96HOJAS PREMIUN TORRE X UN ,Gs   23.750,https://www.stock.com.py/images/thumbs/0184327_500.jpeg,17/12/24
Cuadernos,CUADERNO UNIVERSITARIO 96HOJAS PREMIUN TORRE X UN,Gs   23.750,https://www.stock.com.py/images/thumbs/0184326_500.jpeg,17/12/24
Cuadernos,CUADERNO TAPA DURA ARAÑA 96H 2RAY VERDE,Gs   11.400,https://www.stock.com.py/images/thumbs/0151455_500.jpeg,17/12/24
Cuadernos,CUADERNO TAPA DURA ARAÑA 48H 2RAY VERDE,Gs   7.100,https://www.stock.com.py/images/thumbs/0151440_500.jpeg,17/12/24
Cuadernos,CUADERNO TAPA DURA ARAÑA 48H 2RAY,Gs   7.100,https://www.stock.com.py/images/thumbs/0151438_500.jpeg,17/12/24
Cuadernos,CUADERNO TAPA DURA ARAÑA 48H 1RAY VERDE,Gs   7.100,https://www.stock.com.py/images/thumbs/0151434_500.jpeg,17/12/24
Cuadernos,"CUAD UNIV ""AVON"" TD ARAÑA ROJOCUADRIC 96H",Gs   24.300,https://www.stock.com.py/images/thumbs/noDefaultImage_stock_500.gif,17/12/24
Acces.Perros/Gatos,PECHERA PARA PERRO ANIMAL S 1 UN,Gs   39.450,https://www.stock.com.py/images/thumbs/0206316_500.jpeg,17/12/24
Acces.Perros/Gatos,CAMA P/MASCOTAS ANIMAL S S/E 1,Gs   130.000,https://www.stock.com.py/images/thumbs/0205499_500.jpeg,17/12/24
Acces.Perros/Gatos,COLLAR PARA PERRO ANIMAL S 1,Gs   10.500,https://www.stock.com.py/images/thumbs/0192130_500.jpeg,17/12/24
Acces.Perros/Gatos,COLLAR PARA PERRO ANIMAL S PAQUETE 1 UN,Gs   8.000,https://www.stock.com.py/images/thumbs/0192129_500.jpeg,17/12/24
Acces.Perros/Gatos,COLLAR PARA PERRO ANIMAL S N/E 1 UN,Gs   11.000,https://www.stock.com.py/images/thumbs/0192128_500.jpeg,17/12/24
Acces.Perros/Gatos,COLLAR PARA GATO CASCABEL,Gs   29.000,https://www.stock.com.py/images/thumbs/0181186_500.jpeg,17/12/24
Acces.Perros/Gatos,COLLAR PARA PERRO ANIMAL S 1 UN,Gs   15.000,https://www.stock.com.py/images/thumbs/0180870_500.jpeg,17/12/24
Acces.Perros/Gatos,JUEGUETE CHILLON PARA ANIMAL,Gs   18.000,https://www.stock.com.py/images/thumbs/0177606_500.jpeg,17/12/24
Acces.Perros/Gatos,COLLAR PARA PERRO ANIMAL S PAQUETE 1 UN,Gs   17.300,https://www.stock.com.py/images/thumbs/0158164_500.jpeg,17/12/24
Acces.Perros/Gatos,CADENAS PARA PERRO 1 UN N 7,Gs   22.000,https://www.stock.com.py/images/thumbs/0151093_500.jpeg,17/12/24
Acces.Perros/Gatos,CADENAS PARA PERRO 1 UN N.6,Gs   18.100,https://www.stock.com.py/images/thumbs/0151092_500.jpeg,17/12/24
Acces.Perros/Gatos,HUESO DIGERIBLE PARA PERRO KANNEL,Gs   12.000,https://www.stock.com.py/images/thumbs/0151081_500.jpeg,17/12/24
Acces.Perros/Gatos,HUESO DIGERIBLE ESPECIAL 1,Gs   19.350,https://www.stock.com.py/images/thumbs/0151080_500.jpeg,17/12/24
Acces.Perros/Gatos,HUESO DIGERIBLE PARA PERRO KANNEL,Gs   7.400,https://www.stock.com.py/images/thumbs/0151079_500.jpeg,17/12/24
Acces.Perros/Gatos,JUGUETES PARA PERROS ANIMAL S PAQUETE 1 UN,Gs   36.700,https://www.stock.com.py/images/thumbs/0151072_500.jpeg,17/12/24
Acces.Perros/Gatos,COLLAR PARA PERRO ANIMAL S PAQUETE 1 UN,Gs   30.100,https://www.stock.com.py/images/thumbs/0151067_500.jpeg,17/12/24
Acces.Perros/Gatos,COLLAR PARA PERRO ANIMAL S 1 UN,Gs   38.900,https://www.stock.com.py/images/thumbs/0151063_500.jpeg,17/12/24
Acces.Perros/Gatos,COLLAR PARA PERRO ANIMAL S 1 UN,Gs   33.500,https://www.stock.com.py/images/thumbs/0151060_500.jpeg,17/12/24
Acces.Perros/Gatos,COLLAR PARA PERRO ANIMAL S PAQUETE 1 UN,Gs   20.950,https://www.stock.com.py/images/thumbs/0151058_500.jpeg,17/12/24
Acces.Perros/Gatos,COLLAR PARA PERRO ANIMAL S 1,Gs   7.100,https://www.stock.com.py/images/thumbs/0151057_500.jpeg,17/12/24
Acces.Perros/Gatos,COLLAR PARA PERRO ANIMAL S N/E 1 UN,Gs   19.650,https://www.stock.com.py/images/thumbs/0151049_500.jpeg,17/12/24
Acces.Perros/Gatos,COLLAR ANIMALS DE CUERO NRO.0,Gs   11.100,https://www.stock.com.py/images/thumbs/0151048_500.jpeg,17/12/24
Acces.Perros/Gatos,JUGUETES PARA PERROS ANIMAL S 1 UN,Gs   36.300,https://www.stock.com.py/images/thumbs/0143143_500.jpeg,17/12/24
Acces.Perros/Gatos,JUGUETE PARA GATO 1 UN RATON,Gs   21.100,https://www.stock.com.py/images/thumbs/0142803_500.jpeg,17/12/24
Acces.Perros/Gatos,PALITO COMESTIBLE 80 GR,Gs   14.450,https://www.stock.com.py/images/thumbs/0142800_500.jpeg,17/12/24
Acces.Perros/Gatos,JUGUETES PARA PERROS ANIMAL S,Gs   29.000,https://www.stock.com.py/images/thumbs/0142798_500.jpeg,17/12/24
Acces.Perros/Gatos,HUESO PARA MASCOTA 1 UN PLAST,Gs   31.250,https://www.stock.com.py/images/thumbs/0142794_500.jpeg,17/12/24
Acces.Perros/Gatos,COLLAR PARA PERRO ANIMAL S N/E 1 UN,Gs   15.100,https://www.stock.com.py/images/thumbs/0117360_500.jpeg,17/12/24
Productos para Afeitar,Maq. Des. PB3 Sensitive x 4,Gs   46.900,https://www.stock.com.py/images/thumbs/0204893_500.jpeg,17/12/24
Productos para Afeitar,ESPUMA D/AFEITAR HIDRAT DEEP BLUE URBAN CARE UNLIMITED MEN 149GR,Gs   32.700,https://www.stock.com.py/images/thumbs/0190701_500.jpeg,17/12/24
Productos para Afeitar,AFTER SHAVE HIDRATANTE URBAN CARE UNLIMITED MEN DEEP BLUE 75 ML,Gs   40.100,https://www.stock.com.py/images/thumbs/0184829_500.jpeg,17/12/24
Productos para Afeitar,ESPUMA DE AFEITAR HIPOALERGENICO X193GR ALGABO ALGABO                    x 12,Gs   17.850,https://www.stock.com.py/images/thumbs/0184420_500.png,17/12/24
Productos para Afeitar,NIVEA FOR MEN AFTE FRASCO 100 ML,Gs   85.900,https://www.stock.com.py/images/thumbs/0179308_500.jpeg,17/12/24
Productos para Afeitar,ESPUMA DE AFEITAR NIVEA HIDRATANTE SENSITIVE FCO 200 ML  ,Gs   73.000,https://www.stock.com.py/images/thumbs/0179306_500.jpeg,17/12/24
Productos para Afeitar,ESPUMA D/AFEITAR HIDRATANTE ORIGINALS 200ML NIVEA AER,Gs   58.400,https://www.stock.com.py/images/thumbs/0179305_500.jpeg,17/12/24
Productos para Afeitar,CREMA DE AFEITAR SUAVE PROTECT CARE NIVEA 100ML,Gs   26.700,https://www.stock.com.py/images/thumbs/0179303_500.jpeg,17/12/24
Productos para Afeitar,CREMA DE AFEITAR DR. SELBY PMO,Gs   17.200,https://www.stock.com.py/images/thumbs/0176995_500.jpeg,17/12/24
Productos para Afeitar,Gillette Foamy Mentol 175 g,Gs   62.500,https://www.stock.com.py/images/thumbs/0174292_500.jpeg,17/12/24
Productos para Afeitar,Maq. Des. PB3 Sensitive x 2,Gs   26.150,https://www.stock.com.py/images/thumbs/0174280_500.jpeg,17/12/24
Productos para Afeitar,Rpto. Venus Breeze x 2,Gs   51.450,https://www.stock.com.py/images/thumbs/0174278_500.jpeg,17/12/24
Productos para Afeitar,MAQ. D/AFEITAR VENUS DIVINE SENSITIVE 3HOJAS GILLETTE BLI,Gs   46.550,https://www.stock.com.py/images/thumbs/0174277_500.jpeg,17/12/24
Productos para Afeitar,Maq. Venus Breeze,Gs   50.250,https://www.stock.com.py/images/thumbs/0174276_500.jpeg,17/12/24
Productos para Afeitar,NIVEA FOR MEN FRASCO 100 ML,Gs   85.900,https://www.stock.com.py/images/thumbs/0174049_500.jpeg,17/12/24
Otros,WHISKY 900ML MASTER GOLD ,Gs   29.600,https://www.stock.com.py/images/thumbs/0211830_500.png,17/12/24
Otros,WHISKY CHANCELER GOLDEN LABEL BOTELLA 1LT,Gs   33.000,https://www.stock.com.py/images/thumbs/0185547_500.jpeg,17/12/24
Otros,WHISKY GOLD 1LT BLACK STONE BOT,Gs   41.650,https://www.stock.com.py/images/thumbs/0176368_500.jpeg,17/12/24
Otros,WHISKY CLAN MAC GREGOR BOTELLA 1 L,Gs   51.500,https://www.stock.com.py/images/thumbs/0165239_500.png,17/12/24
Pañales para Adultos,PAÑAL PARA ADULTO LARGE TENA 9UNID,Gs   79.000,https://www.stock.com.py/images/thumbs/0212399_500.jpeg,17/12/24
Pañales para Adultos,TENA SLIP PA?AL INCONTINENCIA SEVERA TAMA?O M 21 UNIDADES,Gs   169.950,https://www.stock.com.py/images/thumbs/0212398_500.jpeg,17/12/24
Pañales para Adultos,PAÑAL PARA ADULTO MEDIUM TENA 9UNID,Gs   79.000,https://www.stock.com.py/images/thumbs/0212397_500.jpeg,17/12/24
Pañales para Adultos,TOALLA FEMENINA MAXI TENA 10UNID,Gs   30.500,https://www.stock.com.py/images/thumbs/0212396_500.jpeg,17/12/24
Pañales para Adultos,TOALLA FEMENINA MEDIUM TENA 10UNID,Gs   20.000,https://www.stock.com.py/images/thumbs/0212395_500.jpeg,17/12/24
Pañales para Adultos,TOALLITA FEMENINA MINI CON ALAS TENA 10UNID,Gs   17.000,https://www.stock.com.py/images/thumbs/0212394_500.jpeg,17/12/24
Pañales para Adultos,PAÑAL DESECHABLE ADULTOS PROTECT TAMAÑO XG PLENITUD 8UNID,Gs   82.500,https://www.stock.com.py/images/thumbs/0206154_500.jpeg,17/12/24
Pañales para Adultos,PAÑAL DESECHABLE ADULTOS PROTECT TAMAÑO G PLENITUD 8UNID,Gs   82.500,https://www.stock.com.py/images/thumbs/0206153_500.jpeg,17/12/24
Pañales para Adultos,PAÑAL P/ADULTO CONFORT G 30UND FIT CARE PAQ,Gs   114.600,https://www.stock.com.py/images/thumbs/0177840_500.jpeg,17/12/24
Pañales para Adultos,PAÑAL P/ADULTO CONFORT M 30UND FIT CARE PAQ,Gs   96.600,https://www.stock.com.py/images/thumbs/0177839_500.jpeg,17/12/24
Pañales para Adultos,PAÑAL P/ADULTO EG 16UN SENSATY PREMIUM PAQ,Gs   98.200,https://www.stock.com.py/images/thumbs/0177838_500.jpeg,17/12/24
Pañales para Adultos,PAÑAL P/ADULTO G 20UN SENSATY PREMIUM PAQ,Gs   82.000,https://www.stock.com.py/images/thumbs/0177837_500.jpeg,17/12/24
Pañales para Adultos,PAÑAL P/ADULTO EG 7UN SENSATY PREMIUM PAQ,Gs   36.300,https://www.stock.com.py/images/thumbs/0177836_500.jpeg,17/12/24
Pañales para Adultos,PAÑAL P/ADULTO G X8UN SENSATY PREMIUM PAQ,Gs   36.300,https://www.stock.com.py/images/thumbs/0177835_500.jpeg,17/12/24
Pañales para Adultos,PAÑAL P/INCONTINENCIA EXTRA GRANDE 10UND BIO PAQ,Gs   39.400,https://www.stock.com.py/images/thumbs/0177800_500.jpeg,17/12/24
Pañales para Adultos,PAÑAL P/INCONTINENCIA EXTRA GRANDE 20UND BIO PAQ,Gs   75.450,https://www.stock.com.py/images/thumbs/0177798_500.jpeg,17/12/24
Pañales para Adultos,PAÑAL P/ADULTO CONFORT M 8UND FIT CARE PAQ,Gs   32.250,https://www.stock.com.py/images/thumbs/0177674_500.jpeg,17/12/24
Lavandinas,LAVANDINA EN GEL CITRICA AYUDIN 500ML,Gs   16.950,https://www.stock.com.py/images/thumbs/0207972_500.jpeg,17/12/24
Lavandinas,LAVANDINA FRAG PUREZA GLACIAR AYUDIN 2L,Gs   16.650,https://www.stock.com.py/images/thumbs/0203081_500.jpeg,17/12/24
Lavandinas,LAVANDINA MULTISUPERFICIES LAVANDA 2 L A,Gs   16.650,https://www.stock.com.py/images/thumbs/0203080_500.jpeg,17/12/24
Lavandinas,LAVANDINA LAVANDA AYUDIN TRIPLE PODER 1L,Gs   8.900,https://www.stock.com.py/images/thumbs/0203079_500.jpeg,17/12/24
Lavandinas,LAVANDINA P/ROPA BLANCA BASE BASE 2LTS.,Gs   22.900,https://www.stock.com.py/images/thumbs/0202260_500.jpeg,17/12/24
Lavandinas,AYUDIN CLASICA AGUA LAVANDINA COMUN 1 LITRO,Gs   7.500,https://www.stock.com.py/images/thumbs/0199862_500.jpeg,17/12/24
Lavandinas,LAVANDINA AL 2.5% LAVA 1000 500CC,Gs   3.850,https://www.stock.com.py/images/thumbs/0192344_500.jpeg,17/12/24
Lavandinas,LAVANDINA 4% LAVA 1000 500CC,Gs   3.200,https://www.stock.com.py/images/thumbs/0192339_500.jpeg,17/12/24
Lavandinas,LAVANDINA 4% LAVA 1000 DE 1000CC,Gs   5.300,https://www.stock.com.py/images/thumbs/0192338_500.jpeg,17/12/24
Lavandinas,LAVANDINA ANTI-SPALSH AYUDIN 2LT,Gs   18.600,https://www.stock.com.py/images/thumbs/0187164_500.jpeg,17/12/24
Lavandinas,LAVANDINA ANTI-SPLASH AYUDIN 1LT,Gs   10.100,https://www.stock.com.py/images/thumbs/0187163_500.jpeg,17/12/24
Lavandinas,LAVANDINA PUREZA GLACIAR TRIPLE PODER AYUDIN 1L,Gs   8.900,https://www.stock.com.py/images/thumbs/0186953_500.jpeg,17/12/24
Lavandinas,LAVANDINA P/ROPA BLANCA BASE BASE 500ML PET ,Gs   6.950,https://www.stock.com.py/images/thumbs/0176709_500.jpeg,17/12/24
Lavandinas,LAVANDINA BASE BASE FURIA SACHET 250C.C,Gs   1.050,https://www.stock.com.py/images/thumbs/0166643_500.png,17/12/24
Lavandinas,LAVANDINA BASE BASE LAVA-PINO TR. ACCION DE 1 LITRO,Gs   10.750,https://www.stock.com.py/images/thumbs/0166632_500.png,17/12/24
Lavandinas,"LAVANDINA BASE BASE 2,5% 500 CC",Gs   3.350,https://www.stock.com.py/images/thumbs/0166631_500.png,17/12/24
Lavandinas,LAVANDINA P/ROPA BLANCA BASE BASE 1LT PET,Gs   12.100,https://www.stock.com.py/images/thumbs/0166622_500.png,17/12/24
Lavandinas,LAVANDINA BASE BASE SACHET 250 CC,Gs   1.200,https://www.stock.com.py/images/thumbs/0166611_500.png,17/12/24
Lavandinas,LAVANDINA BASE BASE 4% DE 500 CC,Gs   3.700,https://www.stock.com.py/images/thumbs/0166605_500.png,17/12/24
Lavandinas,LAVANDINA BASE BASE 6% DE 1 LITRO,Gs   8.250,https://www.stock.com.py/images/thumbs/0166604_500.png,17/12/24
Lavandinas,LAVANDINA LAVA 1000 2LT,Gs   8.250,https://www.stock.com.py/images/thumbs/0152377_500.jpeg,17/12/24
Lavandinas,LAVANDINA LAVA 1000 500ML,Gs   2.900,https://www.stock.com.py/images/thumbs/0152374_500.jpeg,17/12/24
Lavandinas,"LAVANDINA BASE BASE 2,5% DE 2 LITROS",Gs   10.400,https://www.stock.com.py/images/thumbs/0150832_500.jpeg,17/12/24
Lavandinas,"LAVANDINA BASE BASE LAVANDINA 2,5% DE 1 LITRO",Gs   5.400,https://www.stock.com.py/images/thumbs/0150774_500.jpeg,17/12/24
Lavandinas,LAVANDINA BASE BASE 4% DE 1 LITRO,Gs   6.300,https://www.stock.com.py/images/thumbs/0150748_500.jpeg,17/12/24
Lavandinas,LAVANDINA BASE BASE 6% DE 5 LITROS,Gs   34.800,https://www.stock.com.py/images/thumbs/0150747_500.jpeg,17/12/24
Lavandinas,LAVANDINA BASE BASE 6% DE 500 CC,Gs   4.650,https://www.stock.com.py/images/thumbs/0150745_500.jpeg,17/12/24
Papas Fritas,SNACKS DE MAIZ S/BARB/PICAN DORITOS 100G,Gs   9.900,https://www.stock.com.py/images/thumbs/0207796_500.jpeg,17/12/24
Papas Fritas,PAPA FRITA GUAZU KETCHUP 25GR,Gs   5.000,https://www.stock.com.py/images/thumbs/0206946_500.jpeg,17/12/24
Papas Fritas,GUAZU FRENCHIP BOCADITOS PAPA FRITAS 50 GR,Gs   6.500,https://www.stock.com.py/images/thumbs/0206945_500.jpeg,17/12/24
Papas Fritas,PAPA FRITA GUAZU PAQUETE 50 GR ON,Gs   8.500,https://www.stock.com.py/images/thumbs/0206944_500.jpeg,17/12/24
Papas Fritas,PAPA FRITA GUAZU PAP 25 GR NORMAL,Gs   4.000,https://www.stock.com.py/images/thumbs/0206943_500.jpeg,17/12/24
Papas Fritas,PAPA FRITA GUAZU PAQUETE 50 GR SA,Gs   7.000,https://www.stock.com.py/images/thumbs/0206942_500.jpeg,17/12/24
Papas Fritas,SNACKS DE MAIZ SABOR QUESO DORITOS 40GR,Gs   7.000,https://www.stock.com.py/images/thumbs/0206475_500.jpeg,17/12/24
Papas Fritas,KELWA MANI TOSTADO SABOR AHUMADO Y PANCETA 100 GR,Gs   6.100,https://www.stock.com.py/images/thumbs/0205034_500.jpeg,17/12/24
Papas Fritas,KELWA MANI TOSTADO SABOR CEBOLLA Y PEREJIL 100 GR,Gs   5.800,https://www.stock.com.py/images/thumbs/0205033_500.jpeg,17/12/24
Papas Fritas,SANTA HELENA CROKISSIMO MANI CROCANTE SABOR PIMIENTA SUAVE 150 GR,Gs   8.450,https://www.stock.com.py/images/thumbs/0204658_500.jpeg,17/12/24
Papas Fritas,PETTIZ MANI CROCANTE SABOR NATURAL 120 GR,Gs   7.200,https://www.stock.com.py/images/thumbs/0204655_500.jpeg,17/12/24
Papas Fritas,PETTIZ MANI CROCANTE SABOR CEBOLLA Y SALSA 120 GR,Gs   7.200,https://www.stock.com.py/images/thumbs/0204654_500.jpeg,17/12/24
Papas Fritas,FANDANGOS SNACKS DE MAIZ SABOR A QUESO 140 GR,Gs   11.000,https://www.stock.com.py/images/thumbs/0204639_500.jpeg,17/12/24
Papas Fritas,BOCADITOS D/MAIZ PICAÑA Y AJO 40GR YOLO BSA,Gs   3.000,https://www.stock.com.py/images/thumbs/0204611_500.jpeg,17/12/24
Papas Fritas,BOCADITOS D/MAIZ QUESO C/PIMIENTON 40GR YOLO PAQ,Gs   3.000,https://www.stock.com.py/images/thumbs/0204610_500.jpeg,17/12/24
Papas Fritas,BOCADITOS D/MAIZ SAB/QUESO 40GR YOLO PAQ,Gs   3.000,https://www.stock.com.py/images/thumbs/0204609_500.jpeg,17/12/24
Papas Fritas,TACO VILLA NACHOS BOCADITOS DE MAIZ SABOR CEBOLLA 300 GR,Gs   17.250,https://www.stock.com.py/images/thumbs/0204542_500.jpeg,17/12/24
Papas Fritas,PETTIZ MANI TOSTADO SALADO SIN PIEL 120 GR,Gs   9.500,https://www.stock.com.py/images/thumbs/0204069_500.jpeg,17/12/24
Papas Fritas,PAPAS FRITAS MAZZEI 140GRS.PIZZA,Gs   16.000,https://www.stock.com.py/images/thumbs/0203819_500.jpeg,17/12/24
Papas Fritas,CHEETOS SUPER CRUNCHY SNACKS DE MAIZ SABOR QUESO 110 GR,Gs   10.000,https://www.stock.com.py/images/thumbs/0203646_500.jpeg,17/12/24
Papas Fritas,DORITOS SNACKS DE MAIZ SABOR QUESO 28 GR,Gs   5.000,https://www.stock.com.py/images/thumbs/0203644_500.jpeg,17/12/24
Papas Fritas,PAPAS FRITAS SENSEI 140GRS.BARBACOA,Gs   16.000,https://www.stock.com.py/images/thumbs/0202610_500.jpeg,17/12/24
Papas Fritas,PETTIZ MANI CROCANTE SABOR PIMIENTA ROJA 120 GR,Gs   7.200,https://www.stock.com.py/images/thumbs/0201877_500.png,17/12/24
Papas Fritas,LAY-S STAX PAPAS FRITAS SABOR CREMA Y CEBOLLA 134 GR,Gs   22.000,https://www.stock.com.py/images/thumbs/0201124_500.jpeg,17/12/24
Papas Fritas,LAY-S STAX PAPAS FRITAS SABOR QUESO CHEDDAR 134 GR,Gs   22.000,https://www.stock.com.py/images/thumbs/0201123_500.jpeg,17/12/24
Papas Fritas,YOKI PAPA FRITA EN TIRITAS 70 GR,Gs   12.000,https://www.stock.com.py/images/thumbs/0200578_500.jpeg,17/12/24
Papas Fritas,SENSEI PAPAS FRITAS PICANTE FURIOSO 140 GR,Gs   16.000,https://www.stock.com.py/images/thumbs/0200274_500.jpeg,17/12/24
Papas Fritas,AGROLI MANI TOSTADO 140 GR,Gs   10.300,https://www.stock.com.py/images/thumbs/0200220_500.jpeg,17/12/24
Tequila,TEQUILA TEQUILERO ORO BOTELLA 720ML,Gs   54.350,https://www.stock.com.py/images/thumbs/0156496_500.jpeg,17/12/24
Tequila,TEQUILA JOSE CUERVO BLANCO BOTELLA 750ML JOSE,Gs   109.000,https://www.stock.com.py/images/thumbs/0141871_500.jpeg,17/12/24
Tequila,TEQUILA JOSE CUERVO BOTELLA 750 ML,Gs   109.000,https://www.stock.com.py/images/thumbs/0141869_500.jpeg,17/12/24
Tequila,TEQUILA TEQUILERO PLATA BOTELLA 720ML,Gs   54.350,https://www.stock.com.py/images/thumbs/0110378_500.jpeg,17/12/24
Educativos/ De Mesa,JUGUETE D/MESA 3EN1 MAGNETICO DY REF0160,Gs   59.900,https://www.stock.com.py/images/thumbs/0207592_500.png,17/12/24
Educativos/ De Mesa,JUGUETE JUEGO D/MESA CJA MK MKN715206,Gs   45.500,https://www.stock.com.py/images/thumbs/0205642_500.png,17/12/24
Educativos/ De Mesa,DIDACTA JUEGO DEL 1 AL 10,Gs   100.000,https://www.stock.com.py/images/thumbs/0203417_500.jpeg,17/12/24
Educativos/ De Mesa,JGTE DIDACTA ABECEDARIO 193/28,Gs   113.850,https://www.stock.com.py/images/thumbs/0203416_500.jpeg,17/12/24
Educativos/ De Mesa,DIDACTA JUEGO ?DONDE VIVIEN?,Gs   100.000,https://www.stock.com.py/images/thumbs/0203410_500.jpeg,17/12/24
Educativos/ De Mesa,XALINGO MOTO PARA NI?OS/AS EN VARIOS COLORES Y DISE?OS,Gs   285.900,https://www.stock.com.py/images/thumbs/0188929_500.jpeg,17/12/24
Educativos/ De Mesa,ARENA MAGICA 200 GRS ACRILEX REF 05912,Gs   34.650,https://www.stock.com.py/images/thumbs/0170659_500.jpeg,17/12/24
Educativos/ De Mesa,SLIME KIMELEKA 180GR METAL. COL VRIOS ACRILEX POTE REF 05832,Gs   22.900,https://www.stock.com.py/images/thumbs/0170622_500.jpeg,17/12/24
Educativos/ De Mesa,JUGUETE DIDACTA DOMINO DE ANIMALES,Gs   100.000,https://www.stock.com.py/images/thumbs/0142874_500.jpeg,17/12/24
Educativos/ De Mesa,JUGUETE DIDACTA DOMINO COLORIDO,Gs   100.000,https://www.stock.com.py/images/thumbs/0142872_500.jpeg,17/12/24
Educativos/ De Mesa,JUGUETE DIDACTA LAS VOCALES,Gs   70.750,https://www.stock.com.py/images/thumbs/0142869_500.jpeg,17/12/24
Educativos/ De Mesa,"JGTE ""DIDACTA"" ROMPEC CUERPO HUMANO",Gs   70.750,https://www.stock.com.py/images/thumbs/0142865_500.jpeg,17/12/24
Educativos/ De Mesa,CONTANDO DEL 1 AL 10,Gs   48.900,https://www.stock.com.py/images/thumbs/noDefaultImage_stock_500.gif,17/12/24
Educativos/ De Mesa,PEPI JUEGO DE MESA APRENDIENDO A CONTAR DEL 1 AL 10,Gs   54.900,https://www.stock.com.py/images/thumbs/noDefaultImage_stock_500.gif,17/12/24
Educativos/ De Mesa,DOMINO EN CAJA D/MADERA DIS/PUNTOS PEPI,Gs   48.500,https://www.stock.com.py/images/thumbs/noDefaultImage_stock_500.gif,17/12/24
Educativos/ De Mesa,ROMPECABEZAS D/MADERA 36 PIEZAS PEPI,Gs   74.900,https://www.stock.com.py/images/thumbs/noDefaultImage_stock_500.gif,17/12/24
Educativos/ De Mesa,JUGUETE PISTOLA D/AGUA BOL REF MKM645484,Gs   54.900,https://www.stock.com.py/images/thumbs/noDefaultImage_stock_500.gif,17/12/24
Educativos/ De Mesa,JUGUETE BLOQUE 50PZAS DY REF 153,Gs   44.900,https://www.stock.com.py/images/thumbs/noDefaultImage_stock_500.gif,17/12/24
Educativos/ De Mesa,JUGUETE  D/BLOQUES 45 PZAS DY,Gs   64.900,https://www.stock.com.py/images/thumbs/noDefaultImage_stock_500.gif,17/12/24
Educativos/ De Mesa,JUGUETE JUEGO D/BLOQUES 162 PZAS DY,Gs   54.900,https://www.stock.com.py/images/thumbs/noDefaultImage_stock_500.gif,17/12/24
Para Niños,TIRANOSAURIO REX MK-5163,Gs   36.900,https://www.stock.com.py/images/thumbs/0209595_500.png,17/12/24
Para Niños,TIRANOSAURIO REX MK-4808,Gs   23.900,https://www.stock.com.py/images/thumbs/0209593_500.png,17/12/24
Para Niños,JUGUETE DIPLODOCUS DY,Gs   54.900,https://www.stock.com.py/images/thumbs/0207607_500.png,17/12/24
Para Niños,JUGUETE BOXEO DY MEDIANO,Gs   98.900,https://www.stock.com.py/images/thumbs/0207591_500.png,17/12/24
Para Niños,JUGUETE TYRANOSAURIO DY,Gs   79.900,https://www.stock.com.py/images/thumbs/0207583_500.png,17/12/24
Para Niños,JUGUETE GUERRERO D/ESPAC BLI PICAPAU 768,Gs   69.900,https://www.stock.com.py/images/thumbs/0205666_500.png,17/12/24
Para Niños,JUGUETE JUEGO D/TALADRO CJA MKM487570,Gs   83.900,https://www.stock.com.py/images/thumbs/0205636_500.png,17/12/24
Para Niños,RECARGA BLAZE STORM C/ 20 DARDOS 6606 XPLAST,Gs   20.900,https://www.stock.com.py/images/thumbs/0205584_500.jpeg,17/12/24
Para Niños,SET DE PISTOLAS LANZA DARDO BLAZE C/ 10 DARDOS 6601 XPLAST,Gs   73.500,https://www.stock.com.py/images/thumbs/0205582_500.jpeg,17/12/24
Para Niños,JUGUETE ROBOT E/CJA DY REF LC70A,Gs   39.900,https://www.stock.com.py/images/thumbs/noDefaultImage_stock_500.gif,17/12/24
Para Niños,JUGUETE TYRANNOSAURUS REX DY,Gs   54.900,https://www.stock.com.py/images/thumbs/noDefaultImage_stock_500.gif,17/12/24
Para Niños,JUGUETE TIRANOSAURUS REX E/HUEVO DY,Gs   19.900,https://www.stock.com.py/images/thumbs/noDefaultImage_stock_500.gif,17/12/24
Para Niños,JUGUETE PISTOLA C/DARDO BOLSA MK REF MKI367091 ,Gs   900,https://www.stock.com.py/images/thumbs/noDefaultImage_stock_500.gif,17/12/24
Para Niños,JUGUETE DINOSAURIO DY REF. 075-20,Gs   79.900,https://www.stock.com.py/images/thumbs/noDefaultImage_stock_500.gif,17/12/24
Para Niños,JUGUETE PISTOLA D/AGUA DY REF 32878/2901,Gs   26.000,https://www.stock.com.py/images/thumbs/noDefaultImage_stock_500.gif,17/12/24
Para Niños,.,Gs   82.500,https://www.stock.com.py/images/thumbs/noDefaultImage_stock_500.gif,17/12/24
Para Niños,JUGUETE PESCA MAGNE?TICO DY MKL782951,Gs   29.900,https://www.stock.com.py/images/thumbs/noDefaultImage_stock_500.gif,17/12/24
Para Niños,JUGUETE MASCOTA PERRO MEU CJA ANJO 2234,Gs   89.900,https://www.stock.com.py/images/thumbs/noDefaultImage_stock_500.gif,17/12/24
Para Niños,JUGUETE JGO D/VETERINARIA MEU CJA ANJO 979,Gs   169.900,https://www.stock.com.py/images/thumbs/noDefaultImage_stock_500.gif,17/12/24
Para Niños,JUGUETE ACC. DE POLICIA DY EN BOLSA,Gs   59.900,https://www.stock.com.py/images/thumbs/noDefaultImage_stock_500.gif,17/12/24
Para Niños,JUGUETE GUANTES DE BOXEO DY REF258-18,Gs   49.500,https://www.stock.com.py/images/thumbs/noDefaultImage_stock_500.gif,17/12/24
Para Niños,JUGUETE TYRANNOSAURUS REX DY,Gs   54.900,https://www.stock.com.py/images/thumbs/noDefaultImage_stock_500.gif,17/12/24
Para Niños,JUGUETE TIRANOSAURUS REX DY,Gs   34.900,https://www.stock.com.py/images/thumbs/noDefaultImage_stock_500.gif,17/12/24
Para Niños,JUGUETE TRICERATOPS DY,Gs   64.900,https://www.stock.com.py/images/thumbs/noDefaultImage_stock_500.gif,17/12/24
Para Niños,JUGUETE STEGOSAURUS DY,Gs   74.900,https://www.stock.com.py/images/thumbs/noDefaultImage_stock_500.gif,17/12/24
Para Niños,JUGUETE BRAQUIOSAURIS DY,Gs   69.900,https://www.stock.com.py/images/thumbs/noDefaultImage_stock_500.gif,17/12/24
Para Niños,JUGUETE  PATO 6UN D/ GOMA DY MAMKL556115,Gs   29.900,https://www.stock.com.py/images/thumbs/noDefaultImage_stock_500.gif,17/12/24
Para Niños,JUGUETE JGO D/HERRAM DY REF MKL865292,Gs   24.900,https://www.stock.com.py/images/thumbs/noDefaultImage_stock_500.gif,17/12/24
Productos para Afeitar,Maq. Des. PB3 Sensitive x 4,Gs   46.900,https://www.stock.com.py/images/thumbs/0204893_500.jpeg,17/12/24
Productos para Afeitar,ESPUMA D/AFEITAR HIDRAT DEEP BLUE URBAN CARE UNLIMITED MEN 149GR,Gs   32.700,https://www.stock.com.py/images/thumbs/0190701_500.jpeg,17/12/24
Productos para Afeitar,AFTER SHAVE HIDRATANTE URBAN CARE UNLIMITED MEN DEEP BLUE 75 ML,Gs   40.100,https://www.stock.com.py/images/thumbs/0184829_500.jpeg,17/12/24
Productos para Afeitar,ESPUMA DE AFEITAR HIPOALERGENICO X193GR ALGABO ALGABO                    x 12,Gs   17.850,https://www.stock.com.py/images/thumbs/0184420_500.png,17/12/24
Productos para Afeitar,NIVEA FOR MEN AFTE FRASCO 100 ML,Gs   85.900,https://www.stock.com.py/images/thumbs/0179308_500.jpeg,17/12/24
Productos para Afeitar,ESPUMA DE AFEITAR NIVEA HIDRATANTE SENSITIVE FCO 200 ML  ,Gs   73.000,https://www.stock.com.py/images/thumbs/0179306_500.jpeg,17/12/24
Productos para Afeitar,ESPUMA D/AFEITAR HIDRATANTE ORIGINALS 200ML NIVEA AER,Gs   58.400,https://www.stock.com.py/images/thumbs/0179305_500.jpeg,17/12/24
Productos para Afeitar,CREMA DE AFEITAR SUAVE PROTECT CARE NIVEA 100ML,Gs   26.700,https://www.stock.com.py/images/thumbs/0179303_500.jpeg,17/12/24
Productos para Afeitar,CREMA DE AFEITAR DR. SELBY PMO,Gs   17.200,https://www.stock.com.py/images/thumbs/0176995_500.jpeg,17/12/24
Productos para Afeitar,Gillette Foamy Mentol 175 g,Gs   62.500,https://www.stock.com.py/images/thumbs/0174292_500.jpeg,17/12/24
Productos para Afeitar,Maq. Des. PB3 Sensitive x 2,Gs   26.150,https://www.stock.com.py/images/thumbs/0174280_500.jpeg,17/12/24
Productos para Afeitar,Rpto. Venus Breeze x 2,Gs   51.450,https://www.stock.com.py/images/thumbs/0174278_500.jpeg,17/12/24
Productos para Afeitar,MAQ. D/AFEITAR VENUS DIVINE SENSITIVE 3HOJAS GILLETTE BLI,Gs   46.550,https://www.stock.com.py/images/thumbs/0174277_500.jpeg,17/12/24
Productos para Afeitar,Maq. Venus Breeze,Gs   50.250,https://www.stock.com.py/images/thumbs/0174276_500.jpeg,17/12/24
Productos para Afeitar,NIVEA FOR MEN FRASCO 100 ML,Gs   85.900,https://www.stock.com.py/images/thumbs/0174049_500.jpeg,17/12/24
Finos Blancos,VINO SAUVIGNON BLANC 750ML CONCHA Y TORO EXPORTACION BOTELLA ,Gs   27.000,https://www.stock.com.py/images/thumbs/0205299_500.jpeg,17/12/24
Finos Blancos,SANGRE DE TORO VINO BLANCO SIN ALCOHOL 750 ML,Gs   105.000,https://www.stock.com.py/images/thumbs/0197494_500.jpeg,17/12/24
Finos Blancos,FREIXENET PINOT GRIGIO VINO BLANCO 750 ML,Gs   106.450,https://www.stock.com.py/images/thumbs/0197491_500.jpeg,17/12/24
Finos Blancos,LUIGI BOSCA DE SANGRE VINO BLANCO 750 ML,Gs   135.000,https://www.stock.com.py/images/thumbs/0196697_500.jpeg,17/12/24
Finos Blancos,VINO BLANCO DEVILS CASILLERO DEL DIABLO 750ML CONCHA Y TORO BOT,Gs   101.700,https://www.stock.com.py/images/thumbs/0191548_500.jpeg,17/12/24
Finos Blancos,VINO BLANCO SAUVIGNON BLANC LUIGI BOSCA 750ML,Gs   92.250,https://www.stock.com.py/images/thumbs/0180617_500.jpeg,17/12/24
Finos Blancos,VINO RUTINI SAUVIGNON BLANCO 75,Gs   98.550,https://www.stock.com.py/images/thumbs/0180599_500.jpeg,17/12/24
Finos Blancos,VINO LANCERS BLANCO 750 ML,Gs   44.000,https://www.stock.com.py/images/thumbs/0180587_500.jpeg,17/12/24
Finos Blancos,VINO BLANCO SAUVIGNON 750 ML  MATUA BOT ,Gs   140.000,https://www.stock.com.py/images/thumbs/0180584_500.jpeg,17/12/24
Finos Blancos,VINO ALMA MORA 750CC BCO PINOT GRIG,Gs   42.500,https://www.stock.com.py/images/thumbs/0180018_500.jpeg,17/12/24
Finos Blancos,VINO BLANCO SAU/BLANC 750ML VIÑA MAIPO BOT ,Gs   33.500,https://www.stock.com.py/images/thumbs/0179927_500.jpeg,17/12/24
Finos Blancos,VINO BLANCO SANTA JULIA CHENIN DULCE NATURAL BOTELLA 750ML,Gs   69.000,https://www.stock.com.py/images/thumbs/0179895_500.jpeg,17/12/24
Finos Blancos,VINO SANTA JULIA SAUVIGNON BLANCO,Gs   62.000,https://www.stock.com.py/images/thumbs/0179886_500.jpeg,17/12/24
Finos Blancos,GRAN VINO SANTA CAROLINA PREMIO,Gs   27.500,https://www.stock.com.py/images/thumbs/0179883_500.jpeg,17/12/24
Finos Blancos,VINO BENJAMIN NIETO SENETINER,Gs   42.000,https://www.stock.com.py/images/thumbs/0179861_500.jpeg,17/12/24
Finos Blancos,VINO BLANCO SANTA HELENA BOTELLA 7,Gs   26.500,https://www.stock.com.py/images/thumbs/0169252_500.jpeg,17/12/24
Finos Blancos,VINO SIGLO DE ORO SAUVIGNON SA,Gs   50.500,https://www.stock.com.py/images/thumbs/0169249_500.jpeg,17/12/24
Finos Blancos,VINO SAUVIGNON CASILLERO DEL DIABLO,Gs   81.350,https://www.stock.com.py/images/thumbs/0147835_500.jpeg,17/12/24
Finos Blancos,VINO RESERVADO BLANCO CONCHA Y,Gs   33.950,https://www.stock.com.py/images/thumbs/0147827_500.jpeg,17/12/24
Finos Blancos,VINO SAUVIGNON COUSIÑO MACUL B,Gs   52.500,https://www.stock.com.py/images/thumbs/0147812_500.jpeg,17/12/24
Colonias y Fragancias,COLONIA LILA BABY BLUE 110ml,Gs   17.100,https://www.stock.com.py/images/thumbs/0208970_500.png,17/12/24
Colonias y Fragancias,COLONIA ROSA BABY BLUE 110ml,Gs   17.100,https://www.stock.com.py/images/thumbs/0208969_500.png,17/12/24
Colonias y Fragancias,COLONIA CELESTE BABY BLUE 110ml,Gs   17.100,https://www.stock.com.py/images/thumbs/0208689_500.png,17/12/24
Colonias y Fragancias,COLONIA PARA BEBE SUEÑOS FCO X125ML DODDY,Gs   20.050,https://www.stock.com.py/images/thumbs/0208609_500.jpeg,17/12/24
Colonias y Fragancias,COLONIA PARA BEBE TERNURA FCO X125ML DODDY,Gs   20.050,https://www.stock.com.py/images/thumbs/0208608_500.jpeg,17/12/24
Colonias y Fragancias,COLONIA PARA BEBE DODDY CUTE BABY 125ML,Gs   20.050,https://www.stock.com.py/images/thumbs/0208607_500.jpeg,17/12/24
Colonias y Fragancias,COLONIA DODDY BEBE SWEET BABY 125ML,Gs   20.050,https://www.stock.com.py/images/thumbs/0208606_500.jpeg,17/12/24
Colonias y Fragancias,BODY SPLASH P/NIN?OS AZUL 120CC PERFUME E,Gs   12.000,https://www.stock.com.py/images/thumbs/0205046_500.jpeg,17/12/24
Colonias y Fragancias,BODY SPLASH NIN?AS C/UNA PRINCESA 120CC P,Gs   10.500,https://www.stock.com.py/images/thumbs/0205045_500.jpeg,17/12/24
Colonias y Fragancias,COLONIA P/BEBE 200ML BABELITO PLA,Gs   17.200,https://www.stock.com.py/images/thumbs/0202193_500.jpeg,17/12/24
Colonias y Fragancias,COLONIA BABY BLUE SIN ALCOHOL 110ml,Gs   17.100,https://www.stock.com.py/images/thumbs/0201511_500.png,17/12/24
Colonias y Fragancias,AGUBABY COLONIA NEUTRO 100 ML,Gs   19.050,https://www.stock.com.py/images/thumbs/0200230_500.jpeg,17/12/24
Colonias y Fragancias,ALGABO KIDS SET MI VILLANO FAVORITO FRAGANCIA CORPORAL 125 ML + SHAMPOO 200 ML,Gs   50.500,https://www.stock.com.py/images/thumbs/0196700_500.jpeg,17/12/24
Colonias y Fragancias,BODY SPLASH C/UNA PRINCESA 120ML PERFUME ES AMOR FCO,Gs   12.000,https://www.stock.com.py/images/thumbs/0192597_500.jpeg,17/12/24
Colonias y Fragancias,COLONIA BABY AMOR DE MAMA 120ML DESINGEL FCO,Gs   11.200,https://www.stock.com.py/images/thumbs/0182113_500.jpeg,17/12/24
Colonias y Fragancias,COLONIA PIBES BR 8OML,Gs   51.300,https://www.stock.com.py/images/thumbs/0145119_500.jpeg,17/12/24
Colonias y Fragancias,BODY SPLASH NIN?OS 120CC PERFUME ES AMOR,Gs   12.000,https://www.stock.com.py/images/thumbs/noDefaultImage_stock_500.gif,17/12/24
Lavado/Planchado,PINZA PARA ROPAS SUPERUTIL 2,Gs   18.000,https://www.stock.com.py/images/thumbs/0212766_500.jpeg,17/12/24
Lavado/Planchado,PALANGANA JAGUAR MINI 1 1/2 LITROS,Gs   3.900,https://www.stock.com.py/images/thumbs/0211561_500.jpeg,17/12/24
Lavado/Planchado,JABONERA JAGUAR,Gs   3.400,https://www.stock.com.py/images/thumbs/0209579_500.jpeg,17/12/24
Lavado/Planchado,JABONERA S/TAPA JAGUAR REF 1795,Gs   2.500,https://www.stock.com.py/images/thumbs/0209577_500.png,17/12/24
Lavado/Planchado,PINZA PARA ROPA DE MADERA GINA 12UN,Gs   8.500,https://www.stock.com.py/images/thumbs/0201226_500.jpeg,17/12/24
Lavado/Planchado,GINA PINZA PARA ROPA DE PLASTICO 12 UNIDADES,Gs   10.700,https://www.stock.com.py/images/thumbs/0200720_500.jpeg,17/12/24
Lavado/Planchado,ECO PINZAS GIGANTE MAD P/ROP THEOTO 12UN,Gs   8.100,https://www.stock.com.py/images/thumbs/0193363_500.jpeg,17/12/24
Lavado/Planchado,THEOTO ECO PINZAS DE MADERA PARA ROPA 12 UNIDADES,Gs   5.500,https://www.stock.com.py/images/thumbs/0193362_500.jpeg,17/12/24
Lavado/Planchado,THEOTO ECO PINZAS PARA ROPA 12 UNIDADES,Gs   8.500,https://www.stock.com.py/images/thumbs/0193361_500.jpeg,17/12/24
Lavado/Planchado,CUERDA PARA TENDER RO 15 MT,Gs   9.000,https://www.stock.com.py/images/thumbs/0183018_500.jpeg,17/12/24
Lavado/Planchado,SET DE CUERDA 15 M C/PINZA PLAST 24 PZ BROETTO BLIS,Gs   37.950,https://www.stock.com.py/images/thumbs/0182893_500.jpeg,17/12/24
Lavado/Planchado,SET DE CUERDA 15 M C/PINZA MADERA 24 PZ BROETTO BLIS,Gs   30.000,https://www.stock.com.py/images/thumbs/0182892_500.jpeg,17/12/24
Lavado/Planchado,SET DE CUERDAS SUPERUTIL 1 UN,Gs   25.800,https://www.stock.com.py/images/thumbs/0182891_500.jpeg,17/12/24
Lavado/Planchado,"Palangana SAN REMO 2,7lt. OBA 601/7E",Gs   10.600,https://www.stock.com.py/images/thumbs/0156000_500.jpeg,17/12/24
Lavado/Planchado,CUERDA PARA ROPA 4X15MTS,Gs   20.100,https://www.stock.com.py/images/thumbs/0151867_500.jpeg,17/12/24
Lavado/Planchado,CUERDA SUPERUTIL BLISTER 1 UN,Gs   12.500,https://www.stock.com.py/images/thumbs/0151848_500.jpeg,17/12/24
Lavado/Planchado,PINZAS P/ROPA 24 PZS SAN REMO REF SR900,Gs   10.350,https://www.stock.com.py/images/thumbs/noDefaultImage_stock_500.gif,17/12/24
Lavado/Planchado,TENDEDERO P/ROPA D/TECHO 1.40x0.56 MOR REF 6008,Gs   78.250,https://www.stock.com.py/images/thumbs/noDefaultImage_stock_500.gif,17/12/24
Lavado/Planchado,GANCHO EXTRA GRAND 1PZA COMMAND BLI 17004SP,Gs   21.300,https://www.stock.com.py/images/thumbs/noDefaultImage_stock_500.gif,17/12/24
Lavado/Planchado,PINZA PARA ROPA PLASTICO C/ GOMA 12 UN PARANA BLIS,Gs   19.600,https://www.stock.com.py/images/thumbs/noDefaultImage_stock_500.gif,17/12/24
Lavado/Planchado,TENDEDERO P/PARED  1M   MOR REF 006022,Gs   99.000,https://www.stock.com.py/images/thumbs/noDefaultImage_stock_500.gif,17/12/24
Lavado/Planchado,PALANGANA JAGUAR 15 L TRANSLUC,Gs   19.300,https://www.stock.com.py/images/thumbs/noDefaultImage_stock_500.gif,17/12/24
Lavado/Planchado,PERCHERO MULTIFUNCIONAL TODO X 8000 REF CH9,Gs   5.000,https://www.stock.com.py/images/thumbs/noDefaultImage_stock_500.gif,17/12/24
Lavado/Planchado,PINZAS D/MADERA DAYO REF.2472,Gs   6.500,https://www.stock.com.py/images/thumbs/noDefaultImage_stock_500.gif,17/12/24
Mayonesa,MAYONESA SABOR ALIOLI HELLMANN'S 940 GR,Gs   34.050,https://www.stock.com.py/images/thumbs/0207269_500.jpeg,17/12/24
Mayonesa,MAYONESA CON LIMON HELLMANN'S 500GR,Gs   15.000,https://www.stock.com.py/images/thumbs/0205159_500.jpeg,17/12/24
Mayonesa,MAYONESA 250CC/KETCHUP 250CC NATURA PACK,Gs   14.700,https://www.stock.com.py/images/thumbs/0204550_500.jpeg,17/12/24
Mayonesa,HELLMANN-S MAYONESA RECETA TIPO CASERA 445 GR,Gs   24.600,https://www.stock.com.py/images/thumbs/0199871_500.jpeg,17/12/24
Mayonesa,HELLMANN-S MAYONESA RECETA TIPO CASERA 320 GR,Gs   19.450,https://www.stock.com.py/images/thumbs/0199865_500.jpeg,17/12/24
Mayonesa,MAYONESA CLASICA HELLMANNS 475GR,Gs   18.100,https://www.stock.com.py/images/thumbs/0198664_500.jpeg,17/12/24
Mayonesa,MAYONESA CLASICA HELLMANNS 950GR,Gs   34.050,https://www.stock.com.py/images/thumbs/0198645_500.jpeg,17/12/24
Mayonesa,MAYONESA CASERA 232GR HELLMANNS,Gs   13.600,https://www.stock.com.py/images/thumbs/0196774_500.jpeg,17/12/24
Mayonesa,MAYONESA CLASICA HELLMANNS 237GR,Gs   9.650,https://www.stock.com.py/images/thumbs/0196182_500.jpeg,17/12/24
Mayonesa,MAYONESA CON ACEITE DE OLIVA MAYOLIVA 250GR,Gs   12.900,https://www.stock.com.py/images/thumbs/0195427_500.jpeg,17/12/24
Mayonesa,MAYONESA CON ACEITE DE OLIVA MAYOLIVA 125GR,Gs   6.700,https://www.stock.com.py/images/thumbs/0195425_500.jpeg,17/12/24
Mayonesa,MAYONESA CON ACEITE DE OLIVA MAYOLIVA 475GR,Gs   23.850,https://www.stock.com.py/images/thumbs/0195424_500.jpeg,17/12/24
Mayonesa,MAYONESA NATURA 500GR,Gs   15.400,https://www.stock.com.py/images/thumbs/0195423_500.jpeg,17/12/24
Mayonesa,MAYONESA NATURA 1KG,Gs   29.850,https://www.stock.com.py/images/thumbs/0195422_500.jpeg,17/12/24
Mayonesa,MAYONESA NATURA 250GR,Gs   8.300,https://www.stock.com.py/images/thumbs/0195421_500.jpeg,17/12/24
Mayonesa,MAYONESA NATURA 125GR,Gs   4.500,https://www.stock.com.py/images/thumbs/0195420_500.jpeg,17/12/24
Mayonesa,MAYONESA NATIVO 500GR,Gs   12.150,https://www.stock.com.py/images/thumbs/0188122_500.jpeg,17/12/24
Mayonesa,MAYONESA NATIVO 230GR,Gs   6.250,https://www.stock.com.py/images/thumbs/0188121_500.jpeg,17/12/24
Mayonesa,MAYONESA NATIVO 125GR,Gs   3.100,https://www.stock.com.py/images/thumbs/0188120_500.jpeg,17/12/24
Mayonesa,MAYONESA BIANCA 125gr,Gs   2.850,https://www.stock.com.py/images/thumbs/0186453_500.jpeg,17/12/24
Mayonesa,MAYONESA 500GR BIANCA DOY,Gs   10.700,https://www.stock.com.py/images/thumbs/0169670_500.jpeg,17/12/24
Mayonesa,MAYONESA 250GR BIANCA DOY,Gs   4.200,https://www.stock.com.py/images/thumbs/0169668_500.jpeg,17/12/24
Mayonesa, PACK HELLMANNS  MAY LIGHT SACH X 475GR  GALLETITA CRACKERS CON SEMILLA DE CHIA X 62GR,Gs   54.900,https://www.stock.com.py/images/thumbs/noDefaultImage_stock_500.gif,17/12/24
Unisex,JUGUETE PISTOLA D/BURBUJAS DY,Gs   59.900,https://www.stock.com.py/images/thumbs/0207601_500.png,17/12/24
Unisex,JUGUETE CUERDA P/SALTAR DY REF 3135-6,Gs   39.900,https://www.stock.com.py/images/thumbs/0207594_500.png,17/12/24
Unisex,MASA SLIME KIMELEKA COL VRIOS C/INSECTO 180 GR ACRILEX POTE REF 05850,Gs   32.900,https://www.stock.com.py/images/thumbs/0205587_500.jpeg,17/12/24
Unisex,DOMINO DE PALABRAS CJA MADERA PEPI,Gs   52.500,https://www.stock.com.py/images/thumbs/0205586_500.jpeg,17/12/24
Unisex,TINTAS ESPECIALES ROXO ACRILEX 180GR,Gs   46.250,https://www.stock.com.py/images/thumbs/0202684_500.jpeg,17/12/24
Unisex,DIDACTA VALE TODO JUNIOR JUEGO DE MESA,Gs   100.000,https://www.stock.com.py/images/thumbs/0199590_500.jpeg,17/12/24
Unisex,ACRILEX KIMELEKA SLIME BUTTER GOMA DE AMASAR 130 GR,Gs   22.900,https://www.stock.com.py/images/thumbs/0193289_500.jpeg,17/12/24
Unisex,MASA SLIME KIMELEKA COL VRIOS C/ ANIMALES MARINOS 180 GR ACRILEX POTE REF 05860,Gs   32.900,https://www.stock.com.py/images/thumbs/0170809_500.jpeg,17/12/24
Unisex,SLIME KIMELEKA 180GR COLORES SURTIDOS ACRILEX REF 05812 POTE ,Gs   25.650,https://www.stock.com.py/images/thumbs/0170594_500.jpeg,17/12/24
Unisex,ROMPECABEZAS D/MADERA 72 PIEZAS PEPI,Gs   82.900,https://www.stock.com.py/images/thumbs/noDefaultImage_stock_500.gif,17/12/24
Unisex,JUGUETE ORGANO MUSICAL DY,Gs   79.900,https://www.stock.com.py/images/thumbs/noDefaultImage_stock_500.gif,17/12/24
Unisex,JUGUETE XILO?FONO DE MADERA DY MKL839390,Gs   59.900,https://www.stock.com.py/images/thumbs/noDefaultImage_stock_500.gif,17/12/24
Unisex,JUGUETE GUITARRA MUSICAL MK CJ MKQ390483,Gs   59.900,https://www.stock.com.py/images/thumbs/noDefaultImage_stock_500.gif,17/12/24
Unisex,JUGUETE BURBUJERO DY PEQUEN?O,Gs   14.900,https://www.stock.com.py/images/thumbs/noDefaultImage_stock_500.gif,17/12/24
Unisex,JUGUETE TABLET DY C/MUSICA,Gs   74.900,https://www.stock.com.py/images/thumbs/noDefaultImage_stock_500.gif,17/12/24
Unisex,JUGUETE BUEBUJERO DY MEDIANO,Gs   22.900,https://www.stock.com.py/images/thumbs/noDefaultImage_stock_500.gif,17/12/24
Unisex,JUGUETE PIZARRA MAGICA DY REF 312A,Gs   49.900,https://www.stock.com.py/images/thumbs/noDefaultImage_stock_500.gif,17/12/24
Unisex,JUGUETE PIZARRA LCD UNIC DY REFWQ663,Gs   154.900,https://www.stock.com.py/images/thumbs/noDefaultImage_stock_500.gif,17/12/24
Unisex,JUGUETE CUERDA P/SALTAR DY REF 3135-6,Gs   39.900,https://www.stock.com.py/images/thumbs/noDefaultImage_stock_500.gif,17/12/24
Unisex,ROMPECABEZAS MEDIOS DE TRANSPORTE PEPI REF 1004,Gs   59.900,https://www.stock.com.py/images/thumbs/noDefaultImage_stock_500.gif,17/12/24
Unisex,ROMPECABEZAS DE 12 PIEZAS SECUENCIA VAMOS A LA ESCUELA PEPI REF 1060,Gs   74.900,https://www.stock.com.py/images/thumbs/noDefaultImage_stock_500.gif,17/12/24
Unisex,JUEGO DE MEMORIA FAMILIA PEPI REF 1280,Gs   49.900,https://www.stock.com.py/images/thumbs/noDefaultImage_stock_500.gif,17/12/24
Unisex,ROMPECABEZAS MIS PRIMERAS PALABRAS PEPI REF 1152,Gs   54.900,https://www.stock.com.py/images/thumbs/noDefaultImage_stock_500.gif,17/12/24
Unisex,DOMINO DE VOCALES S CJA MADERA PEPI,Gs   52.500,https://www.stock.com.py/images/thumbs/noDefaultImage_stock_500.gif,17/12/24
Unisex,ROMPECABEZAS FRUTAS PEPI REF 1003,Gs   59.900,https://www.stock.com.py/images/thumbs/noDefaultImage_stock_500.gif,17/12/24
Unisex,ROMPECABEZAS CONOCIENDO LAS VOCALES PEPI REF 1150,Gs   54.900,https://www.stock.com.py/images/thumbs/noDefaultImage_stock_500.gif,17/12/24
Unisex,JUEGO DE MEMORIA NUMEROS PEPI REF 1203,Gs   54.900,https://www.stock.com.py/images/thumbs/noDefaultImage_stock_500.gif,17/12/24
Unisex,ROMPECABEZAS CONOCIENDO LOS COLORES PEPI REF 1151,Gs   54.900,https://www.stock.com.py/images/thumbs/noDefaultImage_stock_500.gif,17/12/24
Gasificados,"VINO ""FRIZZE"" EVOLUTION BLUE BOT 750 ML",Gs   18.500,https://www.stock.com.py/images/thumbs/0207988_500.jpeg,17/12/24
Gasificados,FRIZZE ITALIAN POMELATA 1 LITRO,Gs   18.500,https://www.stock.com.py/images/thumbs/0196736_500.jpeg,17/12/24
Accesorios,SHAMPOO ELIMINA PIOJOS 500ML ALGABO KIDS,Gs   19.500,https://www.stock.com.py/images/thumbs/0212676_500.png,17/12/24
Accesorios,SACAPUNTAS COSMETICO DOBLE NEW COLOR BLIS,Gs   19.700,https://www.stock.com.py/images/thumbs/0208771_500.jpeg,17/12/24
Accesorios,TOALLITAS DESMAQUILLANTES NIGHT CALMING NEUTROGENA 25UNID,Gs   41.400,https://www.stock.com.py/images/thumbs/0187362_500.jpeg,17/12/24
Accesorios,TOALLITAS DESMAQUILLANTES NEUTROGENA 25UNID,Gs   41.400,https://www.stock.com.py/images/thumbs/0187361_500.jpeg,17/12/24
Varios,JABONERA JAGUAR,Gs   3.400,https://www.stock.com.py/images/thumbs/0209579_500.jpeg,17/12/24
Varios,PORTA CEPILLO D/DIENTES JAGUAR REF 6503,Gs   6.900,https://www.stock.com.py/images/thumbs/0209573_500.jpeg,17/12/24
Varios,BORRADOR PARA PIZARRA ARTESCO ECO,Gs   7.100,https://www.stock.com.py/images/thumbs/0208077_500.jpeg,17/12/24
Varios,FILE CON VARILLA ARTESCO,Gs   3.750,https://www.stock.com.py/images/thumbs/0208065_500.jpeg,17/12/24
Varios,METALICOS DE COLORES 100UN ARTESCO CLIPS,Gs   4.100,https://www.stock.com.py/images/thumbs/0208062_500.jpeg,17/12/24
Varios,PEGAMAMENTO COLA FRI?A CRISTAL TORRE 250G,Gs   16.750,https://www.stock.com.py/images/thumbs/0207967_500.jpeg,17/12/24
Varios, TIZAS MIXTO 12UN REAL CJA ,Gs   4.300,https://www.stock.com.py/images/thumbs/0207954_500.png,17/12/24
Varios,SOBRE TARJETON 135X185CM ALAMO 20 UNID,Gs   10.650,https://www.stock.com.py/images/thumbs/0206851_500.jpeg,17/12/24
Varios,CLIPS  METALICOS 100 UN ARTESCO,Gs   3.750,https://www.stock.com.py/images/thumbs/0203427_500.jpeg,17/12/24
Varios,ALMOHADILLA PARA SELLOS ARTESCO,Gs   16.400,https://www.stock.com.py/images/thumbs/0203419_500.jpeg,17/12/24
Varios,TIJERA ESCOLAR 5 LA NARANJITA ARTESCO BLIS,Gs   5.250,https://www.stock.com.py/images/thumbs/0199634_500.jpeg,17/12/24
Varios,REGLA CRISTAL 30CM ARTESCO CJA,Gs   3.500,https://www.stock.com.py/images/thumbs/0199632_500.jpeg,17/12/24
Varios,ALFILER 28 MM X 50 GR ARTESCO S/E,Gs   5.900,https://www.stock.com.py/images/thumbs/0199624_500.jpeg,17/12/24
Varios,ACRILEX COLA TRANSPARENTE 37 GR,Gs   6.700,https://www.stock.com.py/images/thumbs/0193256_500.jpeg,17/12/24
Varios,TIZAS COLORES SURTIDOS 12UN REAL CJA,Gs   5.200,https://www.stock.com.py/images/thumbs/0192201_500.jpeg,17/12/24
Varios,MAPED TIJERA DE 12 CM,Gs   11.750,https://www.stock.com.py/images/thumbs/0189127_500.jpeg,17/12/24
Varios,COLA ESCOLAR TORRE 120g,Gs   8.200,https://www.stock.com.py/images/thumbs/0184358_500.jpeg,17/12/24
Varios,SILICONA LIQUIDA TORRE 250 ML FRA,Gs   24.400,https://www.stock.com.py/images/thumbs/0184348_500.jpeg,17/12/24
Varios,CINTA SEGURIDAD D/CHEQUES 18MMX30 MTS EDES BLI,Gs   6.100,https://www.stock.com.py/images/thumbs/0183872_500.jpeg,17/12/24
Varios,REGLA ACRIMET 30CM /12 PULGADAS,Gs   5.800,https://www.stock.com.py/images/thumbs/0183348_500.jpeg,17/12/24
Varios,CINTA RACING ALTA PRESION VARIOS COLORES 48MMX15MTS EDES BLI ,Gs   41.050,https://www.stock.com.py/images/thumbs/0177969_500.jpeg,17/12/24
Varios,CINTA DOBLE FAZ 24 MM X25 MTS EDES,Gs   25.500,https://www.stock.com.py/images/thumbs/0177947_500.jpeg,17/12/24
Varios,CINTA DOBLE FAZ 12 MM X25 MTS EDES,Gs   16.300,https://www.stock.com.py/images/thumbs/0177946_500.jpeg,17/12/24
Varios,CINTA DE EMBALAJE48 MM X 100 MTS EDES,Gs   16.000,https://www.stock.com.py/images/thumbs/0177944_500.jpeg,17/12/24
Varios,COLA GLUE STICK BIC EN BARRA ,Gs   6.600,https://www.stock.com.py/images/thumbs/0166357_500.jpeg,17/12/24
Varios,SACAPUNTAS SHAKER 1 ORIFICIO,Gs   8.150,https://www.stock.com.py/images/thumbs/0166332_500.png,17/12/24
Varios,REGLA 20CM BLISTER ACRIMET,Gs   5.500,https://www.stock.com.py/images/thumbs/0166321_500.png,17/12/24
Varios,REGLA 30CM BLISTER ACRIMET,Gs   5.800,https://www.stock.com.py/images/thumbs/0166320_500.png,17/12/24
Caramelos/Chicles,CARAMELOS CON LECHE BUTTER TOFFEES 55GR,Gs   3.500,https://www.stock.com.py/images/thumbs/0208675_500.jpeg,17/12/24
Caramelos/Chicles,CARAMELOS FRUTILLA/CEREZA MENTHOPLUS 30G,Gs   11.000,https://www.stock.com.py/images/thumbs/0208146_500.jpeg,17/12/24
Caramelos/Chicles,CARAMELOS DE MIEL ARCOR 60 GR,Gs   2.500,https://www.stock.com.py/images/thumbs/0207304_500.jpeg,17/12/24
Caramelos/Chicles,CHICLE SABOR SANDIA BELDENT 10 GR,Gs   3.000,https://www.stock.com.py/images/thumbs/0206973_500.jpeg,17/12/24
Caramelos/Chicles,CARAMELO MASTICABLE CAFE SOBERANA 500GR,Gs   16.900,https://www.stock.com.py/images/thumbs/0206966_500.jpeg,17/12/24
Caramelos/Chicles,CARAMELO MASTICABLE S/CAFE? SOBERANA 40GR,Gs   2.850,https://www.stock.com.py/images/thumbs/0206536_500.jpeg,17/12/24
Caramelos/Chicles,CARAMELO DURO SABOR CAFE SOBERANA 40GR,Gs   2.850,https://www.stock.com.py/images/thumbs/0206535_500.jpeg,17/12/24
Caramelos/Chicles,CARAMELOS DE CAFE SOBERANA 500GR,Gs   15.900,https://www.stock.com.py/images/thumbs/0206534_500.jpeg,17/12/24
Caramelos/Chicles,CHICLE SABOR MANDARINA BELDENT 10GR,Gs   3.000,https://www.stock.com.py/images/thumbs/0206467_500.jpeg,17/12/24
Caramelos/Chicles,CARAMELO DURO MENTA BALAS SOBERANA 600GR,Gs   17.250,https://www.stock.com.py/images/thumbs/0206379_500.jpeg,17/12/24
Caramelos/Chicles,TOPLINE SEVEN CHICLES SABOR MENTA Y MENTOL TURBO MINT 50 GR,Gs   18.900,https://www.stock.com.py/images/thumbs/0206093_500.jpeg,17/12/24
Caramelos/Chicles,CHICLE TOPLINE SEVEN STRONG 14.7GR,Gs   4.500,https://www.stock.com.py/images/thumbs/0206092_500.jpeg,17/12/24
Caramelos/Chicles,CHICLE TOPLINE SEVEN STRAWBERRY 14.7GR,Gs   4.500,https://www.stock.com.py/images/thumbs/0206090_500.jpeg,17/12/24
Caramelos/Chicles,CHICLE SEVEN MENTA 14.7 GR TOPLINE BLIS,Gs   4.500,https://www.stock.com.py/images/thumbs/0206089_500.jpeg,17/12/24
Caramelos/Chicles,CHICLES TOPLINE PAQUETE 10 GR MENT,Gs   2.700,https://www.stock.com.py/images/thumbs/0206088_500.jpeg,17/12/24
Caramelos/Chicles,TOPLINE CHICLE SIN AZUCARES SABOR FRUTILLA 6 UNIDADES,Gs   2.700,https://www.stock.com.py/images/thumbs/0206087_500.jpeg,17/12/24
Caramelos/Chicles,CHICLES TOPLINE CAJA 400 GR MEN,Gs   2.700,https://www.stock.com.py/images/thumbs/0206086_500.jpeg,17/12/24
Caramelos/Chicles,CHICLES TOPLINE PAQUETE 10 GR MENT,Gs   2.700,https://www.stock.com.py/images/thumbs/0206085_500.jpeg,17/12/24
Caramelos/Chicles,CHICLE TOPLINE 7 ULTRA RED BERRY 12X12X24G,Gs   8.000,https://www.stock.com.py/images/thumbs/0206084_500.jpeg,17/12/24
Caramelos/Chicles,CHICLE TOPLINE 7 ULTRA CLEAN 12X12X24G,Gs   8.000,https://www.stock.com.py/images/thumbs/0206083_500.jpeg,17/12/24
Caramelos/Chicles,CHICLE TOPLINE 7 ULTRA GREEN MINT 12X12X24G,Gs   8.000,https://www.stock.com.py/images/thumbs/0206082_500.jpeg,17/12/24
Caramelos/Chicles,PASTILLA DRF MENTA 23 GR,Gs   2.300,https://www.stock.com.py/images/thumbs/0205380_500.jpeg,17/12/24
Caramelos/Chicles,FINI GOMITAS SURTIDAS EN FORMA DE GUSANOS 80 GR,Gs   6.600,https://www.stock.com.py/images/thumbs/0204671_500.jpeg,17/12/24
Caramelos/Chicles,FINI GOMITAS MORAS 80 GR,Gs   6.600,https://www.stock.com.py/images/thumbs/0204670_500.jpeg,17/12/24
Caramelos/Chicles,FINI GOMITAS DENTADURAS 80 GR,Gs   6.600,https://www.stock.com.py/images/thumbs/0204668_500.jpeg,17/12/24
Caramelos/Chicles,FINI GOMITAS BANANITOS 80 GR,Gs   6.600,https://www.stock.com.py/images/thumbs/0204667_500.jpeg,17/12/24
Caramelos/Chicles,FINI REGALIZ TUBOS SABOR FRUTAS SILVESTRES Y NATA 80 GR,Gs   6.600,https://www.stock.com.py/images/thumbs/0204665_500.jpeg,17/12/24
Caramelos/Chicles,BALAS SOBERANA PI?ATON SOBERANITA CARAMELOS MASTICABLES SURTIDOS 2 KG,Gs   46.650,https://www.stock.com.py/images/thumbs/0204664_500.jpeg,17/12/24
Dulces,VINO BENJAMIN N750ML DULCE BLANCO,Gs   42.000,https://www.stock.com.py/images/thumbs/0205287_500.jpeg,17/12/24
Dulces,VINO SANTA JULIA TARDIO 500 ML,Gs   85.000,https://www.stock.com.py/images/thumbs/0179869_500.jpeg,17/12/24
Regianito/Parmesano,QUESO EN HORMA TIPO PARMESANO CALCAR xKG,Gs   167.650,https://www.stock.com.py/images/thumbs/0187841_500.jpeg,17/12/24
Regianito/Parmesano,QUESO PARMESANO CONAPROLE XKG,Gs   165.000,https://www.stock.com.py/images/thumbs/0180003_500.jpeg,17/12/24
Regianito/Parmesano,QUESO TREBOL 1 KG SARDO,Gs   97.350,https://www.stock.com.py/images/thumbs/0138432_500.jpeg,17/12/24
Varios snacks,SNACK YES YES QUESO 25GR,Gs   650,https://www.stock.com.py/images/thumbs/0191828_500.jpeg,17/12/24
Varios snacks,TOSTADITAS SABOR PIZZA MARETTI 70GR BSA,Gs   8.900,https://www.stock.com.py/images/thumbs/0183598_500.jpeg,17/12/24
Varios snacks,CEBOLLITA CEPERA FRASCO 200 GR EN,Gs   24.600,https://www.stock.com.py/images/thumbs/0168943_500.jpeg,17/12/24
Caramelos/Chicles,CARAMELOS CON LECHE BUTTER TOFFEES 55GR,Gs   3.500,https://www.stock.com.py/images/thumbs/0208675_500.jpeg,17/12/24
Caramelos/Chicles,CARAMELOS FRUTILLA/CEREZA MENTHOPLUS 30G,Gs   11.000,https://www.stock.com.py/images/thumbs/0208146_500.jpeg,17/12/24
Caramelos/Chicles,CARAMELOS DE MIEL ARCOR 60 GR,Gs   2.500,https://www.stock.com.py/images/thumbs/0207304_500.jpeg,17/12/24
Caramelos/Chicles,CHICLE SABOR SANDIA BELDENT 10 GR,Gs   3.000,https://www.stock.com.py/images/thumbs/0206973_500.jpeg,17/12/24
Caramelos/Chicles,CARAMELO MASTICABLE CAFE SOBERANA 500GR,Gs   16.900,https://www.stock.com.py/images/thumbs/0206966_500.jpeg,17/12/24
Caramelos/Chicles,CARAMELO MASTICABLE S/CAFE? SOBERANA 40GR,Gs   2.850,https://www.stock.com.py/images/thumbs/0206536_500.jpeg,17/12/24
Caramelos/Chicles,CARAMELO DURO SABOR CAFE SOBERANA 40GR,Gs   2.850,https://www.stock.com.py/images/thumbs/0206535_500.jpeg,17/12/24
Caramelos/Chicles,CARAMELOS DE CAFE SOBERANA 500GR,Gs   15.900,https://www.stock.com.py/images/thumbs/0206534_500.jpeg,17/12/24
Caramelos/Chicles,CHICLE SABOR MANDARINA BELDENT 10GR,Gs   3.000,https://www.stock.com.py/images/thumbs/0206467_500.jpeg,17/12/24
Caramelos/Chicles,CARAMELO DURO MENTA BALAS SOBERANA 600GR,Gs   17.250,https://www.stock.com.py/images/thumbs/0206379_500.jpeg,17/12/24
Caramelos/Chicles,TOPLINE SEVEN CHICLES SABOR MENTA Y MENTOL TURBO MINT 50 GR,Gs   18.900,https://www.stock.com.py/images/thumbs/0206093_500.jpeg,17/12/24
Caramelos/Chicles,CHICLE TOPLINE SEVEN STRONG 14.7GR,Gs   4.500,https://www.stock.com.py/images/thumbs/0206092_500.jpeg,17/12/24
Caramelos/Chicles,CHICLE TOPLINE SEVEN STRAWBERRY 14.7GR,Gs   4.500,https://www.stock.com.py/images/thumbs/0206090_500.jpeg,17/12/24
Caramelos/Chicles,CHICLE SEVEN MENTA 14.7 GR TOPLINE BLIS,Gs   4.500,https://www.stock.com.py/images/thumbs/0206089_500.jpeg,17/12/24
Caramelos/Chicles,CHICLES TOPLINE PAQUETE 10 GR MENT,Gs   2.700,https://www.stock.com.py/images/thumbs/0206088_500.jpeg,17/12/24
Caramelos/Chicles,TOPLINE CHICLE SIN AZUCARES SABOR FRUTILLA 6 UNIDADES,Gs   2.700,https://www.stock.com.py/images/thumbs/0206087_500.jpeg,17/12/24
Caramelos/Chicles,CHICLES TOPLINE CAJA 400 GR MEN,Gs   2.700,https://www.stock.com.py/images/thumbs/0206086_500.jpeg,17/12/24
Caramelos/Chicles,CHICLES TOPLINE PAQUETE 10 GR MENT,Gs   2.700,https://www.stock.com.py/images/thumbs/0206085_500.jpeg,17/12/24
Caramelos/Chicles,CHICLE TOPLINE 7 ULTRA RED BERRY 12X12X24G,Gs   8.000,https://www.stock.com.py/images/thumbs/0206084_500.jpeg,17/12/24
Caramelos/Chicles,CHICLE TOPLINE 7 ULTRA CLEAN 12X12X24G,Gs   8.000,https://www.stock.com.py/images/thumbs/0206083_500.jpeg,17/12/24
Caramelos/Chicles,CHICLE TOPLINE 7 ULTRA GREEN MINT 12X12X24G,Gs   8.000,https://www.stock.com.py/images/thumbs/0206082_500.jpeg,17/12/24
Caramelos/Chicles,PASTILLA DRF MENTA 23 GR,Gs   2.300,https://www.stock.com.py/images/thumbs/0205380_500.jpeg,17/12/24
Caramelos/Chicles,FINI GOMITAS SURTIDAS EN FORMA DE GUSANOS 80 GR,Gs   6.600,https://www.stock.com.py/images/thumbs/0204671_500.jpeg,17/12/24
Caramelos/Chicles,FINI GOMITAS MORAS 80 GR,Gs   6.600,https://www.stock.com.py/images/thumbs/0204670_500.jpeg,17/12/24
Caramelos/Chicles,FINI GOMITAS DENTADURAS 80 GR,Gs   6.600,https://www.stock.com.py/images/thumbs/0204668_500.jpeg,17/12/24
Caramelos/Chicles,FINI GOMITAS BANANITOS 80 GR,Gs   6.600,https://www.stock.com.py/images/thumbs/0204667_500.jpeg,17/12/24
Caramelos/Chicles,FINI REGALIZ TUBOS SABOR FRUTAS SILVESTRES Y NATA 80 GR,Gs   6.600,https://www.stock.com.py/images/thumbs/0204665_500.jpeg,17/12/24
Caramelos/Chicles,BALAS SOBERANA PI?ATON SOBERANITA CARAMELOS MASTICABLES SURTIDOS 2 KG,Gs   46.650,https://www.stock.com.py/images/thumbs/0204664_500.jpeg,17/12/24
Galletitas/Postres,MAZZEI CEREAL AROS FRUTALES LIBRE DE GLUTEN 230 GR,Gs   15.500,https://www.stock.com.py/images/thumbs/0204590_500.jpeg,17/12/24
Galletitas/Postres,MAZZEI CEREAL HOJUELAS LIBRE DE GLUTEN 300 GR,Gs   16.000,https://www.stock.com.py/images/thumbs/0204589_500.jpeg,17/12/24
Galletitas/Postres,BARRA AMEN E CAR SUPINO PROTEIN MAX 46GR,Gs   7.550,https://www.stock.com.py/images/thumbs/0202764_500.jpeg,17/12/24
Galletitas/Postres,OBLEA D/ARROZ C/RELLENO D/LIMON LULEMUU 15GR PLAST,Gs   4.500,https://www.stock.com.py/images/thumbs/0202471_500.jpeg,17/12/24
Galletitas/Postres,GULLON FINAS GALLETA AVENA CON COBERTURA CHOCO LECHE ZERO 150 GR,Gs   25.900,https://www.stock.com.py/images/thumbs/0200897_500.jpeg,17/12/24
Galletitas/Postres,GULLON GALLETA CON CREMA SABOR CHOCOLATE 225 GR,Gs   25.900,https://www.stock.com.py/images/thumbs/0200896_500.jpeg,17/12/24
Galletitas/Postres,GULLON GALLETA CON CHIPS DE CHOCOLATE Y COPOS DE AVENA 220 GR,Gs   25.900,https://www.stock.com.py/images/thumbs/0200895_500.jpeg,17/12/24
Galletitas/Postres,HOGARE?AS GALLETITAS DE ARROZ 110 GR,Gs   11.500,https://www.stock.com.py/images/thumbs/0199672_500.jpeg,17/12/24
Galletitas/Postres,GALLETITA DE MAIZ LESTELLO 130GR,Gs   18.500,https://www.stock.com.py/images/thumbs/0196073_500.jpeg,17/12/24
Galletitas/Postres,GALLETITA DE ARROZ NATURAL LESTELLO 110GR,Gs   14.500,https://www.stock.com.py/images/thumbs/0196068_500.jpeg,17/12/24
Galletitas/Postres,SUPINO PROTEIN BARRA DE PROTEINAS SABOR VAINILLA CON CRISPIES 30 GR,Gs   7.550,https://www.stock.com.py/images/thumbs/0193824_500.jpeg,17/12/24
Galletitas/Postres,FIDEO D/MAIZ SIN GLUTEN LAS ACACIAS SPAGUETTI 300GR BSA,Gs   23.500,https://www.stock.com.py/images/thumbs/0190750_500.jpeg,17/12/24
Galletitas/Postres,FIDEO D/MAIZ SIN GLUTEN LAS ACACIAS FUSILLI 300GR BSA,Gs   23.500,https://www.stock.com.py/images/thumbs/0190749_500.jpeg,17/12/24
Galletitas/Postres,FIDEO D/MAIZ SIN GLUTEN LAS ACACIAS PENNETE 300GR BSA,Gs   23.500,https://www.stock.com.py/images/thumbs/0190748_500.jpeg,17/12/24
Galletitas/Postres,GALLETA DE ARROZ INTEGRAL CON LINO Y SESAMO B-LIGHT 20UNID,Gs   11.500,https://www.stock.com.py/images/thumbs/0187137_500.jpeg,17/12/24
Galletitas/Postres,GALLETA DE ARROZ INTEGRAL SIN SAL B-LIGHT 20UNID,Gs   9.350,https://www.stock.com.py/images/thumbs/0187136_500.jpeg,17/12/24
Galletitas/Postres,GALLETITA CINNAMON CRIPS 235 GR GULLON PAQ,Gs   14.500,https://www.stock.com.py/images/thumbs/0171142_500.png,17/12/24
Galletitas/Postres,MINI GALLETA S/GLUTEN CHIPS CHOCO GULLON CJA,Gs   29.900,https://www.stock.com.py/images/thumbs/0171130_500.png,17/12/24
Galletitas/Postres,GALLETITA DIGESTIVA AVENA S/AZUCAR 410 GR GULLON CJA,Gs   25.900,https://www.stock.com.py/images/thumbs/0171121_500.png,17/12/24
Galletitas/Postres,GALLETITA FIBRA INTEGRAL S/AZUCAR 170 GR GULLON PAQ,Gs   16.500,https://www.stock.com.py/images/thumbs/0171116_500.png,17/12/24
Galletitas/Postres,GALLETA DE ARROZ INTEGRAL LAS ACACIAS 130 GR ,Gs   14.500,https://www.stock.com.py/images/thumbs/0164398_500.jpeg,17/12/24
Galletitas/Postres,GALLETAS PASTAS COOKIES S/GLUTEN 200 GR GULLON CJA,Gs   28.900,https://www.stock.com.py/images/thumbs/0163174_500.jpeg,17/12/24
Cuidado para Calzados,POMADA LIQ AUTOBRILLO MARRON 60ML WASSINGTON FCO,Gs   16.950,https://www.stock.com.py/images/thumbs/0176029_500.jpeg,17/12/24
Cuidado para Calzados,POMADA LIQ AUTOBRILLO NEGRO 60GR WASSINGTON FCO,Gs   16.950,https://www.stock.com.py/images/thumbs/0176028_500.jpeg,17/12/24
Cuidado para Calzados,POMADA LIQUIDA CUERO/CUERINA BLANCO 60CM WASSINGTON PLAS,Gs   15.950,https://www.stock.com.py/images/thumbs/0176022_500.jpeg,17/12/24
Cuidado para Calzados,ESPONJA PARA ZAPATOS WASSINGTON MARRON,Gs   25.950,https://www.stock.com.py/images/thumbs/0176021_500.jpeg,17/12/24
Cuidado para Calzados,ESPONJA PARA ZAPATOS WASSINGTON NEGRO,Gs   25.950,https://www.stock.com.py/images/thumbs/0176020_500.jpeg,17/12/24
Cuidado para Calzados,ESPONJA BRILLO PARA CALZADO WASSI,Gs   25.950,https://www.stock.com.py/images/thumbs/0176019_500.jpeg,17/12/24
Cuidado para Calzados,POMADA PARA CALZADO NEGRO 30GR WASSINTON,Gs   8.700,https://www.stock.com.py/images/thumbs/0176017_500.jpeg,17/12/24
Diet/Bajas Calorias,QUESO CHEDDAR LIGHT PARA SANDWICH POLENGHI 144GR,Gs   19.400,https://www.stock.com.py/images/thumbs/0211508_500.jpeg,17/12/24
Diet/Bajas Calorias,QUESO REQUESON LIGHT POLENGHI 200GR,Gs   21.800,https://www.stock.com.py/images/thumbs/0211502_500.jpeg,17/12/24
Diet/Bajas Calorias,JUGO DE NARANJA BC LA CAMPAGNOLA 200 ML,Gs   3.850,https://www.stock.com.py/images/thumbs/0208233_500.jpeg,17/12/24
Diet/Bajas Calorias,JUGO DE MANZANA BC LA CAMPAGNOLA 200 ML,Gs   3.850,https://www.stock.com.py/images/thumbs/0207309_500.jpeg,17/12/24
Diet/Bajas Calorias,JUGO MULTIFRUTA BC LA CAMPAGNOLA 200 ML,Gs   3.850,https://www.stock.com.py/images/thumbs/0207308_500.jpeg,17/12/24
Diet/Bajas Calorias,HAMBURGUESA LIGHT GUARANI 12 UND,Gs   48.300,https://www.stock.com.py/images/thumbs/0206744_500.jpeg,17/12/24
Diet/Bajas Calorias,HAMBURGUESA LIGHT GUARANI 6 UND,Gs   24.600,https://www.stock.com.py/images/thumbs/0206743_500.jpeg,17/12/24
Diet/Bajas Calorias,EDULCORANTE POLVO HECODULC TRADICIONAL CAJA 100UN,Gs   24.900,https://www.stock.com.py/images/thumbs/0202084_500.jpeg,17/12/24
Diet/Bajas Calorias,EDULCORANTE POLVO HECODULC KAA HEE CAJA 100UN,Gs   38.500,https://www.stock.com.py/images/thumbs/0202082_500.jpeg,17/12/24
Diet/Bajas Calorias,MERMELADA DE CIRUELA LIGHT SABORES DE AREGUA 400G,Gs   14.900,https://www.stock.com.py/images/thumbs/0201729_500.jpeg,17/12/24
Diet/Bajas Calorias,MERMELADA DE DURAZNO LIGHT SABORES DE AREGUA 400G,Gs   14.900,https://www.stock.com.py/images/thumbs/0201728_500.jpeg,17/12/24
Diet/Bajas Calorias,YOGURT DIETETICO TREBOL VAINILLA POTE 350ML,Gs   4.900,https://www.stock.com.py/images/thumbs/0201036_500.png,17/12/24
Diet/Bajas Calorias,YOGURT DIETETICO TREBOL FRUTILLA POTE 350ML,Gs   4.900,https://www.stock.com.py/images/thumbs/0201035_500.png,17/12/24
Diet/Bajas Calorias,YOGURT DIETETICO TREBOL COCO POTE 350ML,Gs   4.900,https://www.stock.com.py/images/thumbs/0201034_500.png,17/12/24
Diet/Bajas Calorias,EDULCORANTE MIX CON STEVIA KADO 250ML,Gs   17.450,https://www.stock.com.py/images/thumbs/0198744_500.jpeg,17/12/24
Diet/Bajas Calorias,EDULCORANTE MIX CON STEVIA KADO 100ML,Gs   10.800,https://www.stock.com.py/images/thumbs/0198743_500.jpeg,17/12/24
Diet/Bajas Calorias,EDULCORANTE CLASICO DULKRE 100 SOBRES,Gs   25.350,https://www.stock.com.py/images/thumbs/0195414_500.jpeg,17/12/24
Diet/Bajas Calorias,EDULCORANTE CLASICO DULKRE 50 SOBRES,Gs   15.100,https://www.stock.com.py/images/thumbs/0195413_500.jpeg,17/12/24
Diet/Bajas Calorias,EDULCORANTE CLASICO DULKRE 500ML,Gs   25.350,https://www.stock.com.py/images/thumbs/0195412_500.jpeg,17/12/24
Diet/Bajas Calorias,EDULCORANTE CLASICO DULKRE 250ML,Gs   15.300,https://www.stock.com.py/images/thumbs/0195411_500.jpeg,17/12/24
Diet/Bajas Calorias,JUGO DE NARANJA DIETETICO 500ML BC CAMPAGNOLA TETRA ,Gs   8.000,https://www.stock.com.py/images/thumbs/0190863_500.jpeg,17/12/24
Diet/Bajas Calorias,JUGO SABOR MANZANA WATT'S LIGHT 1LT,Gs   10.500,https://www.stock.com.py/images/thumbs/0188132_500.jpeg,17/12/24
Diet/Bajas Calorias,JUGO SABOR DURAZNO WATT'S LIGHT 200ML,Gs   4.000,https://www.stock.com.py/images/thumbs/0188131_500.jpeg,17/12/24
Diet/Bajas Calorias,JUGO SABOR DURAZNO WATT'S LIGHT 1LT,Gs   10.500,https://www.stock.com.py/images/thumbs/0188130_500.jpeg,17/12/24
Diet/Bajas Calorias,JUGO SABOR NARANJA WATT'S LIGHT 1LT,Gs   10.500,https://www.stock.com.py/images/thumbs/0188127_500.jpeg,17/12/24
Diet/Bajas Calorias,GELATINA SABOR MANZANA VERDE DIETALAT PARMALAT 180GR,Gs   2.650,https://www.stock.com.py/images/thumbs/0187615_500.jpeg,17/12/24
Diet/Bajas Calorias,LECHE SEMIDESCREMADA LIGHT SACHET SAN LOREN 1LT,Gs   4.850,https://www.stock.com.py/images/thumbs/0187594_500.jpeg,17/12/24
Diet/Bajas Calorias,GELATINA SABOR NARANJA DIETALAT PARMALAT 180GR,Gs   2.650,https://www.stock.com.py/images/thumbs/0187591_500.jpeg,17/12/24
Con Carozo/ Pulpa,PELON 1 KG ARGENTINA,Gs   36.450,https://www.stock.com.py/images/thumbs/0167404_500.jpeg,17/12/24
Con Carozo/ Pulpa,DURAZNO 1 KG ARGENTINA,Gs   34.450,https://www.stock.com.py/images/thumbs/0167403_500.jpeg,17/12/24
Con Carozo/ Pulpa,CIRUELA 1 KG ARGENTINA,Gs   30.900,https://www.stock.com.py/images/thumbs/0167402_500.jpeg,17/12/24
Con Carozo/ Pulpa,UVA 1 KG NEGRA BRASIL,Gs   33.400,https://www.stock.com.py/images/thumbs/0157620_500.jpeg,17/12/24
Con Carozo/ Pulpa,UVA 1 KG ROSADA NACIONAL,Gs   31.900,https://www.stock.com.py/images/thumbs/0114517_500.png,17/12/24
Alcohol,SANITIZANTE LIQ P/MAN ALCOH DAILY 350ML,Gs   16.900,https://www.stock.com.py/images/thumbs/0208982_500.png,17/12/24
Alcohol,SANITIZANTE P/MANOS ALCOHOL 70% GLICERIN,Gs   11.000,https://www.stock.com.py/images/thumbs/0208981_500.png,17/12/24
Alcohol,ALCOHOL RECTIFICADO AL 70PRC 1LT AMITA,Gs   21.550,https://www.stock.com.py/images/thumbs/0184442_500.jpeg,17/12/24
Alcohol,ALCOHOL DESINFECTANTE SPRAY P/MANOS MATHER PARMA 100ML FCO,Gs   6.550,https://www.stock.com.py/images/thumbs/0183767_500.jpeg,17/12/24
Alcohol,ALCOHOL RECTIFICADO AMITA BOTELLA,Gs   20.500,https://www.stock.com.py/images/thumbs/0172854_500.png,17/12/24
Alcohol,ALCOHOL RECTIFICADO AMITA BOTELLA,Gs   11.150,https://www.stock.com.py/images/thumbs/0150107_500.jpeg,17/12/24
Premium,WHISKY 12 AÑOS CHIVAS REGAL 1LT,Gs   178.000,https://www.stock.com.py/images/thumbs/0198668_500.jpeg,17/12/24
Premium,WHISKY HONEY AND RAISISNS 750ML GLENFIDDICH 15 AÑOS BOT,Gs   501.000,https://www.stock.com.py/images/thumbs/0180130_500.jpeg,17/12/24
Premium,WHISKY BLACK & WHITE SIN CAJA 1LT,Gs   63.000,https://www.stock.com.py/images/thumbs/0178019_500.jpeg,17/12/24
Premium,WHISKY DOUBLE BLACK 750ML JOHNNIE WALKER BOT C/CAJA,Gs   221.300,https://www.stock.com.py/images/thumbs/0177987_500.jpeg,17/12/24
Premium,WHISKY JACK DANIELS 12 AÑOS 1LT GENTLEMAN JACK BOT,Gs   335.000,https://www.stock.com.py/images/thumbs/0176307_500.jpeg,17/12/24
Premium,WHISKY BALLANTINES FINEST SIN CAJA 1 LITRO,Gs   99.000,https://www.stock.com.py/images/thumbs/0170959_500.jpeg,17/12/24
Premium,WHISKY JACK DANIELS BOTELLA 1 LITRO,Gs   179.000,https://www.stock.com.py/images/thumbs/0157039_500.jpeg,17/12/24
Premium,WHISKY OLD PARR 12 AÑOS CON CAJA 1LT,Gs   222.300,https://www.stock.com.py/images/thumbs/0140634_500.jpeg,17/12/24
Alimentación,VASO SHAKE C/PAJITA DIS INF 360ML JAGUAR REF 4195,Gs   6.300,https://www.stock.com.py/images/thumbs/0212677_500.png,17/12/24
Alimentación,BABERO + OMBLIGUERO CELESTE BABY STAR,Gs   39.500,https://www.stock.com.py/images/thumbs/0208052_500.jpeg,17/12/24
Alimentación,BABERO + OMBLIGUERO ROSA BABY STAR,Gs   39.500,https://www.stock.com.py/images/thumbs/0208051_500.jpeg,17/12/24
Alimentación,OMBLIGUERO DE ALGODO?N BABY STAR,Gs   5.500,https://www.stock.com.py/images/thumbs/0208050_500.jpeg,17/12/24
Alimentación,BABERO + OMBLIGUERO BLANCO BABY STAR,Gs   39.500,https://www.stock.com.py/images/thumbs/0208048_500.jpeg,17/12/24
Alimentación,GORRITO PARA BEBE BABY STAR,Gs   9.500,https://www.stock.com.py/images/thumbs/0208047_500.jpeg,17/12/24
Alimentación,MANTITA PARA BEBE BABY STAR,Gs   36.200,https://www.stock.com.py/images/thumbs/0208046_500.jpeg,17/12/24
Alimentación,CHUPETE ANATOMICO T3 BABELITO,Gs   10.800,https://www.stock.com.py/images/thumbs/0206298_500.jpeg,17/12/24
Alimentación,CHUPETE ANATOMICO T2 BABELITO,Gs   10.800,https://www.stock.com.py/images/thumbs/0206297_500.jpeg,17/12/24
Alimentación,"CHUPETE ""BABELITO"" RED.LATEX C/CAPUC.Nº1",Gs   11.600,https://www.stock.com.py/images/thumbs/0206294_500.jpeg,17/12/24
Alimentación,BIBERON BOCA ESTANDAR 250 ML BABELITO T NRO 3 BLIS,Gs   18.000,https://www.stock.com.py/images/thumbs/0206293_500.jpeg,17/12/24
Alimentación,BIBERON BOCA ESTANDAR COL.VERDE 250ML BABELITO BLIS,Gs   18.000,https://www.stock.com.py/images/thumbs/0206292_500.jpeg,17/12/24
Alimentación,VASO CON TAPA NEOPAN  ROSADO 140 ML,Gs   21.400,https://www.stock.com.py/images/thumbs/0204059_500.jpeg,17/12/24
Alimentación,VASO CON TAPA NEOPAN AZUL 140 ML,Gs   21.400,https://www.stock.com.py/images/thumbs/0204058_500.jpeg,17/12/24
Alimentación,CHUPETE NEOPAN AZUL NEOPAN,Gs   18.400,https://www.stock.com.py/images/thumbs/0204055_500.jpeg,17/12/24
Alimentación,CHUPETE NEOPAN AZUL,Gs   18.000,https://www.stock.com.py/images/thumbs/0204054_500.jpeg,17/12/24
Alimentación,CHUPETE NEOPAN LILA,Gs   18.400,https://www.stock.com.py/images/thumbs/0204053_500.jpeg,17/12/24
Alimentación,CHUPETE NEOPAN LILA,Gs   18.000,https://www.stock.com.py/images/thumbs/0204052_500.jpeg,17/12/24
Alimentación,CHUPETE NEOPAN ROSA,Gs   11.600,https://www.stock.com.py/images/thumbs/0204051_500.jpeg,17/12/24
Alimentación,CHUPETE NEOPAN AZUL,Gs   11.600,https://www.stock.com.py/images/thumbs/0204050_500.jpeg,17/12/24
Alimentación,CHUPETE NEOPAN ROSA,Gs   11.600,https://www.stock.com.py/images/thumbs/0204049_500.jpeg,17/12/24
Alimentación,CHUPETE NEOPAN AZUL,Gs   11.600,https://www.stock.com.py/images/thumbs/0204048_500.jpeg,17/12/24
Alimentación,CHUPETE NEOPAN ROJO,Gs   17.900,https://www.stock.com.py/images/thumbs/0204047_500.jpeg,17/12/24
Alimentación,CHUPETE NEOPAN CELESTE,Gs   17.900,https://www.stock.com.py/images/thumbs/0204046_500.jpeg,17/12/24
Alimentación,CHUPETE NEOPAN ROJO,Gs   17.900,https://www.stock.com.py/images/thumbs/0204045_500.jpeg,17/12/24
Alimentación,CHUPETE NEOPAN CELESTE,Gs   17.900,https://www.stock.com.py/images/thumbs/0204044_500.jpeg,17/12/24
Alimentación,BIBERON ROSADO NEOPAN 240 ML,Gs   20.700,https://www.stock.com.py/images/thumbs/0204041_500.jpeg,17/12/24
Alimentación,BIBERON AZUL NEOPAN 240 ML,Gs   20.800,https://www.stock.com.py/images/thumbs/0204040_500.jpeg,17/12/24
Decoración Hogar,PERCHERO MADERA GRANDE PUZZLEZ BLIS ,Gs   13.000,https://www.stock.com.py/images/thumbs/0178083_500.jpeg,17/12/24
Decoración Hogar,ALFOMBRA ANTIDESLIZANTE IW REF M01,Gs   20.900,https://www.stock.com.py/images/thumbs/noDefaultImage_stock_500.gif,17/12/24
Decoración Hogar,ALFOMBRA P/ENTRADA 50X80CM KENNEDY,Gs   41.900,https://www.stock.com.py/images/thumbs/noDefaultImage_stock_500.gif,17/12/24
Decoración Hogar,ALFOMBRA P/ENTRADA 40X60 DAYO RO121,Gs   9.900,https://www.stock.com.py/images/thumbs/noDefaultImage_stock_500.gif,17/12/24
Decoración Hogar,ALFOMBRA P/ENTRADA KENNEDY NUBIA40X60,Gs   29.900,https://www.stock.com.py/images/thumbs/noDefaultImage_stock_500.gif,17/12/24
Decoración Hogar,ESTERILLA D/PLAST DAYO REF.34800-2,Gs   28.900,https://www.stock.com.py/images/thumbs/noDefaultImage_stock_500.gif,17/12/24
Regianito/Parmesano,QUESO EN HORMA TIPO PARMESANO CALCAR xKG,Gs   167.650,https://www.stock.com.py/images/thumbs/0187841_500.jpeg,17/12/24
Regianito/Parmesano,QUESO PARMESANO CONAPROLE XKG,Gs   165.000,https://www.stock.com.py/images/thumbs/0180003_500.jpeg,17/12/24
Regianito/Parmesano,QUESO TREBOL 1 KG SARDO,Gs   97.350,https://www.stock.com.py/images/thumbs/0138432_500.jpeg,17/12/24
Comercial,TALONARIO DE RECIBO GS 100 HOJAS ALAMO S/E,Gs   8.150,https://www.stock.com.py/images/thumbs/0202238_500.jpeg,17/12/24
Comercial,PTE.PAGARE EN G SIN COLOR X20,Gs   7.300,https://www.stock.com.py/images/thumbs/0166340_500.png,17/12/24
Untables Env,QUESO REQUESON LIGHT ZERO LACTOSA POLENGHI 200GR,Gs   30.000,https://www.stock.com.py/images/thumbs/0212351_500.jpeg,17/12/24
Untables Env,CREMA DE RICOTA LIGHT POLENGHI 150GR UN,Gs   14.450,https://www.stock.com.py/images/thumbs/0212348_500.jpeg,17/12/24
Untables Env,QUESO CHEDDAR LIGHT PARA SANDWICH POLENGHI 144GR,Gs   19.400,https://www.stock.com.py/images/thumbs/0211508_500.jpeg,17/12/24
Untables Env,QUESO CREAM CHEESE LIGHT POLENGHI 150GR,Gs   21.950,https://www.stock.com.py/images/thumbs/0211505_500.jpeg,17/12/24
Untables Env,QUESO CREAM CHEESE TRADICIONAL POLENGHI 150GR,Gs   21.950,https://www.stock.com.py/images/thumbs/0211504_500.jpeg,17/12/24
Untables Env,QUESO REQUESON TRADICIONAL POLENGHI 200GR,Gs   21.800,https://www.stock.com.py/images/thumbs/0211503_500.jpeg,17/12/24
Untables Env,QUESO REQUESON LIGHT POLENGHI 200GR,Gs   21.800,https://www.stock.com.py/images/thumbs/0211502_500.jpeg,17/12/24
Untables Env,LOS COLONOS QUESO CREMA 200 GR,Gs   10.700,https://www.stock.com.py/images/thumbs/0206310_500.jpeg,17/12/24
Untables Env,QUESO UNTABLE SABOR CHEDDAR 200GR TREBOL,Gs   12.050,https://www.stock.com.py/images/thumbs/0191726_500.jpeg,17/12/24
Untables Env,QUESO BRIE PRESIDENT 125GR,Gs   55.250,https://www.stock.com.py/images/thumbs/0187556_500.jpeg,17/12/24
Untables Env,QUESO CREMOSO SABOR AJO 200GR TREBOL,Gs   12.050,https://www.stock.com.py/images/thumbs/0180864_500.jpeg,17/12/24
Untables Env,QUESO CONAPROLE REQUESON POT,Gs   23.200,https://www.stock.com.py/images/thumbs/0179999_500.jpeg,17/12/24
Untables Env,QUESO CONAPROLE REQUESÓN LIGHT,Gs   23.200,https://www.stock.com.py/images/thumbs/0179998_500.jpeg,17/12/24
Untables Env,QUESO FUNDIDO DANBO LACTOLANDA DE 200GR ,Gs   12.050,https://www.stock.com.py/images/thumbs/0161581_500.png,17/12/24
Untables Env,QUESO CREMOSO UNTABLE LACTOLANDA X 200GR,Gs   12.050,https://www.stock.com.py/images/thumbs/0161572_500.png,17/12/24
Untables Env,QUESO FUNDIDO DIETETICO 180 GR,Gs   15.750,https://www.stock.com.py/images/thumbs/0149388_500.jpeg,17/12/24
Untables Env,QUESO REQUESON TREBOL SACHET 250GR,Gs   16.000,https://www.stock.com.py/images/thumbs/0148513_500.jpeg,17/12/24
Terere/Mate,BOMBILLA ALPACA BLANCA 16CM P1111 GARIBALDI BLIS,Gs   11.300,https://www.stock.com.py/images/thumbs/0211595_500.jpeg,17/12/24
Terere/Mate,SUPERUTIL BOMBILLA INOXIDABLE COLOR VIOL,Gs   16.200,https://www.stock.com.py/images/thumbs/0203224_500.jpeg,17/12/24
Terere/Mate,SUPERUTIL BOMBILLA INOXIDABLE COLOR ROJO,Gs   16.200,https://www.stock.com.py/images/thumbs/0203223_500.jpeg,17/12/24
Terere/Mate,PINNACLE TERMO PARA AGUA FRIA PLUTO 2.5 LITROS,Gs   52.900,https://www.stock.com.py/images/thumbs/0201018_500.jpeg,17/12/24
Terere/Mate,SUPERUTIL BOMBILLA ALPACA TORCIDA PUNTA DORADA,Gs   42.200,https://www.stock.com.py/images/thumbs/0200128_500.jpeg,17/12/24
Terere/Mate,SUPERUTIL BOMBILLA DE ALPACA TORCIDA PUNTA DORADA,Gs   42.000,https://www.stock.com.py/images/thumbs/0200127_500.jpeg,17/12/24
Terere/Mate,SUPERUTIL BOMBILLA DE ALPACA TORCIDA PICO LARGO DORADO,Gs   42.000,https://www.stock.com.py/images/thumbs/0200126_500.jpeg,17/12/24
Terere/Mate,SUPERUTIL BOMBILLA DE ALPACA PICO LARGO DORADO,Gs   42.000,https://www.stock.com.py/images/thumbs/0200125_500.jpeg,17/12/24
Terere/Mate,SUPERUTIL BOMBILLA DE ALPACA TORCIDA,Gs   40.300,https://www.stock.com.py/images/thumbs/0200124_500.jpeg,17/12/24
Terere/Mate,SUPERUTIL BOMBILLA DE ALPACA TORCIDA PICO LARGO,Gs   40.300,https://www.stock.com.py/images/thumbs/0200123_500.jpeg,17/12/24
Terere/Mate,SUPERUTIL BOMBILLA DE ALPACA PICO LARGO,Gs   40.300,https://www.stock.com.py/images/thumbs/0200122_500.jpeg,17/12/24
Terere/Mate,SUPERUTIL GUAMPA DE CUERINA GRANDE PARA MATE,Gs   23.300,https://www.stock.com.py/images/thumbs/0198130_500.jpeg,17/12/24
Terere/Mate,SUPERUTIL GUAMPA DE CUERO REVESTIDO PARA TERERE,Gs   36.000,https://www.stock.com.py/images/thumbs/0198126_500.jpeg,17/12/24
Terere/Mate,SUPERUTIL GUAMPA DE CUERO CON RELIEVE PARA TERERE,Gs   40.000,https://www.stock.com.py/images/thumbs/0198125_500.jpeg,17/12/24
Terere/Mate,SUPERUTIL GUAMPA DE CUERINA PARA TERERE,Gs   23.300,https://www.stock.com.py/images/thumbs/0198124_500.jpeg,17/12/24
Terere/Mate,SUPERUTIL GUAMPINKI DE CUERO ESTAMPADO PARA MATE,Gs   35.900,https://www.stock.com.py/images/thumbs/0198123_500.jpeg,17/12/24
Terere/Mate,SUPERUTIL GUAMPINKI DE CUERO PARA MATE,Gs   32.700,https://www.stock.com.py/images/thumbs/0198122_500.jpeg,17/12/24
Terere/Mate,SUPERUTIL GUAMPA DE CUERO ESTAMPADO CHICO PARA MATE,Gs   36.600,https://www.stock.com.py/images/thumbs/0198120_500.jpeg,17/12/24
Terere/Mate,SUPERUTIL GUAMPA DE CUERO ESTAMPADO PARA MATE,Gs   40.000,https://www.stock.com.py/images/thumbs/0198119_500.jpeg,17/12/24
Terere/Mate,SUPERUTIL GUAMPA DE CUERO REPUJADO PARA TERERE,Gs   36.000,https://www.stock.com.py/images/thumbs/0198118_500.jpeg,17/12/24
Terere/Mate,SUPERUTIL PORONGO DE CUERINA PARA MATE,Gs   23.300,https://www.stock.com.py/images/thumbs/0198117_500.jpeg,17/12/24
Terere/Mate,SUPERUTIL GUAMPINKI DE CUERINA PARA MATE,Gs   19.600,https://www.stock.com.py/images/thumbs/0198116_500.jpeg,17/12/24
Terere/Mate,SUPERUTIL GUAMPA DE CUERINA CHICO PARA MATE,Gs   20.000,https://www.stock.com.py/images/thumbs/0198115_500.jpeg,17/12/24
Terere/Mate,SUPERUTIL BOMBILLA INOXIDABLE COLOR BLANCO,Gs   15.700,https://www.stock.com.py/images/thumbs/0192262_500.jpeg,17/12/24
Terere/Mate,SUPERUTIL BOMBILLA INOXIDABLE COLOR NEGRO,Gs   16.200,https://www.stock.com.py/images/thumbs/0192261_500.jpeg,17/12/24
Terere/Mate,BOMBILLA D/ ACERO INOX. LARGA GOLD RING/ROSCA SUPERUTIL BLIS,Gs   30.400,https://www.stock.com.py/images/thumbs/0192260_500.jpeg,17/12/24
Terere/Mate,TERMO P/AGUA FRIA SOPRANO ATACAMA 2.5L AZUL,Gs   29.900,https://www.stock.com.py/images/thumbs/0183020_500.jpeg,17/12/24
Terere/Mate,BOMBILLA GARIBALDI ALPACA BLANCA 19CM P9000 BLIS,Gs   11.300,https://www.stock.com.py/images/thumbs/0183000_500.jpeg,17/12/24
Elementos de Pintura,TEMPERA GUACHE 6COLORES 15ML TOQUE MAGIC,Gs   9.600,https://www.stock.com.py/images/thumbs/0207937_500.jpeg,17/12/24
Elementos de Pintura,ESTUCHE ACRILEX EST 6 UN CUADR,Gs   10.900,https://www.stock.com.py/images/thumbs/0166324_500.png,17/12/24
Elementos de Pintura,PINCEL 815 NRO 24 ALE ART JR TIGRE BLIS,Gs   17.800,https://www.stock.com.py/images/thumbs/noDefaultImage_stock_500.gif,17/12/24
Elementos de Pintura,MALETA SET PINCELES DE 86PCS 9050,Gs   55.000,https://www.stock.com.py/images/thumbs/noDefaultImage_stock_500.gif,17/12/24
Aseo,CEPILLO DENTAL PARA NIÑOS BARBIE COLGATE,Gs   26.350,https://www.stock.com.py/images/thumbs/0206556_500.jpeg,17/12/24
Aseo,CEPILLO DENTAL NIÑOS EXTRA SUAVE COLGATE,Gs   26.350,https://www.stock.com.py/images/thumbs/0206551_500.jpeg,17/12/24
Aseo,CEPILLO DENTAL BABELITO 1,Gs   12.000,https://www.stock.com.py/images/thumbs/0202192_500.jpeg,17/12/24
Aseo,ALICATE CON MANGO BABELITO,Gs   18.600,https://www.stock.com.py/images/thumbs/0160354_500.jpeg,17/12/24
Aseo,ASPIRADOR NASAL BABELITO 1,Gs   22.500,https://www.stock.com.py/images/thumbs/0146279_500.jpeg,17/12/24
Aseo,SUCCIONADOR DE LECHE BABELITO,Gs   75.000,https://www.stock.com.py/images/thumbs/0146225_500.jpeg,17/12/24
Gasificados,"VINO ""FRIZZE"" EVOLUTION BLUE BOT 750 ML",Gs   18.500,https://www.stock.com.py/images/thumbs/0207988_500.jpeg,17/12/24
Gasificados,FRIZZE ITALIAN POMELATA 1 LITRO,Gs   18.500,https://www.stock.com.py/images/thumbs/0196736_500.jpeg,17/12/24
Decoración Hogar,PERCHERO MADERA GRANDE PUZZLEZ BLIS ,Gs   13.000,https://www.stock.com.py/images/thumbs/0178083_500.jpeg,17/12/24
Decoración Hogar,ALFOMBRA ANTIDESLIZANTE IW REF M01,Gs   20.900,https://www.stock.com.py/images/thumbs/noDefaultImage_stock_500.gif,17/12/24
Decoración Hogar,ALFOMBRA P/ENTRADA 50X80CM KENNEDY,Gs   41.900,https://www.stock.com.py/images/thumbs/noDefaultImage_stock_500.gif,17/12/24
Decoración Hogar,ALFOMBRA P/ENTRADA 40X60 DAYO RO121,Gs   9.900,https://www.stock.com.py/images/thumbs/noDefaultImage_stock_500.gif,17/12/24
Decoración Hogar,ALFOMBRA P/ENTRADA KENNEDY NUBIA40X60,Gs   29.900,https://www.stock.com.py/images/thumbs/noDefaultImage_stock_500.gif,17/12/24
Decoración Hogar,ESTERILLA D/PLAST DAYO REF.34800-2,Gs   28.900,https://www.stock.com.py/images/thumbs/noDefaultImage_stock_500.gif,17/12/24
Vidrio,PLATO HONDO CRISTAL DIAMANTE,Gs   5.950,https://www.stock.com.py/images/thumbs/0212661_500.jpeg,17/12/24
Vidrio,PLATO PLAYO CRISTAL DIAMANTE,Gs   5.950,https://www.stock.com.py/images/thumbs/0212626_500.jpeg,17/12/24
Vidrio,VASO PARA REFRESCO NADIR 1 UN,Gs   4.000,https://www.stock.com.py/images/thumbs/0212624_500.jpeg,17/12/24
Vidrio,VASO LARGO ACRI 300ML SAN REMO SR3002/1,Gs   4.900,https://www.stock.com.py/images/thumbs/0209512_500.jpeg,17/12/24
Vidrio,VASO RIGOLLEAU LAGRIMA 38750,Gs   11.950,https://www.stock.com.py/images/thumbs/0208618_500.jpeg,17/12/24
Vidrio,VASO D/VID QUIERO MAS 350ML DAYO BJ147,Gs   6.900,https://www.stock.com.py/images/thumbs/0208266_500.jpeg,17/12/24
Vidrio,MANIJA C/FRASE 385ML DAYO REF ZB11300,Gs   14.900,https://www.stock.com.py/images/thumbs/0207403_500.png,17/12/24
Vidrio,VASOS SAN MARINO DE 270ML DE 6UN SET,Gs   23.200,https://www.stock.com.py/images/thumbs/0207372_500.jpeg,17/12/24
Vidrio,VASOS SAN MARINO DE 270ML DE 6UN SET,Gs   23.200,https://www.stock.com.py/images/thumbs/0207345_500.jpeg,17/12/24
Vidrio,VASO SAN MARINO ARUBA 465 ML,Gs   9.600,https://www.stock.com.py/images/thumbs/0207344_500.jpeg,17/12/24
Vidrio,VASO SAN MARINO BROOKLYN 200 ML,Gs   6.700,https://www.stock.com.py/images/thumbs/0207342_500.jpeg,17/12/24
Vidrio,VASO SAN MARINO BROOKLYN 65 ML,Gs   6.300,https://www.stock.com.py/images/thumbs/0207341_500.jpeg,17/12/24
Vidrio,VASO SAN MARINO FIRENZE 360 ML,Gs   6.300,https://www.stock.com.py/images/thumbs/0207340_500.jpeg,17/12/24
Vidrio,MANIJA P/CERV VIDRIO 360ML DAYO ZB06 300,Gs   14.900,https://www.stock.com.py/images/thumbs/0207325_500.jpeg,17/12/24
Vidrio,SM BUFFET COPAS DE 186 ML 6 UNIDADES,Gs   57.200,https://www.stock.com.py/images/thumbs/0200659_500.jpeg,17/12/24
Vidrio,VASO LAGER SM 300ML,Gs   5.700,https://www.stock.com.py/images/thumbs/0188813_500.jpeg,17/12/24
Vidrio,COPA PARA HELADO DAYO 198ML,Gs   4.900,https://www.stock.com.py/images/thumbs/0181902_500.jpeg,17/12/24
Vidrio,VASO DE VIDRIO 150 ML DAYO,Gs   1.950,https://www.stock.com.py/images/thumbs/0181901_500.jpeg,17/12/24
Vidrio,VASO DE VIDRIO 260ML LIFE Y LIVING,Gs   5.900,https://www.stock.com.py/images/thumbs/0181900_500.jpeg,17/12/24
Vidrio,VASO D/VIDRIO 310ML LIFE Y LIVING REF PBS53H9 ,Gs   5.900,https://www.stock.com.py/images/thumbs/0180746_500.jpeg,17/12/24
Vidrio,VASO D/VIDRIO P/TRAGO LARGO 340ML LIFE Y LIVING REF PSJ3504B ,Gs   5.900,https://www.stock.com.py/images/thumbs/0180745_500.jpeg,17/12/24
Vidrio,VASO D/VIDRIO 255ML C/ DIS LIFE Y LIVING REF 6901E ,Gs   4.500,https://www.stock.com.py/images/thumbs/0180741_500.jpeg,17/12/24
Vidrio,VASO D/VIDRIO 340ML LIFE Y LIVING REF AS12,Gs   3.900,https://www.stock.com.py/images/thumbs/0165469_500.jpeg,17/12/24
Vidrio,VASO D/VIDRIO 380ML COL VAR LIFE Y LIVING S/E REF PS1710B ,Gs   5.400,https://www.stock.com.py/images/thumbs/0165468_500.jpeg,17/12/24
Vidrio,VASO D/VIDRIO 320ML LIFE Y LIVING S/E REF GA014,Gs   6.900,https://www.stock.com.py/images/thumbs/0165465_500.jpeg,17/12/24
Vidrio,VASO D/VIDRIO COL VRIOS 265 ML LIFE Y LIVING REF BPS6901,Gs   4.500,https://www.stock.com.py/images/thumbs/0164750_500.jpeg,17/12/24
Vidrio,VASO D/VIDRIO 245ML LIFE Y LIVING REF 109 ,Gs   3.900,https://www.stock.com.py/images/thumbs/0164747_500.jpeg,17/12/24
Vidrio,MANIJA P/CERVEZA D/VIDRIO 375ML LIFE Y LIVING S/E REF ZB05375,Gs   8.500,https://www.stock.com.py/images/thumbs/0162819_500.jpeg,17/12/24
Líquido,JUGO S/UVA DEL VALLE KAPO PACK 200ML 6UN,Gs   17.500,https://www.stock.com.py/images/thumbs/0207994_500.jpeg,17/12/24
Líquido,JUGO SABOR UVA DEL VALLE KAPO 200ML,Gs   3.500,https://www.stock.com.py/images/thumbs/0207993_500.jpeg,17/12/24
Líquido,JUGO MULTIFRUTA ARCOR 200 ML,Gs   3.300,https://www.stock.com.py/images/thumbs/0207971_500.jpeg,17/12/24
Líquido,JUGO S/MANZ DEL VALLE KAPO PACK 200ML 6U,Gs   17.500,https://www.stock.com.py/images/thumbs/0207952_500.jpeg,17/12/24
Líquido,JUGO S/NAR DEL VALLE KAPO PACK 6UN 200ML,Gs   17.500,https://www.stock.com.py/images/thumbs/0207951_500.jpeg,17/12/24
Líquido,JUGO DE MANZANA BC LA CAMPAGNOLA 1LITRO,Gs   13.000,https://www.stock.com.py/images/thumbs/0207353_500.png,17/12/24
Líquido,BEBIDA SAB/MBUR/NAR/MANGO KAMPITO 250ML,Gs   2.500,https://www.stock.com.py/images/thumbs/0206693_500.jpeg,17/12/24
Líquido,BEBIDA SAB/NAR/MANDAD/LIM KAMPITO 250ML,Gs   2.500,https://www.stock.com.py/images/thumbs/0206692_500.jpeg,17/12/24
Líquido,DEL VALLE FRESH BEBIDA SABOR NARANJA 500 ML,Gs   4.500,https://www.stock.com.py/images/thumbs/0206632_500.jpeg,17/12/24
Líquido,"DEL VALLE FRESH JUGO DE FRUTAS SABOR FRUTAS TROPICALES 1,5 LITROS",Gs   10.000,https://www.stock.com.py/images/thumbs/0206631_500.jpeg,17/12/24
Líquido,"DEL VALLE FRESH JUGO DE FRUTAS SABOR NARANJA 1,5 LITROS",Gs   10.000,https://www.stock.com.py/images/thumbs/0206630_500.jpeg,17/12/24
Líquido,DEL VALLE JUGO DE FRUTILLA Y MANGO 200 ML,Gs   4.000,https://www.stock.com.py/images/thumbs/0206629_500.jpeg,17/12/24
Líquido,DEL VALLE JUGO DE FRUTILLA Y MANGO 1 LITRO,Gs   10.900,https://www.stock.com.py/images/thumbs/0206628_500.jpeg,17/12/24
Líquido,JUGO NECTAR DE NARANJA DEL VALLE 200ML,Gs   4.000,https://www.stock.com.py/images/thumbs/0206627_500.jpeg,17/12/24
Líquido,JUGO NECTAR DE NARANJA DEL VALLE 1LT,Gs   10.900,https://www.stock.com.py/images/thumbs/0206626_500.jpeg,17/12/24
Líquido,JUGO DE NARANJA DEL VALLE 1.5 LT,Gs   13.900,https://www.stock.com.py/images/thumbs/0206625_500.jpeg,17/12/24
Líquido,JUGO NECTAR DE MANZANA DEL VALLE 200ML,Gs   4.000,https://www.stock.com.py/images/thumbs/0206624_500.jpeg,17/12/24
Líquido,JUGO NECTAR DE MANZANA DEL VALLE 1LT,Gs   10.900,https://www.stock.com.py/images/thumbs/0206623_500.jpeg,17/12/24
Líquido,JUGO NECTAR DE DURAZNO DEL VALLE 1.5LT,Gs   13.900,https://www.stock.com.py/images/thumbs/0206622_500.jpeg,17/12/24
Líquido,JUGO NECTAR DE DURAZNO DEL VALLE 200ML,Gs   4.000,https://www.stock.com.py/images/thumbs/0206621_500.jpeg,17/12/24
Líquido,JUGO NECTAR DE DURAZNO DEL VALLE 1LT,Gs   10.900,https://www.stock.com.py/images/thumbs/0206620_500.jpeg,17/12/24
Líquido,DEL VALLE NECTAR DE NARANJA SIN AZUCAR 1 LITRO,Gs   10.900,https://www.stock.com.py/images/thumbs/0206619_500.jpeg,17/12/24
Líquido,DEL VALLE NECTAR SABOR DURAZNO 1 LITRO,Gs   10.900,https://www.stock.com.py/images/thumbs/0206618_500.jpeg,17/12/24
Líquido,JUGO DE SOJA FRUTOS TROPICALES 1LT ADES TETRA,Gs   12.000,https://www.stock.com.py/images/thumbs/0206613_500.jpeg,17/12/24
Líquido,JUGO LIQUIDO SOJA NARANJA 1LT ADES TETRA,Gs   12.000,https://www.stock.com.py/images/thumbs/0206611_500.jpeg,17/12/24
Líquido,JUGO LIQUIDO MANZANA 1LT ADES TETRA,Gs   12.000,https://www.stock.com.py/images/thumbs/0206610_500.jpeg,17/12/24
Líquido,JUGO LIQUIDO SOJA DURAZNO 1L ADES TETRA,Gs   12.000,https://www.stock.com.py/images/thumbs/0206609_500.jpeg,17/12/24
Líquido,JUGO DE SOJA FRUTAS TROPICAL MULTI 10 200ML ADES TETRA,Gs   4.000,https://www.stock.com.py/images/thumbs/0206608_500.jpeg,17/12/24
Flanes,FLAN SABOR VAINILLA LOS COLONOS 120GR POT,Gs   3.050,https://www.stock.com.py/images/thumbs/0183694_500.jpeg,17/12/24
Flanes,FLAN DONA ANGELA POTE 140 GR,Gs   3.550,https://www.stock.com.py/images/thumbs/0178580_500.jpeg,17/12/24
Flanes,FLAN LACTOLANDA VAINILLA POTE 140GR,Gs   3.100,https://www.stock.com.py/images/thumbs/0161571_500.png,17/12/24
Flanes,FLAN TREBOL POTE 140 GR,Gs   3.100,https://www.stock.com.py/images/thumbs/0148483_500.jpeg,17/12/24
Cerrajeria y herrajes,CANDADO 1 UN BRONCE ACERO,Gs   17.800,https://www.stock.com.py/images/thumbs/0151753_500.jpeg,17/12/24
Focos,FOCO ECOHOME LEDBULB 7W E27 3000KHV PHILIPS LUZ CALIDA,Gs   14.200,https://www.stock.com.py/images/thumbs/0212763_500.png,17/12/24
Focos,FOCO ECOHOME LEDBULB 12W E27 6500KHV PHILIPS LUZ FRIA,Gs   17.300,https://www.stock.com.py/images/thumbs/0211594_500.jpeg,17/12/24
Focos,FOCO LED LUZ BLANCA RAYOVAC 10W,Gs   16.100,https://www.stock.com.py/images/thumbs/0208583_500.jpeg,17/12/24
Focos,FOCO LED LUZ BLANCA RAYOVAC 14W,Gs   21.900,https://www.stock.com.py/images/thumbs/0207983_500.jpeg,17/12/24
Focos,FOCO LED LUZ BLANCA RAYOVAC 8W,Gs   15.300,https://www.stock.com.py/images/thumbs/0207982_500.jpeg,17/12/24
Focos,FOCO LED LUZ BLANCA RAYOVAC 6W,Gs   14.000,https://www.stock.com.py/images/thumbs/0207981_500.jpeg,17/12/24
Focos,FOCO LED 5W CLARA FRIA LEDECON CJA,Gs   11.500,https://www.stock.com.py/images/thumbs/0206343_500.jpeg,17/12/24
Focos,TUBO LED 9W 06M DAYO,Gs   19.300,https://www.stock.com.py/images/thumbs/0206333_500.jpeg,17/12/24
Focos,TUBO LED 18W 1.2M DAYO,Gs   23.900,https://www.stock.com.py/images/thumbs/0206332_500.jpeg,17/12/24
Focos,FOCO LED LUZ FRIA ARGO 18W,Gs   33.400,https://www.stock.com.py/images/thumbs/0202904_500.jpeg,17/12/24
Focos,ECOVILLE FOCO LED LUZ FRIA 7W,Gs   17.450,https://www.stock.com.py/images/thumbs/0200121_500.jpeg,17/12/24
Focos,ECOVILLE FOCO LED LUZ FRIA 9W,Gs   18.800,https://www.stock.com.py/images/thumbs/0200120_500.jpeg,17/12/24
Focos,ECOVILLE FOCO LED LUZ FRIA 12W,Gs   22.700,https://www.stock.com.py/images/thumbs/0200119_500.jpeg,17/12/24
Focos,ECOVILLE FOCO LED LUZ CALIDA 15W,Gs   29.100,https://www.stock.com.py/images/thumbs/0200118_500.jpeg,17/12/24
Focos,ECOVILLE FOCO LED LUZ CALIDA 12W 1080 LM,Gs   22.700,https://www.stock.com.py/images/thumbs/0198199_500.jpeg,17/12/24
Focos,ECOVILLE FOCO LED LUZ CALIDA 9W 810 LM,Gs   18.900,https://www.stock.com.py/images/thumbs/0198198_500.jpeg,17/12/24
Focos,ECOVILLE FOCO LED LUZ CALIDA 18W 1620 LM,Gs   37.700,https://www.stock.com.py/images/thumbs/0198190_500.jpeg,17/12/24
Focos,ECOVILLE FOCO LED LUZ CALIDA 7W 630 LM,Gs   17.500,https://www.stock.com.py/images/thumbs/0198189_500.jpeg,17/12/24
Focos,ECOVILLE FOCO LED LUZ FRIA 18W 1620 LM,Gs   37.700,https://www.stock.com.py/images/thumbs/0198156_500.jpeg,17/12/24
Focos,ECOVILLE FOCO LED LUZ FRIA 5W 450 LM,Gs   17.300,https://www.stock.com.py/images/thumbs/0198086_500.jpeg,17/12/24
Focos,ECOVILLE FOCO LED LUZ CALIDA 5W 450 LM,Gs   17.300,https://www.stock.com.py/images/thumbs/0198085_500.jpeg,17/12/24
Focos,ECOVILLE FOCO LED LUZ FRIA 15W 1350 LM,Gs   29.100,https://www.stock.com.py/images/thumbs/0198067_500.jpeg,17/12/24
Focos,TUBO LED T8 18W LUZ FRIA 6500K 185264V PLUS ARGO,Gs   38.700,https://www.stock.com.py/images/thumbs/0194656_500.jpeg,17/12/24
Focos,PHILIPS ECOHOME FOCO LEDBULB 14W E27 LUZ FRIA 6500KHV,Gs   21.000,https://www.stock.com.py/images/thumbs/0194639_500.jpeg,17/12/24
Focos,PHILIPS ECOHOME FOCO LEDBULB 14W E27 LUZ CALIDA 3000KHV,Gs   21.000,https://www.stock.com.py/images/thumbs/0194638_500.jpeg,17/12/24
Focos,ARGO TUBO LED 9W LUZ FRIA,Gs   34.000,https://www.stock.com.py/images/thumbs/0194320_500.jpeg,17/12/24
Focos,FOCO LED LUZ FRIA 7W E27 ELEKTRON BLIS,Gs   15.800,https://www.stock.com.py/images/thumbs/0185247_500.jpeg,17/12/24
Focos,TUBO LED 9W ELEKTRON CJA,Gs   25.700,https://www.stock.com.py/images/thumbs/0185222_500.jpeg,17/12/24
Plástico/Melamina,VASO INF JAGUAR 330ML 7728,Gs   2.900,https://www.stock.com.py/images/thumbs/0206376_500.jpeg,17/12/24
Plástico/Melamina,JARRA D/PLAST 2L SAN REMO REF 788/2 ,Gs   12.500,https://www.stock.com.py/images/thumbs/0181114_500.jpeg,17/12/24
Plástico/Melamina,BOTELLA SAN REMO CON PICO GATITO 753/20E,Gs   7.300,https://www.stock.com.py/images/thumbs/0155981_500.jpeg,17/12/24
Plástico/Melamina,BOTELLA SAN REMO CON PICO 750ML 757/20E,Gs   10.600,https://www.stock.com.py/images/thumbs/0155938_500.jpeg,17/12/24
Plástico/Melamina,BOTELLA SAN REMO REDONDA 1.5LT 762/40E,Gs   8.200,https://www.stock.com.py/images/thumbs/0155895_500.jpeg,17/12/24
Plástico/Melamina,BOTELLA SAN REMO REDONDA 1LT 61/40E,Gs   10.600,https://www.stock.com.py/images/thumbs/0155894_500.jpeg,17/12/24
Plástico/Melamina,BOTELLA SAN REMO RECTANGULAR 1.75LT 766/40E,Gs   11.600,https://www.stock.com.py/images/thumbs/0155891_500.jpeg,17/12/24
Plástico/Melamina,BOTELLA SAN REMO INDIVIDUAL 750ML 757/30E,Gs   7.700,https://www.stock.com.py/images/thumbs/0155890_500.jpeg,17/12/24
Plástico/Melamina,BOTELLA PEQUEÑO SAN REMO PIC CON VAL 751/20E,Gs   5.700,https://www.stock.com.py/images/thumbs/0155887_500.jpeg,17/12/24
Plástico/Melamina,JARRA PLAST 1.2 C/TAPA JAGUAR REF1488,Gs   6.700,https://www.stock.com.py/images/thumbs/noDefaultImage_stock_500.gif,17/12/24
Plástico/Melamina,"JARRA D/PLAST DIS LIMON 2,6L BAND 3674",Gs   23.200,https://www.stock.com.py/images/thumbs/noDefaultImage_stock_500.gif,17/12/24
Plástico/Melamina,VASO D/PLAS TRANSP 400ML BAND REF.1713,Gs   4.800,https://www.stock.com.py/images/thumbs/noDefaultImage_stock_500.gif,17/12/24
Plástico/Melamina,VASO D/PLAS VERDE 400ML BAND REF.1712,Gs   5.800,https://www.stock.com.py/images/thumbs/noDefaultImage_stock_500.gif,17/12/24
Legumbres secas,POROTO SAN FRANCISCO TIVA 350 GR,Gs   12.300,https://www.stock.com.py/images/thumbs/0212294_500.jpeg,17/12/24
Legumbres secas,POROTO NEGRO FEIJAO ZAELI 1KG,Gs   23.400,https://www.stock.com.py/images/thumbs/0211842_500.png,17/12/24
Legumbres secas,GARBANZO ZAELI 500GR,Gs   27.500,https://www.stock.com.py/images/thumbs/0211756_500.png,17/12/24
Legumbres secas,LENTEJAS 500GR ZAELI PAQ,Gs   26.100,https://www.stock.com.py/images/thumbs/0211752_500.png,17/12/24
Legumbres secas,FRIJOLES NEGROS ENTEROS LA COSTEÑA 400GR,Gs   15.950,https://www.stock.com.py/images/thumbs/0195382_500.jpeg,17/12/24
Legumbres secas,SEMILLA DE CHIA 50 GR ARCO IRIS PAQ,Gs   4.650,https://www.stock.com.py/images/thumbs/0192378_500.jpeg,17/12/24
Legumbres secas,SOJA TOSTADA MOLIDA MICKEY 500GR,Gs   19.100,https://www.stock.com.py/images/thumbs/0186609_500.jpeg,17/12/24
Legumbres secas,MAIZ PARA PORORO MICKEY 400GR,Gs   7.650,https://www.stock.com.py/images/thumbs/0186606_500.jpeg,17/12/24
Legumbres secas,MAIZ PARA PORORO MICKEY 200GR,Gs   4.150,https://www.stock.com.py/images/thumbs/0186605_500.jpeg,17/12/24
Legumbres secas,POROTO SAN FRANCISCO MICKEY 500GR,Gs   14.600,https://www.stock.com.py/images/thumbs/0186593_500.jpeg,17/12/24
Legumbres secas,POROTO SAN FRANCISCO MICKEY 200GR,Gs   6.350,https://www.stock.com.py/images/thumbs/0186592_500.jpeg,17/12/24
Legumbres secas,POROTO COLORADO MICKEY 500GR,Gs   16.150,https://www.stock.com.py/images/thumbs/0186590_500.jpeg,17/12/24
Legumbres secas,POROTO COLORADO MICKEY 200GR,Gs   7.300,https://www.stock.com.py/images/thumbs/0186589_500.jpeg,17/12/24
Legumbres secas,LENTEJAS MICKEY 800GR,Gs   39.600,https://www.stock.com.py/images/thumbs/0186588_500.jpeg,17/12/24
Legumbres secas,LENTEJAS MICKEY 400GR,Gs   20.300,https://www.stock.com.py/images/thumbs/0186587_500.jpeg,17/12/24
Legumbres secas,LENTEJAS MICKEY 200GR,Gs   10.800,https://www.stock.com.py/images/thumbs/0186586_500.jpeg,17/12/24
Legumbres secas,SOJA EN GRANO MICKEY 500GR,Gs   7.500,https://www.stock.com.py/images/thumbs/0186559_500.jpeg,17/12/24
Legumbres secas,LOCRO MICKEY 800GR,Gs   11.450,https://www.stock.com.py/images/thumbs/0186557_500.jpeg,17/12/24
Legumbres secas,LOCRO MICKEY 400GR,Gs   6.200,https://www.stock.com.py/images/thumbs/0186556_500.jpeg,17/12/24
Legumbres secas,LOCRO MICKEY 200GR,Gs   3.450,https://www.stock.com.py/images/thumbs/0186555_500.jpeg,17/12/24
Legumbres secas,LOCRILLO MICKEY 800GR,Gs   13.750,https://www.stock.com.py/images/thumbs/0186554_500.jpeg,17/12/24
Legumbres secas,LOCRILLO MICKEY 400GR,Gs   7.250,https://www.stock.com.py/images/thumbs/0186553_500.jpeg,17/12/24
Legumbres secas,LOCRILLO MICKEY 200GR,Gs   4.050,https://www.stock.com.py/images/thumbs/0186552_500.jpeg,17/12/24
Legumbres secas,PROTEINA TEXTURIZADA DE SOJA MICKEY 400GR,Gs   9.450,https://www.stock.com.py/images/thumbs/0186551_500.jpeg,17/12/24
Legumbres secas,PROTEINA TEXTURIZADA DE SOJA MICKEY 200GR,Gs   4.950,https://www.stock.com.py/images/thumbs/0186550_500.jpeg,17/12/24
Legumbres secas,SEMILLA DE LINO MICKEY 25GR,Gs   1.650,https://www.stock.com.py/images/thumbs/0186528_500.jpeg,17/12/24
Legumbres secas,SEMILLAS DE CHIA 100GR BROTERRA CJA,Gs   12.650,https://www.stock.com.py/images/thumbs/0185512_500.jpeg,17/12/24
Legumbres secas,PORORO MANTECA P/MICROONDAS PRIMICIA 90GR PAQ,Gs   6.950,https://www.stock.com.py/images/thumbs/0182307_500.jpeg,17/12/24
Aseo,CEPILLO DENTAL PARA NIÑOS BARBIE COLGATE,Gs   26.350,https://www.stock.com.py/images/thumbs/0206556_500.jpeg,17/12/24
Aseo,CEPILLO DENTAL NIÑOS EXTRA SUAVE COLGATE,Gs   26.350,https://www.stock.com.py/images/thumbs/0206551_500.jpeg,17/12/24
Aseo,CEPILLO DENTAL BABELITO 1,Gs   12.000,https://www.stock.com.py/images/thumbs/0202192_500.jpeg,17/12/24
Aseo,ALICATE CON MANGO BABELITO,Gs   18.600,https://www.stock.com.py/images/thumbs/0160354_500.jpeg,17/12/24
Aseo,ASPIRADOR NASAL BABELITO 1,Gs   22.500,https://www.stock.com.py/images/thumbs/0146279_500.jpeg,17/12/24
Aseo,SUCCIONADOR DE LECHE BABELITO,Gs   75.000,https://www.stock.com.py/images/thumbs/0146225_500.jpeg,17/12/24
Accesorios de Pintura,CINCEL 3PZAS LIFE Y LIVING REF ST/100111 ,Gs   67.900,https://www.stock.com.py/images/thumbs/0189534_500.jpeg,17/12/24
Accesorios de Pintura,ESPATULA MANGO D/PLASTICO  LIFE Y LIVING REFST/050108 ,Gs   10.700,https://www.stock.com.py/images/thumbs/0189500_500.jpeg,17/12/24
Accesorios de Pintura,PINCEL 7CM LIFE Y LIVING REFST/050119.,Gs   2.200,https://www.stock.com.py/images/thumbs/0189498_500.jpeg,17/12/24
Rejillas/Trapos de Piso,PAÑO MULTIUSO 2UN 36x40cm DAYO BSA,Gs   6.600,https://www.stock.com.py/images/thumbs/0209785_500.jpeg,17/12/24
Rejillas/Trapos de Piso,TRAPO DE PISO MEDIA NARANJA BICOLOR M CLASICO 48 X 60 CM,Gs   9.250,https://www.stock.com.py/images/thumbs/0209350_500.jpeg,17/12/24
Rejillas/Trapos de Piso,REPASADOR D/CO 40X60 DAYO REF KT21002,Gs   4.900,https://www.stock.com.py/images/thumbs/0207987_500.jpeg,17/12/24
Rejillas/Trapos de Piso,REPASADOR D/CO 40X60 DAYO REF KT21 001,Gs   11.500,https://www.stock.com.py/images/thumbs/0207986_500.jpeg,17/12/24
Rejillas/Trapos de Piso,PAÑO ABS.LAVAMAS *UN ,Gs   7.150,https://www.stock.com.py/images/thumbs/0191837_500.jpeg,17/12/24
Rejillas/Trapos de Piso,TRAPO P/PISO BICOLOR REFORZADO G 58X60CM MEDIA NARANJA ,Gs   10.550,https://www.stock.com.py/images/thumbs/0191083_500.jpeg,17/12/24
Rejillas/Trapos de Piso,TRAPO P/PISO BLANCO REFORZADO XG 60X80CM MEDIA NARANJA ,Gs   15.250,https://www.stock.com.py/images/thumbs/0191082_500.jpeg,17/12/24
Rejillas/Trapos de Piso,TRAPO P/ PISO GRIS REFORZADO XG 60X80CM MEDIA NARANJA ,Gs   13.250,https://www.stock.com.py/images/thumbs/0191081_500.jpeg,17/12/24
Rejillas/Trapos de Piso,REPASADOR P/ COCINA IW REF CY16002 ,Gs   12.000,https://www.stock.com.py/images/thumbs/0189518_500.jpeg,17/12/24
Rejillas/Trapos de Piso,PAÑO DE LIMPIEZA EN ROLLO 21x29CM DAYO 25UNID,Gs   10.550,https://www.stock.com.py/images/thumbs/0188041_500.jpeg,17/12/24
Rejillas/Trapos de Piso,PAÑO MULTIUSO PARA LIMPIEZA 33x55CM DAYO 5UNID,Gs   6.400,https://www.stock.com.py/images/thumbs/0188040_500.jpeg,17/12/24
Rejillas/Trapos de Piso,FRANELA EDES 1 UN,Gs   7.400,https://www.stock.com.py/images/thumbs/0177966_500.jpeg,17/12/24
Rejillas/Trapos de Piso,FRANELA EDES 1 UN,Gs   6.200,https://www.stock.com.py/images/thumbs/0177965_500.jpeg,17/12/24
Rejillas/Trapos de Piso,TRAPO DE PISO EDES 1 UN BL,Gs   7.900,https://www.stock.com.py/images/thumbs/0177959_500.jpeg,17/12/24
Rejillas/Trapos de Piso,TRAPO DE PISO EDES 1 UN BL,Gs   5.500,https://www.stock.com.py/images/thumbs/0177948_500.jpeg,17/12/24
Rejillas/Trapos de Piso,TRAPO DE PISO ECONOMICO LAVA 1000 45CM X 50CM,Gs   4.200,https://www.stock.com.py/images/thumbs/0176866_500.jpeg,17/12/24
Rejillas/Trapos de Piso,TRAP.D/PISO JASPE 1 UN,Gs   33.000,https://www.stock.com.py/images/thumbs/0176484_500.jpeg,17/12/24
Rejillas/Trapos de Piso,REJILLA PAÑOLIN CRUDA (MEDIDA),Gs   3.550,https://www.stock.com.py/images/thumbs/0175686_500.jpeg,17/12/24
Rejillas/Trapos de Piso,REJILLA PAÑOLIN BLANCA (MEDIDA),Gs   3.900,https://www.stock.com.py/images/thumbs/0175685_500.jpeg,17/12/24
Rejillas/Trapos de Piso,TRAPO DE PISO PAÑOLIN ESPECIAL 45x70,Gs   8.650,https://www.stock.com.py/images/thumbs/0175683_500.jpeg,17/12/24
Rejillas/Trapos de Piso,TRAPO DE PISO PAÑOLIN45X70,Gs   7.250,https://www.stock.com.py/images/thumbs/0175682_500.jpeg,17/12/24
Rejillas/Trapos de Piso,TRAPO DE PISO PAÑOLIN 45X50,Gs   5.300,https://www.stock.com.py/images/thumbs/0175681_500.jpeg,17/12/24
Rejillas/Trapos de Piso,TRAPO DE PISO RENDIDOR 45x60CM PULOIL ,Gs   8.300,https://www.stock.com.py/images/thumbs/0175037_500.jpeg,17/12/24
Rejillas/Trapos de Piso,TRAPO DE PISO SUPER PREMIUM 45x70CM PULOIL,Gs   13.800,https://www.stock.com.py/images/thumbs/0175036_500.jpeg,17/12/24
Rejillas/Trapos de Piso,REJILLA AMITA 1 UN,Gs   4.400,https://www.stock.com.py/images/thumbs/0172878_500.png,17/12/24
Rejillas/Trapos de Piso,PAÑO POLIFOAM ABSORVENTE MULTIUSO 2X1,Gs   8.100,https://www.stock.com.py/images/thumbs/0166077_500.jpeg,17/12/24
Rejillas/Trapos de Piso,TRAPO DE PISO PABILO GRANDE POLIFOAM 70X45,Gs   9.200,https://www.stock.com.py/images/thumbs/0166067_500.jpeg,17/12/24
Rejillas/Trapos de Piso,TRAPO DE PISO POLIFOAN 1 U,Gs   8.300,https://www.stock.com.py/images/thumbs/0166064_500.jpeg,17/12/24
Camping,PARAGUAS CORTO IW S/E REF 0001,Gs   16.900,https://www.stock.com.py/images/thumbs/0170101_500.jpeg,17/12/24
Camping,GOMA P/CABELLO DAYO REF HH19 006,Gs   8.000,https://www.stock.com.py/images/thumbs/noDefaultImage_stock_500.gif,17/12/24
Camping,SET D/CORDONES DAYO REF HTT 19 007,Gs   10.000,https://www.stock.com.py/images/thumbs/noDefaultImage_stock_500.gif,17/12/24
Camping,SET ESPONJA P/MAQUILLAJE DAYO REF CX19 002,Gs   6.900,https://www.stock.com.py/images/thumbs/noDefaultImage_stock_500.gif,17/12/24
Camping,SET D/TIJERA DAYO REF HB214,Gs   10.000,https://www.stock.com.py/images/thumbs/noDefaultImage_stock_500.gif,17/12/24
Camping,SOPORTE P/SECADOR TODO X 8000 REF CH4,Gs   5.000,https://www.stock.com.py/images/thumbs/noDefaultImage_stock_500.gif,17/12/24
Camping,SET D/MANICURA TODOX8000 REF 315,Gs   10.000,https://www.stock.com.py/images/thumbs/noDefaultImage_stock_500.gif,17/12/24
Camping,TIJERA D/BELLEZA TODOX8000 REFCX21002,Gs   10.000,https://www.stock.com.py/images/thumbs/noDefaultImage_stock_500.gif,17/12/24
Camping,SET D/MANICURA TODOX8000 REF 309,Gs   10.000,https://www.stock.com.py/images/thumbs/noDefaultImage_stock_500.gif,17/12/24
Camping,SET D/COSTURA TODO X 8000 REF YH21 010,Gs   5.000,https://www.stock.com.py/images/thumbs/noDefaultImage_stock_500.gif,17/12/24
Camping,CARTERA BOLSO TERMICO,Gs   15.000,https://www.stock.com.py/images/thumbs/noDefaultImage_stock_500.gif,17/12/24
Camping,PARAGUA DIS SURT DY REF 5815/5811,Gs   39.900,https://www.stock.com.py/images/thumbs/noDefaultImage_stock_500.gif,17/12/24
Camping,PARAGUA DIS SURT DY REF 5810/5813,Gs   46.500,https://www.stock.com.py/images/thumbs/noDefaultImage_stock_500.gif,17/12/24
Aperitivos sin Alcohol,"AMARGO CITRUS TERMA 1,35LT",Gs   15.500,https://www.stock.com.py/images/thumbs/0207046_500.jpeg,17/12/24
Aperitivos sin Alcohol,"AMARGO MANZANA CERO TERMA 1,35LT",Gs   15.500,https://www.stock.com.py/images/thumbs/0207045_500.jpeg,17/12/24
Aperitivos sin Alcohol,"AMARGO PEPERINA & CORIANDRO TERMA 1,35LT",Gs   15.500,https://www.stock.com.py/images/thumbs/0207044_500.jpeg,17/12/24
Aperitivos sin Alcohol,"AMARGO PATAGONICO TERMA 1,35LT",Gs   15.500,https://www.stock.com.py/images/thumbs/0207043_500.jpeg,17/12/24
Aperitivos sin Alcohol,"AMARGO CUYANO CERO TERMA 1,35LT",Gs   15.500,https://www.stock.com.py/images/thumbs/0207042_500.jpeg,17/12/24
Aperitivos sin Alcohol,"AMARGO CUYANO TERMA 1,35LT",Gs   15.500,https://www.stock.com.py/images/thumbs/0207041_500.jpeg,17/12/24
Aperitivos sin Alcohol,"AMARGO SERRANO CERO TERMA 1,35LT",Gs   15.500,https://www.stock.com.py/images/thumbs/0207040_500.jpeg,17/12/24
Aperitivos sin Alcohol,"AMARGO SERRANO TERMA 1,35LT",Gs   15.500,https://www.stock.com.py/images/thumbs/0207039_500.jpeg,17/12/24
Aperitivos sin Alcohol,"AMARGO LIMON CERO TERMA 1,35LT",Gs   15.500,https://www.stock.com.py/images/thumbs/0207038_500.jpeg,17/12/24
Aperitivos sin Alcohol,"AMARGO LIMON TERMA 1,35LT",Gs   15.500,https://www.stock.com.py/images/thumbs/0207037_500.jpeg,17/12/24
Aperitivos sin Alcohol,"AMARGO POMELO ROSADO TERMA 1,75LT",Gs   18.500,https://www.stock.com.py/images/thumbs/0207036_500.jpeg,17/12/24
Aperitivos sin Alcohol,"AMARGO SERRANO TERMA 1,75LT",Gs   18.500,https://www.stock.com.py/images/thumbs/0207035_500.jpeg,17/12/24
Aperitivos sin Alcohol,ENERGIZANTE SABOR MANZ VERDE 473ML BALY,Gs   8.500,https://www.stock.com.py/images/thumbs/0205339_500.jpeg,17/12/24
Aperitivos sin Alcohol,CERVEZA STELLA ARTOIS SIN ALCOHOL BOT 330CC STELLA ARTOIS x 24,Gs   7.500,https://www.stock.com.py/images/thumbs/0196748_500.jpeg,17/12/24
Aperitivos sin Alcohol,"AMARGO POMELO TERMA 1,35LT",Gs   15.500,https://www.stock.com.py/images/thumbs/0196007_500.jpeg,17/12/24
Concentrados,JUGO SABOR MANZANA DEL VALLE KAPO 200ML,Gs   3.500,https://www.stock.com.py/images/thumbs/0207625_500.jpeg,17/12/24
Concentrados,JUGO SABOR NARANJA DEL VALLE KAPO 200ML,Gs   3.500,https://www.stock.com.py/images/thumbs/0207624_500.jpeg,17/12/24
Concentrados,JUGO POMELO CONCENTRADO 5LT QUATTRO BIDON,Gs   90.000,https://www.stock.com.py/images/thumbs/0176401_500.jpeg,17/12/24
Panes Frescos/Chipa,SUPER PAN X UN,Gs   4.800,https://www.stock.com.py/images/thumbs/0212611_500.png,17/12/24
Panes Frescos/Chipa,PAN FRANSECITO XKG S/E,Gs   6.650,https://www.stock.com.py/images/thumbs/0211551_500.png,17/12/24
Panes Frescos/Chipa,CHIPA ALMIDON STOCK XKG,Gs   31.900,https://www.stock.com.py/images/thumbs/0208898_500.jpeg,17/12/24
Panes Frescos/Chipa,PANCITO CHIPS X KG PL,Gs   17.500,https://www.stock.com.py/images/thumbs/0208349_500.jpeg,17/12/24
Panes Frescos/Chipa,ROSQUITA A LA MANTECA X KG PL,Gs   25.000,https://www.stock.com.py/images/thumbs/0208164_500.png,17/12/24
Panes Frescos/Chipa,PAN SANDWICH BLANCO STOCK 900GR PL,Gs   7.900,https://www.stock.com.py/images/thumbs/0207167_500.jpeg,17/12/24
Panes Frescos/Chipa,PAN DE SANDWICH,Gs   6.900,https://www.stock.com.py/images/thumbs/0207064_500.png,17/12/24
Panes Frescos/Chipa,PAN SANDWICH INTEGRAL STOCK 450GR PL,Gs   7.800,https://www.stock.com.py/images/thumbs/0207063_500.png,17/12/24
Panes Frescos/Chipa,PAN DULCE STOCK TRADICIONAL 400 GR PL,Gs   10.900,https://www.stock.com.py/images/thumbs/0207062_500.png,17/12/24
Panes Frescos/Chipa,PAN HAMBURGUESA STOCK 330GR 6UN PL,Gs   6.700,https://www.stock.com.py/images/thumbs/0207060_500.png,17/12/24
Panes Frescos/Chipa,PAN SANDWICH INTEGRAL STOCK 900GR PL,Gs   13.300,https://www.stock.com.py/images/thumbs/0207054_500.jpeg,17/12/24
Panes Frescos/Chipa,PAN DE VIENA EN PAQUETE DE 12 UNIDADES STOCK 480GR,Gs   6.700,https://www.stock.com.py/images/thumbs/0207053_500.jpeg,17/12/24
Panes Frescos/Chipa,PAN DULCE STOCK DE CHOCOLATE 800GR PL,Gs   20.500,https://www.stock.com.py/images/thumbs/0207000_500.png,17/12/24
Panes Frescos/Chipa,GALLETA STOCK X KG,Gs   6.900,https://www.stock.com.py/images/thumbs/0206915_500.jpeg,17/12/24
Panes Frescos/Chipa,PAN FELIPE STOCK XKG,Gs   6.800,https://www.stock.com.py/images/thumbs/0206074_500.jpeg,17/12/24
Panes Frescos/Chipa,PAN HAMBURGUESA X KG PL,Gs   12.050,https://www.stock.com.py/images/thumbs/0205410_500.jpeg,17/12/24
Panes Frescos/Chipa,PAN INTEGRAL XKG,Gs   15.500,https://www.stock.com.py/images/thumbs/0202548_500.jpeg,17/12/24
Panes Frescos/Chipa,PAN FELIPE INTEGRAL X KG ,Gs   9.400,https://www.stock.com.py/images/thumbs/0202544_500.jpeg,17/12/24
Panes Frescos/Chipa,PAN DE VIENA STOCK X KG,Gs   12.050,https://www.stock.com.py/images/thumbs/0185470_500.jpeg,17/12/24
Panes Frescos/Chipa,GALLETA CRIOLLA  X KG,Gs   7.750,https://www.stock.com.py/images/thumbs/0167613_500.jpeg,17/12/24
Panes Frescos/Chipa,GALLETON X KG,Gs   9.000,https://www.stock.com.py/images/thumbs/0167611_500.jpeg,17/12/24
Panes Frescos/Chipa,PAN CANONCITO X KG ,Gs   11.600,https://www.stock.com.py/images/thumbs/0159390_500.jpeg,17/12/24
Panes Frescos/Chipa,PAN FLAUTA X KG,Gs   6.950,https://www.stock.com.py/images/thumbs/0159380_500.jpeg,17/12/24
Panes Frescos/Chipa,PAN TRINCHA X UNIDAD,Gs   4.100,https://www.stock.com.py/images/thumbs/0139571_500.jpeg,17/12/24
Accesorios Cabello,SET DE HEBILLAS TRIANGULO DE COLORES SWEET CARE 6UNID,Gs   18.700,https://www.stock.com.py/images/thumbs/0198545_500.jpeg,17/12/24
Accesorios Cabello,VINCHA PARA CABELLO COLOR NUDE SWEET CARE,Gs   24.700,https://www.stock.com.py/images/thumbs/0198542_500.jpeg,17/12/24
Accesorios Cabello,GOMA PARA CABELLO COLOR BLANCO SWEET CARE 2UNID,Gs   6.700,https://www.stock.com.py/images/thumbs/0187534_500.jpeg,17/12/24
Accesorios Cabello,GOMAS DE PELO GRUESA TONOS NARANJA SWEET CARE 6UNID,Gs   8.150,https://www.stock.com.py/images/thumbs/0187527_500.jpeg,17/12/24
Accesorios Cabello,GOMAS DE PELO GRUESA COLOR BLANCO SWEET CARE 6UNID,Gs   8.150,https://www.stock.com.py/images/thumbs/0187520_500.jpeg,17/12/24
Accesorios Cabello,MOÑO CHICO COLOR LILA OSCURO SWEET CARE ,Gs   5.950,https://www.stock.com.py/images/thumbs/0187518_500.jpeg,17/12/24
Accesorios Cabello,MOÑO CHICO LILA CLARO SWEET CARE,Gs   5.950,https://www.stock.com.py/images/thumbs/0187517_500.jpeg,17/12/24
Accesorios Cabello,MOÑO CHICO BEIGE SWEETE CARE,Gs   5.950,https://www.stock.com.py/images/thumbs/0187516_500.jpeg,17/12/24
Accesorios Cabello,MOÑO CHICO ROSA FUERTE SWEET CARE ,Gs   5.950,https://www.stock.com.py/images/thumbs/0187515_500.jpeg,17/12/24
Accesorios Cabello,MOÑO CHICO COLOR ROSA OSCURO SWEET CARE,Gs   5.950,https://www.stock.com.py/images/thumbs/0187514_500.jpeg,17/12/24
Accesorios Cabello,MOÑO CHICO ROSA CLARO SWEET CARE,Gs   5.950,https://www.stock.com.py/images/thumbs/0187513_500.jpeg,17/12/24
Accesorios Cabello,MOÑO CHICO COLOR  BLANCO SWEET CARE ,Gs   5.950,https://www.stock.com.py/images/thumbs/0187512_500.jpeg,17/12/24
Accesorios Cabello,GOMA DE PELO CON MOÑO COLOR CELESTE SWEET CARE,Gs   13.300,https://www.stock.com.py/images/thumbs/0187511_500.jpeg,17/12/24
Accesorios Cabello,GOMA DE PELO CON MOÑO COLOR AZUL SWEET CARE,Gs   13.300,https://www.stock.com.py/images/thumbs/0187509_500.jpeg,17/12/24
Accesorios Cabello,GOMA DE PELO CON MOÑO COLOR NEGRO SWEET CARE,Gs   13.300,https://www.stock.com.py/images/thumbs/0187508_500.jpeg,17/12/24
Accesorios Cabello,GOMAS DE PELO COLOR ROSA/LILA/FUCSIA SWEET CARE 12UNID,Gs   8.950,https://www.stock.com.py/images/thumbs/0187507_500.jpeg,17/12/24
Accesorios Cabello,GOMAS DE PELO COLOR BLANCO SWEET CARE 12UNID,Gs   8.950,https://www.stock.com.py/images/thumbs/0187506_500.jpeg,17/12/24
Accesorios Cabello,GOMAS DE CABELLO COLOR ROSA/LILA/AZUL SWEET CARE,Gs   5.150,https://www.stock.com.py/images/thumbs/0187503_500.jpeg,17/12/24
Accesorios Cabello,GOMAS PARA CABELLO COLOR ROSA/LILA/GRIS SWEET CARE 3UNID,Gs   6.700,https://www.stock.com.py/images/thumbs/0187502_500.jpeg,17/12/24
Accesorios Cabello,GOMAS DE CABELLO COLOR CELESTE/GRIS/AZUL SWEET CARE x3,Gs   6.700,https://www.stock.com.py/images/thumbs/0187501_500.jpeg,17/12/24
Accesorios Cabello,MOÑO GRANDE LILA OSCURO SWEET CARE ,Gs   7.450,https://www.stock.com.py/images/thumbs/0187500_500.jpeg,17/12/24
Accesorios Cabello,MOÑO GRANDE ROJO SWEET CARE ,Gs   7.450,https://www.stock.com.py/images/thumbs/0187499_500.jpeg,17/12/24
Accesorios Cabello,MOÑO GRANDE ROSADO OSCURO SWEET CARE,Gs   7.450,https://www.stock.com.py/images/thumbs/0187498_500.jpeg,17/12/24
Accesorios Cabello,MOÑO GRANDE ROSADO CLARO SWEET CARE,Gs   7.450,https://www.stock.com.py/images/thumbs/0187497_500.jpeg,17/12/24
Accesorios Cabello,MOÑO GRANDE COLOR LILA CLARO SWEET CARE,Gs   7.450,https://www.stock.com.py/images/thumbs/0187496_500.jpeg,17/12/24
Depiladores,MAQUINA QUATRO SCHICK MUJ.DES 1X2 Nº 7510322,Gs   36.000,https://www.stock.com.py/images/thumbs/0209883_500.png,17/12/24
Depiladores,PESTOBARBA LADY ULTRAGRIP GILLETTE,Gs   10.500,https://www.stock.com.py/images/thumbs/0199514_500.jpeg,17/12/24
Depiladores,GILLETTE PRESTOBARBA ULTRA GRIP MAQUINA DE AFEITAR DESECHABLE,Gs   8.450,https://www.stock.com.py/images/thumbs/0199513_500.jpeg,17/12/24
Depiladores,Rpto. Venus Original x 2,Gs   41.700,https://www.stock.com.py/images/thumbs/0190604_500.jpeg,17/12/24
Depiladores,MAQUINA DE AFEITAR C/ALOE VERA Y LANOLINA x2UND OBS.ENCENDEDOR 1UN BIC COMFORT,Gs   22.800,https://www.stock.com.py/images/thumbs/0181599_500.jpeg,17/12/24
Depiladores,MAQUINA P/AFEITAR VENUS 2PZAS GILLETTE BLI,Gs   43.550,https://www.stock.com.py/images/thumbs/0181522_500.jpeg,17/12/24
Depiladores,MAQUINA DEPILADORA WOMEN 2UN PERSONNA BLISTER,Gs   8.000,https://www.stock.com.py/images/thumbs/0181520_500.jpeg,17/12/24
Depiladores,MAQUINA DE AFEITAR SOLIEIL 2UN C/VITAMINA E BIC BLISTER ,Gs   26.800,https://www.stock.com.py/images/thumbs/0181512_500.jpeg,17/12/24
Depiladores,Maq. Des. Venus Simply 3 x 2,Gs   30.700,https://www.stock.com.py/images/thumbs/0174294_500.jpeg,17/12/24
Depiladores,Maq. Des. Venus Sensitive x2,Gs   42.700,https://www.stock.com.py/images/thumbs/0174293_500.jpeg,17/12/24
Depiladores,Maq. Venus Original ,Gs   41.800,https://www.stock.com.py/images/thumbs/0174272_500.jpeg,17/12/24
Depiladores,CERA EN POTE VEGETAL 200GR,Gs   34.500,https://www.stock.com.py/images/thumbs/0161289_500.jpeg,17/12/24
Depiladores,BANDAS DEPIMIEL PARA RETIRAR CERA 10UN,Gs   7.350,https://www.stock.com.py/images/thumbs/0146632_500.jpeg,17/12/24
Depiladores,AFEITADOR CONFORT SENSITIVE 3 HOJAS 2UN BIC BLIS,Gs   22.800,https://www.stock.com.py/images/thumbs/0141006_500.jpeg,17/12/24
Depiladores,PERFILADOR PERSONNA 4X12X3,Gs   25.000,https://www.stock.com.py/images/thumbs/0138911_500.jpeg,17/12/24
Con Alcohol,COCTEL SABOR FRUTILLA COROTE 500ML PET,Gs   8.000,https://www.stock.com.py/images/thumbs/0211837_500.png,17/12/24
Con Alcohol,COCTEL SABOR DURAZNO COROTE 500ML PET,Gs   8.000,https://www.stock.com.py/images/thumbs/0211836_500.png,17/12/24
Con Alcohol,COCTEL SABOR LIMON COROTE 500ML PET,Gs   8.000,https://www.stock.com.py/images/thumbs/0211835_500.png,17/12/24
Con Alcohol,COCTEL SABOR MENTA COROTE 500ML PET,Gs   8.000,https://www.stock.com.py/images/thumbs/0211834_500.png,17/12/24
Con Alcohol,GIN DULCE INTENCION STRAWBERRY 900 ML,Gs   40.200,https://www.stock.com.py/images/thumbs/0211824_500.png,17/12/24
Con Alcohol,TRES LEONES COCTEL CON RON ESENCIAS DE FRUTOS ROJOS 750 ML,Gs   19.000,https://www.stock.com.py/images/thumbs/0209215_500.jpeg,17/12/24
Con Alcohol,FERNET BUHERO NEGRO 700 ML,Gs   55.800,https://www.stock.com.py/images/thumbs/0207543_500.jpeg,17/12/24
Con Alcohol,DR. LEMON MOJITO BEBIDA ALCOHOLICA 275 ML,Gs   4.000,https://www.stock.com.py/images/thumbs/0207049_500.jpeg,17/12/24
Con Alcohol,FERNET 1882 750ML,Gs   49.500,https://www.stock.com.py/images/thumbs/0207032_500.jpeg,17/12/24
Con Alcohol,BENGALA  ITALIAN  SPRITZ SABOR NARANJA 269 ML,Gs   5.000,https://www.stock.com.py/images/thumbs/0206671_500.jpeg,17/12/24
Con Alcohol,BENGALA SPIRITS BEBIDA ALCOHOLICA SABOR MOJITO Y RON 269 ML,Gs   5.000,https://www.stock.com.py/images/thumbs/0206670_500.jpeg,17/12/24
Con Alcohol,BENGALA  GIN Y TONIC 269 ML,Gs   5.000,https://www.stock.com.py/images/thumbs/0206669_500.jpeg,17/12/24
Con Alcohol,VERMOUTH RESERVA ROJO YZAGUIRRE 1L,Gs   189.000,https://www.stock.com.py/images/thumbs/0205354_500.jpeg,17/12/24
Con Alcohol,COCKTEL FRUTILLA 870 ML SAMBA SUL PET,Gs   13.400,https://www.stock.com.py/images/thumbs/0205337_500.jpeg,17/12/24
Con Alcohol,COCKTEL MENTA 870 ML SAMBA SUL PET,Gs   13.400,https://www.stock.com.py/images/thumbs/0205336_500.jpeg,17/12/24
Con Alcohol,TRES LEONES COCTEL CON RON ESENCIAS DE LIMON 750 ML,Gs   19.000,https://www.stock.com.py/images/thumbs/0201565_500.jpeg,17/12/24
Con Alcohol,TRES LEONES COCTEL CON RON ESENCIAS DE MBURUKUYA 750 ML,Gs   19.000,https://www.stock.com.py/images/thumbs/0201564_500.jpeg,17/12/24
Con Alcohol,TRES LEONES COCTEL CON RON ESENCIAS DE COCO 750 ML,Gs   19.000,https://www.stock.com.py/images/thumbs/0201550_500.jpeg,17/12/24
Con Alcohol,FERNET BRANCA SABOR MENTA 750ML,Gs   72.900,https://www.stock.com.py/images/thumbs/0201492_500.jpeg,17/12/24
Con Alcohol,CARPANO BIANCO VERMOUTH 950 ML,Gs   49.450,https://www.stock.com.py/images/thumbs/0196645_500.jpeg,17/12/24
Con Alcohol,CARPANO ROSSO VERMOUTH 950 ML,Gs   49.450,https://www.stock.com.py/images/thumbs/0196644_500.jpeg,17/12/24
Con Alcohol,COCKTEL DURAZNO 870 ML SAMBA SUL PET,Gs   13.400,https://www.stock.com.py/images/thumbs/0193918_500.jpeg,17/12/24
Con Alcohol,COCKTAIL MBURUCUYA 870ML SAMBA SUL PET,Gs   13.400,https://www.stock.com.py/images/thumbs/0193917_500.jpeg,17/12/24
Con Alcohol,COCKTEL COCO 870 ML SAMBA SUL PET,Gs   13.400,https://www.stock.com.py/images/thumbs/0193916_500.jpeg,17/12/24
Con Alcohol,COCKTEL PIÑA 870 ML SAMBA SUL PET,Gs   13.400,https://www.stock.com.py/images/thumbs/0193915_500.jpeg,17/12/24
Con Alcohol,CINZANO VERMOUTH BIANCO 1 L,Gs   38.500,https://www.stock.com.py/images/thumbs/0191121_500.jpeg,17/12/24
Con Alcohol,BEBIDA APERITIVO BRANCA 450 ML FERNET BOT,Gs   45.450,https://www.stock.com.py/images/thumbs/0190952_500.jpeg,17/12/24
Con Alcohol,FERNET BRANCA 750ML,Gs   72.900,https://www.stock.com.py/images/thumbs/0187803_500.jpeg,17/12/24
Diet/Bajas Calorias,QUESO CHEDDAR LIGHT PARA SANDWICH POLENGHI 144GR,Gs   19.400,https://www.stock.com.py/images/thumbs/0211508_500.jpeg,17/12/24
Diet/Bajas Calorias,QUESO REQUESON LIGHT POLENGHI 200GR,Gs   21.800,https://www.stock.com.py/images/thumbs/0211502_500.jpeg,17/12/24
Diet/Bajas Calorias,JUGO DE NARANJA BC LA CAMPAGNOLA 200 ML,Gs   3.850,https://www.stock.com.py/images/thumbs/0208233_500.jpeg,17/12/24
Diet/Bajas Calorias,JUGO DE MANZANA BC LA CAMPAGNOLA 200 ML,Gs   3.850,https://www.stock.com.py/images/thumbs/0207309_500.jpeg,17/12/24
Diet/Bajas Calorias,JUGO MULTIFRUTA BC LA CAMPAGNOLA 200 ML,Gs   3.850,https://www.stock.com.py/images/thumbs/0207308_500.jpeg,17/12/24
Diet/Bajas Calorias,HAMBURGUESA LIGHT GUARANI 12 UND,Gs   48.300,https://www.stock.com.py/images/thumbs/0206744_500.jpeg,17/12/24
Diet/Bajas Calorias,HAMBURGUESA LIGHT GUARANI 6 UND,Gs   24.600,https://www.stock.com.py/images/thumbs/0206743_500.jpeg,17/12/24
Diet/Bajas Calorias,EDULCORANTE POLVO HECODULC TRADICIONAL CAJA 100UN,Gs   24.900,https://www.stock.com.py/images/thumbs/0202084_500.jpeg,17/12/24
Diet/Bajas Calorias,EDULCORANTE POLVO HECODULC KAA HEE CAJA 100UN,Gs   38.500,https://www.stock.com.py/images/thumbs/0202082_500.jpeg,17/12/24
Diet/Bajas Calorias,MERMELADA DE CIRUELA LIGHT SABORES DE AREGUA 400G,Gs   14.900,https://www.stock.com.py/images/thumbs/0201729_500.jpeg,17/12/24
Diet/Bajas Calorias,MERMELADA DE DURAZNO LIGHT SABORES DE AREGUA 400G,Gs   14.900,https://www.stock.com.py/images/thumbs/0201728_500.jpeg,17/12/24
Diet/Bajas Calorias,YOGURT DIETETICO TREBOL VAINILLA POTE 350ML,Gs   4.900,https://www.stock.com.py/images/thumbs/0201036_500.png,17/12/24
Diet/Bajas Calorias,YOGURT DIETETICO TREBOL FRUTILLA POTE 350ML,Gs   4.900,https://www.stock.com.py/images/thumbs/0201035_500.png,17/12/24
Diet/Bajas Calorias,YOGURT DIETETICO TREBOL COCO POTE 350ML,Gs   4.900,https://www.stock.com.py/images/thumbs/0201034_500.png,17/12/24
Diet/Bajas Calorias,EDULCORANTE MIX CON STEVIA KADO 250ML,Gs   17.450,https://www.stock.com.py/images/thumbs/0198744_500.jpeg,17/12/24
Diet/Bajas Calorias,EDULCORANTE MIX CON STEVIA KADO 100ML,Gs   10.800,https://www.stock.com.py/images/thumbs/0198743_500.jpeg,17/12/24
Diet/Bajas Calorias,EDULCORANTE CLASICO DULKRE 100 SOBRES,Gs   25.350,https://www.stock.com.py/images/thumbs/0195414_500.jpeg,17/12/24
Diet/Bajas Calorias,EDULCORANTE CLASICO DULKRE 50 SOBRES,Gs   15.100,https://www.stock.com.py/images/thumbs/0195413_500.jpeg,17/12/24
Diet/Bajas Calorias,EDULCORANTE CLASICO DULKRE 500ML,Gs   25.350,https://www.stock.com.py/images/thumbs/0195412_500.jpeg,17/12/24
Diet/Bajas Calorias,EDULCORANTE CLASICO DULKRE 250ML,Gs   15.300,https://www.stock.com.py/images/thumbs/0195411_500.jpeg,17/12/24
Diet/Bajas Calorias,JUGO DE NARANJA DIETETICO 500ML BC CAMPAGNOLA TETRA ,Gs   8.000,https://www.stock.com.py/images/thumbs/0190863_500.jpeg,17/12/24
Diet/Bajas Calorias,JUGO SABOR MANZANA WATT'S LIGHT 1LT,Gs   10.500,https://www.stock.com.py/images/thumbs/0188132_500.jpeg,17/12/24
Diet/Bajas Calorias,JUGO SABOR DURAZNO WATT'S LIGHT 200ML,Gs   4.000,https://www.stock.com.py/images/thumbs/0188131_500.jpeg,17/12/24
Diet/Bajas Calorias,JUGO SABOR DURAZNO WATT'S LIGHT 1LT,Gs   10.500,https://www.stock.com.py/images/thumbs/0188130_500.jpeg,17/12/24
Diet/Bajas Calorias,JUGO SABOR NARANJA WATT'S LIGHT 1LT,Gs   10.500,https://www.stock.com.py/images/thumbs/0188127_500.jpeg,17/12/24
Diet/Bajas Calorias,GELATINA SABOR MANZANA VERDE DIETALAT PARMALAT 180GR,Gs   2.650,https://www.stock.com.py/images/thumbs/0187615_500.jpeg,17/12/24
Diet/Bajas Calorias,LECHE SEMIDESCREMADA LIGHT SACHET SAN LOREN 1LT,Gs   4.850,https://www.stock.com.py/images/thumbs/0187594_500.jpeg,17/12/24
Diet/Bajas Calorias,GELATINA SABOR NARANJA DIETALAT PARMALAT 180GR,Gs   2.650,https://www.stock.com.py/images/thumbs/0187591_500.jpeg,17/12/24
carne blanca/Roja,CHIPA GUAZU 1KG LA BANDEJA PLAS,Gs   39.950,https://www.stock.com.py/images/thumbs/0212410_500.jpeg,17/12/24
carne blanca/Roja,SOPA PARAGUAYA 1KG LA BANDEJA PLAS,Gs   32.950,https://www.stock.com.py/images/thumbs/0212407_500.jpeg,17/12/24
carne blanca/Roja,VORI VORI CONGELADO LA BANDEJA 500GR PLAST,Gs   19.450,https://www.stock.com.py/images/thumbs/0212406_500.jpeg,17/12/24
carne blanca/Roja,NUGGETS DE POLLO PERDIX 1KG,Gs   57.600,https://www.stock.com.py/images/thumbs/0211539_500.jpeg,17/12/24
carne blanca/Roja,NUGGETS DE POLLO PERDIX 300GR,Gs   20.200,https://www.stock.com.py/images/thumbs/0211535_500.jpeg,17/12/24
carne blanca/Roja,NUGGETS DE POLLO RIKITOS 1KG,Gs   23.450,https://www.stock.com.py/images/thumbs/0187747_500.jpeg,17/12/24
carne blanca/Roja,NUGGETS DE POLLO CROCANTE SADIA 300GR,Gs   23.900,https://www.stock.com.py/images/thumbs/0187744_500.jpeg,17/12/24
carne blanca/Roja,REBOZADA DE POLLO RELLENA DE JAMON Y QUESO SADINESA SADIA 100GR,Gs   6.050,https://www.stock.com.py/images/thumbs/0187742_500.jpeg,17/12/24
carne blanca/Roja,REBOZADA DE POLLO SADINESA SADIA 100GR,Gs   4.350,https://www.stock.com.py/images/thumbs/0187741_500.jpeg,17/12/24
carne blanca/Roja,WAFFLE CONGELADO TRADICIONAL FORNO DE MINAS 6UNID,Gs   16.500,https://www.stock.com.py/images/thumbs/0187227_500.jpeg,17/12/24
carne blanca/Roja,PAN DE QUESO CONGELADO BRASILEÑO FORNO DE MINAS 400GR,Gs   34.900,https://www.stock.com.py/images/thumbs/0187224_500.jpeg,17/12/24
carne blanca/Roja,PAN DE QUESO CONGELADO BRASILEÑO FORNO DE MINAS 240GR,Gs   29.900,https://www.stock.com.py/images/thumbs/0187223_500.jpeg,17/12/24
carne blanca/Roja,ALBONDIGAS D/CARNE CONGEL.CONCEPCION 800GR PAQ,Gs   26.400,https://www.stock.com.py/images/thumbs/0180738_500.jpeg,17/12/24
carne blanca/Roja,MEZCLA PARA CHIPA GUAZU 1KG BJA,Gs   40.950,https://www.stock.com.py/images/thumbs/0179812_500.jpeg,17/12/24
carne blanca/Roja,MEZCLA PARA SOPA 4 QUESOS 1 KG JAKARU PAQ,Gs   47.350,https://www.stock.com.py/images/thumbs/0173012_500.jpeg,17/12/24
carne blanca/Roja,MASA PREPARADA PARA SOPA PYA 1KG BSA ,Gs   35.800,https://www.stock.com.py/images/thumbs/0167048_500.png,17/12/24
carne blanca/Roja,CARNE D/POLLO REBOZADA 120GR SADIA PACK,Gs   23.450,https://www.stock.com.py/images/thumbs/noDefaultImage_stock_500.gif,17/12/24
carne blanca/Roja,CHORIZOS DE CARNE VACUNA PREMIUM BRANGUS C/P X KG,Gs   22.500,https://www.stock.com.py/images/thumbs/noDefaultImage_stock_500.gif,17/12/24
Galleta Molida,GALLETA MOLIDA MICKEY 800GR,Gs   11.050,https://www.stock.com.py/images/thumbs/0186540_500.jpeg,17/12/24
Galleta Molida,GALLETA MOLIDA MICKEY 400GR,Gs   5.750,https://www.stock.com.py/images/thumbs/0186539_500.jpeg,17/12/24
Galleta Molida,GALLETA MOLIDA 400GR HILDEBRAND PLAST,Gs   5.650,https://www.stock.com.py/images/thumbs/0160833_500.jpeg,17/12/24
Galleta Molida,GALLETA MOLIDA 200GR HILDEBRAND PLAST,Gs   3.300,https://www.stock.com.py/images/thumbs/0160832_500.jpeg,17/12/24
Galleta Molida,GALLETA MOLIDA 800GR HILDEBRAND PLAST,Gs   9.900,https://www.stock.com.py/images/thumbs/0160652_500.jpeg,17/12/24
Galleta Molida,GALLETA MOLIDA ARCO IRIS PAQUETE 800 GR x 10,Gs   14.300,https://www.stock.com.py/images/thumbs/0152496_500.jpeg,17/12/24
Galleta Molida,GALLETA MOLIDA ARCO IRIS PAQUETE 4,Gs   8.650,https://www.stock.com.py/images/thumbs/0152495_500.jpeg,17/12/24
Galleta Molida,GALLETA MOLIDA ARCO IRIS PAQUETE 2,Gs   4.550,https://www.stock.com.py/images/thumbs/0152494_500.jpeg,17/12/24
Galleta Molida,GALLETA MOLIDA PRIMICIA 80,Gs   9.850,https://www.stock.com.py/images/thumbs/0149542_500.jpeg,17/12/24
Galleta Molida,GALLETA MOLIDA PRIMICIA 40,Gs   5.400,https://www.stock.com.py/images/thumbs/0149541_500.jpeg,17/12/24
Galleta Molida,GALLETA MOLIDA PRIMICIA PAQUETE 200 GR,Gs   2.950,https://www.stock.com.py/images/thumbs/0149517_500.jpeg,17/12/24
Servicio de Mesa,BANDEJA P/CONTACTO C/ALIM COIMPEX NRO 2,Gs   6.350,https://www.stock.com.py/images/thumbs/0208826_500.jpeg,17/12/24
Servicio de Mesa,BANDEJAS DECORADAS P/ALIM COIMPEX NRO 2,Gs   6.700,https://www.stock.com.py/images/thumbs/0208825_500.jpeg,17/12/24
Servicio de Mesa,BANDEJAS DECORADAS P/ALIM COIMPEX NRO 1,Gs   5.000,https://www.stock.com.py/images/thumbs/0208824_500.jpeg,17/12/24
Servicio de Mesa,BANDEJA DECORADAS P/ALIM COIMPEX NRO 3,Gs   7.900,https://www.stock.com.py/images/thumbs/0208661_500.jpeg,17/12/24
Servicio de Mesa,BANDEJA P/CONTACTO C/ALIM COIMPEX NRO 1,Gs   4.750,https://www.stock.com.py/images/thumbs/0208638_500.jpeg,17/12/24
Servicio de Mesa,BANDEJAS DECORADAS P/ALIM COIMPEX NRO 3,Gs   8.450,https://www.stock.com.py/images/thumbs/0208637_500.jpeg,17/12/24
Servicio de Mesa,DISNEY JUNIOR MICKEY MANTEL DE CUMPLEA?OS,Gs   36.100,https://www.stock.com.py/images/thumbs/0203340_500.jpeg,17/12/24
Servicio de Mesa,DISNEY FROZEN II SERVILLETAS DE CUMPLEA?OS 12 UNIDADES,Gs   14.450,https://www.stock.com.py/images/thumbs/0203324_500.jpeg,17/12/24
Servicio de Mesa,DISNEY FROZEN II MANTEL DE CUMPLEA?OS,Gs   36.100,https://www.stock.com.py/images/thumbs/0203323_500.jpeg,17/12/24
Servicio de Mesa,SERVILLETA BOB PAQUETE 50 UN 30X30,Gs   5.550,https://www.stock.com.py/images/thumbs/0175824_500.png,17/12/24
Servicio de Mesa,SERVILLETAS DOBLE HOJA COLOR ELITE 20UNID,Gs   10.850,https://www.stock.com.py/images/thumbs/0175003_500.jpeg,17/12/24
Servicio de Mesa,SERVILLETAS IMPRESAS VILLET 23X23X50UN,Gs   6.600,https://www.stock.com.py/images/thumbs/0158179_500.jpeg,17/12/24
Servicio de Mesa,CUCHARITAS ARGOS X 30 UN,Gs   5.350,https://www.stock.com.py/images/thumbs/0157995_500.jpeg,17/12/24
Servicio de Mesa,CUBIERTOS PRAFESTA PAQUETE 50 UN,Gs   9.900,https://www.stock.com.py/images/thumbs/0155861_500.jpeg,17/12/24
Servicio de Mesa,TENEDORES FIESTA MEDI X50UN,Gs   12.600,https://www.stock.com.py/images/thumbs/0155858_500.jpeg,17/12/24
Servicio de Mesa,CUCHARAS PRAFESTA MEDIANAS X50UN,Gs   13.200,https://www.stock.com.py/images/thumbs/0155857_500.jpeg,17/12/24
Servicio de Mesa,CUCHILLO DESCARTAB PAQUETE 18 UN,Gs   5.000,https://www.stock.com.py/images/thumbs/0148077_500.jpeg,17/12/24
Servicio de Mesa,TENEDORCITOS ARGOS X 30 UN,Gs   5.350,https://www.stock.com.py/images/thumbs/0148075_500.jpeg,17/12/24
Panes Integrales,PAN INTEGRAL BIMBO 310GR BSA,Gs   11.500,https://www.stock.com.py/images/thumbs/0209678_500.jpeg,17/12/24
Panes Integrales,PAN INTEGRAL P/SANDWICH 650GR BIMBO BSA,Gs   14.900,https://www.stock.com.py/images/thumbs/0209669_500.jpeg,17/12/24
Panes Integrales,PAN OROWEAT BIMBO SEMILLAS PAQUETE 600GR,Gs   18.900,https://www.stock.com.py/images/thumbs/0209665_500.jpeg,17/12/24
Panes Integrales,PAN DE SANDWICH INTEGRAL PANTO,Gs   9.500,https://www.stock.com.py/images/thumbs/0209659_500.png,17/12/24
Panes Integrales,PALITO INTEGRAL EL GERMANO 100GR BSA,Gs   6.800,https://www.stock.com.py/images/thumbs/0207612_500.jpeg,17/12/24
Panes Integrales,GALLETA DE AVENA EL GERMANO 210GR,Gs   21.400,https://www.stock.com.py/images/thumbs/0207609_500.jpeg,17/12/24
Panes Integrales,PAN SANDW. INTEGRAL 900 GR LA NEGRITA BSA,Gs   15.800,https://www.stock.com.py/images/thumbs/0192159_500.jpeg,17/12/24
Panes Integrales,PAN INTEGRAL PARA SANDWICH EL GERMANO 700GR,Gs   20.800,https://www.stock.com.py/images/thumbs/0187182_500.jpeg,17/12/24
Panes Integrales,PAN INTEGRAL EL GERMANO 400GR,Gs   16.700,https://www.stock.com.py/images/thumbs/0187180_500.jpeg,17/12/24
Panes Integrales,PAN P/SANWICH DESCORTEZADO INTEGRAL PAQ,Gs   11.600,https://www.stock.com.py/images/thumbs/noDefaultImage_stock_500.gif,17/12/24
Plumeros,PLUMERO NRO 8 LAVA MIL,Gs   40.300,https://www.stock.com.py/images/thumbs/0202559_500.jpeg,17/12/24
Plumeros,PLUMERO NRO 2 LAVA MIL,Gs   23.200,https://www.stock.com.py/images/thumbs/0202557_500.jpeg,17/12/24
Plumeros,PLUMERO NRO 10 LAVA MIL,Gs   54.300,https://www.stock.com.py/images/thumbs/0192341_500.jpeg,17/12/24
Plumeros,PLUMERO GRANDE HOME THINGS 1UN S/E,Gs   33.900,https://www.stock.com.py/images/thumbs/noDefaultImage_stock_500.gif,17/12/24
Cocina,MICROONDAS DIGITAL 28LT DAYO ,Gs   979.900,https://www.stock.com.py/images/thumbs/0195633_500.jpeg,17/12/24
Cocina,MAQUINA PARA HACER PAN DAYO ,Gs   599.900,https://www.stock.com.py/images/thumbs/0186890_500.jpeg,17/12/24
Cocina,CAFETERA ELECTRICA DOBLE DAYO ,Gs   119.900,https://www.stock.com.py/images/thumbs/0186881_500.jpeg,17/12/24
Cocina,"LICUADORA ELECTRICA DE 1,5 LITROS DAYO",Gs   106.700,https://www.stock.com.py/images/thumbs/0186872_500.jpeg,17/12/24
Cocina,BATIDORA MANUAL C/BOWL DAYO 1529WB,Gs   140.800,https://www.stock.com.py/images/thumbs/0186299_500.png,17/12/24
Cocina,HERVIDORA ELE. 1.8 LTS D/ACERO DAYO REF SM SS180,Gs   52.900,https://www.stock.com.py/images/thumbs/0186293_500.png,17/12/24
Cocina,"HERVIDORA ELECTRICA DAYO 1,7 LITROS",Gs   58.900,https://www.stock.com.py/images/thumbs/0167799_500.jpeg,17/12/24
Cocina,LICUADORA 3VELOCIDADES DAYO CJA/REF YT1841C,Gs   114.900,https://www.stock.com.py/images/thumbs/0167798_500.jpeg,17/12/24
Cocina,MIXER DAYO S/E REF HM518,Gs   77.600,https://www.stock.com.py/images/thumbs/0167771_500.jpeg,17/12/24
Cocina,CAFETERA ELECTRICA DAYO REF CM1231,Gs   144.900,https://www.stock.com.py/images/thumbs/0166002_500.jpeg,17/12/24
Cocina,PLACA A INDUCCION C/OLLA DAYO S/E REF YLA2A,Gs   324.900,https://www.stock.com.py/images/thumbs/0165998_500.jpeg,17/12/24
Cocina,LICUADORA 4VELOCIDADES DAYO CJA/REF YTY46,Gs   126.100,https://www.stock.com.py/images/thumbs/0165990_500.jpeg,17/12/24
Gelatinas,GELATINA SABOR FRUTILLA DIETALAT PARMALAT 180GR,Gs   2.650,https://www.stock.com.py/images/thumbs/0187590_500.jpeg,17/12/24
Gelatinas,GELATINA SABOR TUTTI FRUTTI PARMALAT 125GR,Gs   2.050,https://www.stock.com.py/images/thumbs/0187585_500.jpeg,17/12/24
Gelatinas,GELATINAS PARMALAT GELATINA SABOR NARANJA PARMALAT 125GRPOTE 125 GRAMOS,Gs   2.050,https://www.stock.com.py/images/thumbs/0187581_500.jpeg,17/12/24
Gelatinas,GELATINA SABOR FRUTILLA PARMALAT 125GR,Gs   2.050,https://www.stock.com.py/images/thumbs/0187580_500.jpeg,17/12/24
Gelatinas,GELATINA SABOR UVA PARMALAT 125GR,Gs   2.050,https://www.stock.com.py/images/thumbs/0187579_500.jpeg,17/12/24
Gelatinas,POSTRE GELATINA D/MANZANA VERDE 120GR LA PRADERA POTE ,Gs   2.100,https://www.stock.com.py/images/thumbs/0171867_500.png,17/12/24
Gelatinas,POSTRE GELATINA D/UVA 120GR LA PRADERA POT,Gs   2.100,https://www.stock.com.py/images/thumbs/0171865_500.png,17/12/24
Rejillas/Trapos de Piso,PAÑO MULTIUSO 2UN 36x40cm DAYO BSA,Gs   6.600,https://www.stock.com.py/images/thumbs/0209785_500.jpeg,17/12/24
Rejillas/Trapos de Piso,TRAPO DE PISO MEDIA NARANJA BICOLOR M CLASICO 48 X 60 CM,Gs   9.250,https://www.stock.com.py/images/thumbs/0209350_500.jpeg,17/12/24
Rejillas/Trapos de Piso,REPASADOR D/CO 40X60 DAYO REF KT21002,Gs   4.900,https://www.stock.com.py/images/thumbs/0207987_500.jpeg,17/12/24
Rejillas/Trapos de Piso,REPASADOR D/CO 40X60 DAYO REF KT21 001,Gs   11.500,https://www.stock.com.py/images/thumbs/0207986_500.jpeg,17/12/24
Rejillas/Trapos de Piso,PAÑO ABS.LAVAMAS *UN ,Gs   7.150,https://www.stock.com.py/images/thumbs/0191837_500.jpeg,17/12/24
Rejillas/Trapos de Piso,TRAPO P/PISO BICOLOR REFORZADO G 58X60CM MEDIA NARANJA ,Gs   10.550,https://www.stock.com.py/images/thumbs/0191083_500.jpeg,17/12/24
Rejillas/Trapos de Piso,TRAPO P/PISO BLANCO REFORZADO XG 60X80CM MEDIA NARANJA ,Gs   15.250,https://www.stock.com.py/images/thumbs/0191082_500.jpeg,17/12/24
Rejillas/Trapos de Piso,TRAPO P/ PISO GRIS REFORZADO XG 60X80CM MEDIA NARANJA ,Gs   13.250,https://www.stock.com.py/images/thumbs/0191081_500.jpeg,17/12/24
Rejillas/Trapos de Piso,REPASADOR P/ COCINA IW REF CY16002 ,Gs   12.000,https://www.stock.com.py/images/thumbs/0189518_500.jpeg,17/12/24
Rejillas/Trapos de Piso,PAÑO DE LIMPIEZA EN ROLLO 21x29CM DAYO 25UNID,Gs   10.550,https://www.stock.com.py/images/thumbs/0188041_500.jpeg,17/12/24
Rejillas/Trapos de Piso,PAÑO MULTIUSO PARA LIMPIEZA 33x55CM DAYO 5UNID,Gs   6.400,https://www.stock.com.py/images/thumbs/0188040_500.jpeg,17/12/24
Rejillas/Trapos de Piso,FRANELA EDES 1 UN,Gs   7.400,https://www.stock.com.py/images/thumbs/0177966_500.jpeg,17/12/24
Rejillas/Trapos de Piso,FRANELA EDES 1 UN,Gs   6.200,https://www.stock.com.py/images/thumbs/0177965_500.jpeg,17/12/24
Rejillas/Trapos de Piso,TRAPO DE PISO EDES 1 UN BL,Gs   7.900,https://www.stock.com.py/images/thumbs/0177959_500.jpeg,17/12/24
Rejillas/Trapos de Piso,TRAPO DE PISO EDES 1 UN BL,Gs   5.500,https://www.stock.com.py/images/thumbs/0177948_500.jpeg,17/12/24
Rejillas/Trapos de Piso,TRAPO DE PISO ECONOMICO LAVA 1000 45CM X 50CM,Gs   4.200,https://www.stock.com.py/images/thumbs/0176866_500.jpeg,17/12/24
Rejillas/Trapos de Piso,TRAP.D/PISO JASPE 1 UN,Gs   33.000,https://www.stock.com.py/images/thumbs/0176484_500.jpeg,17/12/24
Rejillas/Trapos de Piso,REJILLA PAÑOLIN CRUDA (MEDIDA),Gs   3.550,https://www.stock.com.py/images/thumbs/0175686_500.jpeg,17/12/24
Rejillas/Trapos de Piso,REJILLA PAÑOLIN BLANCA (MEDIDA),Gs   3.900,https://www.stock.com.py/images/thumbs/0175685_500.jpeg,17/12/24
Rejillas/Trapos de Piso,TRAPO DE PISO PAÑOLIN ESPECIAL 45x70,Gs   8.650,https://www.stock.com.py/images/thumbs/0175683_500.jpeg,17/12/24
Rejillas/Trapos de Piso,TRAPO DE PISO PAÑOLIN45X70,Gs   7.250,https://www.stock.com.py/images/thumbs/0175682_500.jpeg,17/12/24
Rejillas/Trapos de Piso,TRAPO DE PISO PAÑOLIN 45X50,Gs   5.300,https://www.stock.com.py/images/thumbs/0175681_500.jpeg,17/12/24
Rejillas/Trapos de Piso,TRAPO DE PISO RENDIDOR 45x60CM PULOIL ,Gs   8.300,https://www.stock.com.py/images/thumbs/0175037_500.jpeg,17/12/24
Rejillas/Trapos de Piso,TRAPO DE PISO SUPER PREMIUM 45x70CM PULOIL,Gs   13.800,https://www.stock.com.py/images/thumbs/0175036_500.jpeg,17/12/24
Rejillas/Trapos de Piso,REJILLA AMITA 1 UN,Gs   4.400,https://www.stock.com.py/images/thumbs/0172878_500.png,17/12/24
Rejillas/Trapos de Piso,PAÑO POLIFOAM ABSORVENTE MULTIUSO 2X1,Gs   8.100,https://www.stock.com.py/images/thumbs/0166077_500.jpeg,17/12/24
Rejillas/Trapos de Piso,TRAPO DE PISO PABILO GRANDE POLIFOAM 70X45,Gs   9.200,https://www.stock.com.py/images/thumbs/0166067_500.jpeg,17/12/24
Rejillas/Trapos de Piso,TRAPO DE PISO POLIFOAN 1 U,Gs   8.300,https://www.stock.com.py/images/thumbs/0166064_500.jpeg,17/12/24
Vinagres/Otros,VINAGRE DE VINO BLANCO LA COPA 500ML PET,Gs   7.000,https://www.stock.com.py/images/thumbs/0204544_500.jpeg,17/12/24
Vinagres/Otros,VINAGRE D/ALCOHOL BLANC TIA HELENA 750ML,Gs   4.600,https://www.stock.com.py/images/thumbs/0202591_500.jpeg,17/12/24
Vinagres/Otros,VINAGRE DE MANZANA 500 ML ABADIA,Gs   4.950,https://www.stock.com.py/images/thumbs/0200145_500.jpeg,17/12/24
Vinagres/Otros,VINAGRE DE MANZANA LIGTH ALCAZAR 500ML,Gs   12.950,https://www.stock.com.py/images/thumbs/0197795_500.jpeg,17/12/24
Vinagres/Otros,VINAGRE DE ALCOHOL ALCAZAR 300ML,Gs   6.450,https://www.stock.com.py/images/thumbs/0197794_500.jpeg,17/12/24
Vinagres/Otros,VINAGRE DE VINO BLANCO ALCAZAR 300ML,Gs   6.450,https://www.stock.com.py/images/thumbs/0197793_500.jpeg,17/12/24
Vinagres/Otros,VINAGRE DE MANZANA ALCAZAR 300ML,Gs   6.950,https://www.stock.com.py/images/thumbs/0197792_500.jpeg,17/12/24
Vinagres/Otros,VINAGRE DE MANZANA ALCAZAR 750ML,Gs   9.850,https://www.stock.com.py/images/thumbs/0197788_500.jpeg,17/12/24
Vinagres/Otros,VINAGRE DE VINO BLANCO ALCAZAR 750ML,Gs   9.050,https://www.stock.com.py/images/thumbs/0197787_500.jpeg,17/12/24
Vinagres/Otros,VINAGRE DE VINO TINTO ALCAZAR 750ML,Gs   9.050,https://www.stock.com.py/images/thumbs/0197786_500.jpeg,17/12/24
Vinagres/Otros,VINAGRE DE ALCOHOL ALCAZAR 750ML,Gs   9.050,https://www.stock.com.py/images/thumbs/0197785_500.jpeg,17/12/24
Vinagres/Otros,VINAGRE DE VINO BLANCO ALCAZAR 500ML,Gs   8.100,https://www.stock.com.py/images/thumbs/0197783_500.jpeg,17/12/24
Vinagres/Otros,VINAGRE DE VINO BLANCO ABADIA 900ML,Gs   5.800,https://www.stock.com.py/images/thumbs/0197780_500.jpeg,17/12/24
Vinagres/Otros,VINAGRE DE VINO TINTO ABADIA 900ML,Gs   5.800,https://www.stock.com.py/images/thumbs/0197779_500.jpeg,17/12/24
Vinagres/Otros,VINAGRE AROMATIZADO CON ALBAHACA ALCAZAR 500ML,Gs   9.500,https://www.stock.com.py/images/thumbs/0197778_500.jpeg,17/12/24
Vinagres/Otros,VINAGRE AROMATIZADO CON OREGANO ALCAZAR 500ML,Gs   9.500,https://www.stock.com.py/images/thumbs/0197777_500.jpeg,17/12/24
Vinagres/Otros,VINAGRE DE VINO BLANCO ABADIA 500ML,Gs   4.950,https://www.stock.com.py/images/thumbs/0197776_500.jpeg,17/12/24
Vinagres/Otros,VINAGRE DE VINO TINTO ABADIA 500ML,Gs   4.950,https://www.stock.com.py/images/thumbs/0197775_500.png,17/12/24
Vinagres/Otros,ACETO BALSAMICO ALCAZAR 500ML,Gs   20.500,https://www.stock.com.py/images/thumbs/0197774_500.jpeg,17/12/24
Vinagres/Otros,VINAGRE DE ALCOHOL ALCAZAR 500ML,Gs   8.100,https://www.stock.com.py/images/thumbs/0197772_500.jpeg,17/12/24
Vinagres/Otros,VINAGRE DE ALCOHOL ALCAZAR 1LT,Gs   10.300,https://www.stock.com.py/images/thumbs/0197771_500.jpeg,17/12/24
Vinagres/Otros,VINAGRE DE VINO TINTO ALCAZAR 500ML,Gs   8.100,https://www.stock.com.py/images/thumbs/0197770_500.jpeg,17/12/24
Vinagres/Otros,VINAGRE DE MANZANA ALCAZAR 500ML,Gs   8.450,https://www.stock.com.py/images/thumbs/0197769_500.jpeg,17/12/24
Vinagres/Otros,VINAGRE DE MANZANA ALCAZAR 1LT,Gs   11.150,https://www.stock.com.py/images/thumbs/0197768_500.jpeg,17/12/24
Vinagres/Otros,VINAGRE DE MANZANA LA COPA 230 ML,Gs   5.350,https://www.stock.com.py/images/thumbs/0196938_500.jpeg,17/12/24
Vinagres/Otros,VINAGRE DE ALCOHOL LA COPA 450 ML,Gs   5.350,https://www.stock.com.py/images/thumbs/0196937_500.jpeg,17/12/24
Vinagres/Otros,JUGO DE LIMON ABADIA 400ML,Gs   5.250,https://www.stock.com.py/images/thumbs/0192322_500.jpeg,17/12/24
Vinagres/Otros,VINAGRE DE VINO BLANCO DUL-CESAR 500ML,Gs   5.750,https://www.stock.com.py/images/thumbs/0191957_500.jpeg,17/12/24
Vinagres/Otros,VINAGRE DE VINO BLANCO LA COPA 500ML PET,Gs   7.000,https://www.stock.com.py/images/thumbs/0204544_500.jpeg,17/12/24
Vinagres/Otros,VINAGRE D/ALCOHOL BLANC TIA HELENA 750ML,Gs   4.600,https://www.stock.com.py/images/thumbs/0202591_500.jpeg,17/12/24
Vinagres/Otros,VINAGRE DE MANZANA 500 ML ABADIA,Gs   4.950,https://www.stock.com.py/images/thumbs/0200145_500.jpeg,17/12/24
Vinagres/Otros,VINAGRE DE MANZANA LIGTH ALCAZAR 500ML,Gs   12.950,https://www.stock.com.py/images/thumbs/0197795_500.jpeg,17/12/24
Vinagres/Otros,VINAGRE DE ALCOHOL ALCAZAR 300ML,Gs   6.450,https://www.stock.com.py/images/thumbs/0197794_500.jpeg,17/12/24
Vinagres/Otros,VINAGRE DE VINO BLANCO ALCAZAR 300ML,Gs   6.450,https://www.stock.com.py/images/thumbs/0197793_500.jpeg,17/12/24
Vinagres/Otros,VINAGRE DE MANZANA ALCAZAR 300ML,Gs   6.950,https://www.stock.com.py/images/thumbs/0197792_500.jpeg,17/12/24
Vinagres/Otros,VINAGRE DE MANZANA ALCAZAR 750ML,Gs   9.850,https://www.stock.com.py/images/thumbs/0197788_500.jpeg,17/12/24
Vinagres/Otros,VINAGRE DE VINO BLANCO ALCAZAR 750ML,Gs   9.050,https://www.stock.com.py/images/thumbs/0197787_500.jpeg,17/12/24
Vinagres/Otros,VINAGRE DE VINO TINTO ALCAZAR 750ML,Gs   9.050,https://www.stock.com.py/images/thumbs/0197786_500.jpeg,17/12/24
Vinagres/Otros,VINAGRE DE ALCOHOL ALCAZAR 750ML,Gs   9.050,https://www.stock.com.py/images/thumbs/0197785_500.jpeg,17/12/24
Vinagres/Otros,VINAGRE DE VINO BLANCO ALCAZAR 500ML,Gs   8.100,https://www.stock.com.py/images/thumbs/0197783_500.jpeg,17/12/24
Vinagres/Otros,VINAGRE DE VINO BLANCO ABADIA 900ML,Gs   5.800,https://www.stock.com.py/images/thumbs/0197780_500.jpeg,17/12/24
Vinagres/Otros,VINAGRE DE VINO TINTO ABADIA 900ML,Gs   5.800,https://www.stock.com.py/images/thumbs/0197779_500.jpeg,17/12/24
Vinagres/Otros,VINAGRE AROMATIZADO CON ALBAHACA ALCAZAR 500ML,Gs   9.500,https://www.stock.com.py/images/thumbs/0197778_500.jpeg,17/12/24
Vinagres/Otros,VINAGRE AROMATIZADO CON OREGANO ALCAZAR 500ML,Gs   9.500,https://www.stock.com.py/images/thumbs/0197777_500.jpeg,17/12/24
Vinagres/Otros,VINAGRE DE VINO BLANCO ABADIA 500ML,Gs   4.950,https://www.stock.com.py/images/thumbs/0197776_500.jpeg,17/12/24
Vinagres/Otros,VINAGRE DE VINO TINTO ABADIA 500ML,Gs   4.950,https://www.stock.com.py/images/thumbs/0197775_500.png,17/12/24
Vinagres/Otros,ACETO BALSAMICO ALCAZAR 500ML,Gs   20.500,https://www.stock.com.py/images/thumbs/0197774_500.jpeg,17/12/24
Vinagres/Otros,VINAGRE DE ALCOHOL ALCAZAR 500ML,Gs   8.100,https://www.stock.com.py/images/thumbs/0197772_500.jpeg,17/12/24
Vinagres/Otros,VINAGRE DE ALCOHOL ALCAZAR 1LT,Gs   10.300,https://www.stock.com.py/images/thumbs/0197771_500.jpeg,17/12/24
Vinagres/Otros,VINAGRE DE VINO TINTO ALCAZAR 500ML,Gs   8.100,https://www.stock.com.py/images/thumbs/0197770_500.jpeg,17/12/24
Vinagres/Otros,VINAGRE DE MANZANA ALCAZAR 500ML,Gs   8.450,https://www.stock.com.py/images/thumbs/0197769_500.jpeg,17/12/24
Vinagres/Otros,VINAGRE DE MANZANA ALCAZAR 1LT,Gs   11.150,https://www.stock.com.py/images/thumbs/0197768_500.jpeg,17/12/24
Vinagres/Otros,VINAGRE DE MANZANA LA COPA 230 ML,Gs   5.350,https://www.stock.com.py/images/thumbs/0196938_500.jpeg,17/12/24
Vinagres/Otros,VINAGRE DE ALCOHOL LA COPA 450 ML,Gs   5.350,https://www.stock.com.py/images/thumbs/0196937_500.jpeg,17/12/24
Vinagres/Otros,JUGO DE LIMON ABADIA 400ML,Gs   5.250,https://www.stock.com.py/images/thumbs/0192322_500.jpeg,17/12/24
Vinagres/Otros,VINAGRE DE VINO BLANCO DUL-CESAR 500ML,Gs   5.750,https://www.stock.com.py/images/thumbs/0191957_500.jpeg,17/12/24
Frutas Enlatadas,COCTEL DE FRUTAS NORTE 820GR,Gs   20.250,https://www.stock.com.py/images/thumbs/0198417_500.jpeg,17/12/24
Frutas Enlatadas,FRUTILLA EN ALMIBAR NORTE 850GR,Gs   26.100,https://www.stock.com.py/images/thumbs/0197900_500.jpeg,17/12/24
Frutas Enlatadas,DURAZNOS EN ALMIBAR NORTE 820GR,Gs   17.450,https://www.stock.com.py/images/thumbs/0197889_500.jpeg,17/12/24
Frutas Enlatadas,CEREZA CEPERA AL MARAZQ. FRASCO 8,Gs   19.900,https://www.stock.com.py/images/thumbs/0178924_500.jpeg,17/12/24
Frutas Enlatadas,Duraznos en almíbar ARCOR 820 gr.,Gs   19.000,https://www.stock.com.py/images/thumbs/0178355_500.jpeg,17/12/24
Frutas Enlatadas,CEREZAS E/ALMIBAR 250GR DULCOR FCO,Gs   48.950,https://www.stock.com.py/images/thumbs/0168046_500.jpeg,17/12/24
Frutas Enlatadas,Duraznos en almíbar BIANCA 820 gr.,Gs   12.000,https://www.stock.com.py/images/thumbs/0166007_500.jpeg,17/12/24
Frutas Enlatadas,DURAZNOS 820GR PRIMICIA LATA,Gs   18.750,https://www.stock.com.py/images/thumbs/0162495_500.jpeg,17/12/24
Papeles,PAPEL HIGIE/ELEGANT H/SIMPLE 4X30MT DAYO,Gs   7.300,https://www.stock.com.py/images/thumbs/0211870_500.png,17/12/24
Papeles,PAPEL HIGIENICOPERSONAL NEUTRO DH 4UN,Gs   18.450,https://www.stock.com.py/images/thumbs/0209794_500.jpeg,17/12/24
Papeles,PAN?O E/ROLLO REUTILIZ SCOTT DURAMAX 52UN,Gs   19.300,https://www.stock.com.py/images/thumbs/0209217_500.png,17/12/24
Papeles,PAPEL HIGIENICO HIGIENOL DOB/HOJ 4R D/30,Gs   17.250,https://www.stock.com.py/images/thumbs/0208268_500.jpeg,17/12/24
Papeles,PAPEL HIGIENICO DOB/HOJA 4 ROLL ELITE 30,Gs   17.750,https://www.stock.com.py/images/thumbs/0208142_500.jpeg,17/12/24
Papeles,PAPEL HIGIENICO HIGIENOL MAX 4R DE 90M,Gs   36.400,https://www.stock.com.py/images/thumbs/0208116_500.jpeg,17/12/24
Papeles,PAPEL HIGIENICO HIGIENOL DOB/HOJ 4R D/30,Gs   17.250,https://www.stock.com.py/images/thumbs/0208115_500.jpeg,17/12/24
Papeles,PAPEL HIGIE/NEUTRO H/SIMPLE 4X30MTS DAYO,Gs   5.500,https://www.stock.com.py/images/thumbs/0207640_500.png,17/12/24
Papeles,TOALLAS DE PAPEL 2 ROLLOS SNOB 120 UN,Gs   23.850,https://www.stock.com.py/images/thumbs/0206533_500.jpeg,17/12/24
Papeles,TOALLAS DE PAPEL 2ROLL SNOB DECORA 60UN,Gs   12.450,https://www.stock.com.py/images/thumbs/0206532_500.jpeg,17/12/24
Papeles,TOALLAS DE PAPEL 2 ROLLOS SNOB 60UN,Gs   12.450,https://www.stock.com.py/images/thumbs/0206531_500.jpeg,17/12/24
Papeles,PAPEL HIG CLASICO 4 ROLLOS ELITE 30 MT,Gs   8.300,https://www.stock.com.py/images/thumbs/0206448_500.jpeg,17/12/24
Papeles,TOALLAS D/PAPEL MULT 2 ROLLOS LIRIO 50UN,Gs   8.950,https://www.stock.com.py/images/thumbs/0206029_500.jpeg,17/12/24
Papeles,PAPEL HIGIENICO 4 ROLLOS LIRIO D/ 30 MTR,Gs   5.850,https://www.stock.com.py/images/thumbs/0206028_500.jpeg,17/12/24
Papeles,PAPEL HIGIENICO 8 ROLLOS LIRIO X 30MTR,Gs   10.800,https://www.stock.com.py/images/thumbs/0206027_500.png,17/12/24
Papeles,SERVILLETAS 50 UNIDADES X 30CM,Gs   4.150,https://www.stock.com.py/images/thumbs/0202986_500.jpeg,17/12/24
Papeles,SERVILLETAS LIRIO 50 UN,Gs   2.500,https://www.stock.com.py/images/thumbs/0202985_500.jpeg,17/12/24
Papeles,SERVILLETAS LIRIO 100 UN,Gs   4.500,https://www.stock.com.py/images/thumbs/0202984_500.jpeg,17/12/24
Papeles,PAPEL HIGIENICO DOBLE HOJA FOFINHO 30M P,Gs   20.400,https://www.stock.com.py/images/thumbs/0202277_500.jpeg,17/12/24
Papeles,PAPEL HIGIENI PALOMA CAMOMILA 8UN X30M,Gs   15.800,https://www.stock.com.py/images/thumbs/0201943_500.png,17/12/24
Papeles,"SERVILLETA ""MAXIM"" 30 X 31CM 50UN. MAXIM",Gs   4.800,https://www.stock.com.py/images/thumbs/0201941_500.png,17/12/24
Papeles,PAPEL D/COC MULTIUSO FELPITA MAXIROLLO 200UN,Gs   13.900,https://www.stock.com.py/images/thumbs/0201640_500.png,17/12/24
Papeles,ROLLO COCINA DOBLE HOJA 3X30CM CARTABELL,Gs   10.000,https://www.stock.com.py/images/thumbs/0201637_500.png,17/12/24
Papeles,PAPEL HIGIENICO HOJA SIMPLE 4X30CM FELPI,Gs   10.900,https://www.stock.com.py/images/thumbs/0201634_500.png,17/12/24
Papeles,ELITE DUALETTE PAPEL HIGIENICO HOJA ULTRA DOBLE 16 UNIDADES,Gs   67.000,https://www.stock.com.py/images/thumbs/0201234_500.jpeg,17/12/24
Papeles,ELITE MAXI ROLLO TRIPLE HOJA DOS ROLLOS DE 20 METROS CON 100 HOJAS,Gs   35.300,https://www.stock.com.py/images/thumbs/0201172_500.jpeg,17/12/24
Papeles,PAPEL HIEG DUETTO VELVET DOBLE HOJA 12UN,Gs   51.250,https://www.stock.com.py/images/thumbs/0200717_500.jpeg,17/12/24
Papeles,PAPEL HIGIENICO HOJA SIMPLE 1x30MTS DAYO,Gs   1.300,https://www.stock.com.py/images/thumbs/0200224_500.jpeg,17/12/24
Cereales/Semillas,AVENA FINOS ZAELI 500GR PAQ,Gs   12.000,https://www.stock.com.py/images/thumbs/0211843_500.png,17/12/24
Cereales/Semillas,ARITOS FRUTADOS LASFOR 180GR,Gs   7.900,https://www.stock.com.py/images/thumbs/0209199_500.png,17/12/24
Cereales/Semillas,BARRA CEREAL NUTRY CLASICO BANANA 25GR,Gs   4.350,https://www.stock.com.py/images/thumbs/0208773_500.jpeg,17/12/24
Cereales/Semillas,BARRA D/CEREAL NUTRY CASTAN?AS D/CAJU 22G,Gs   3.600,https://www.stock.com.py/images/thumbs/0208534_500.jpeg,17/12/24
Cereales/Semillas,CEREAL AVENA INTEG C/CACAO NESTLE 220GR,Gs   25.350,https://www.stock.com.py/images/thumbs/0208369_500.jpeg,17/12/24
Cereales/Semillas,CEREAL S/CHOC KRISPIS KELLOGG'S 200GR,Gs   21.300,https://www.stock.com.py/images/thumbs/0208112_500.jpeg,17/12/24
Cereales/Semillas,BARRA D/CEREAL MIX C/FRUTILLA YCHOC 26GR,Gs   4.000,https://www.stock.com.py/images/thumbs/0207303_500.jpeg,17/12/24
Cereales/Semillas,CEREAL RELLENO C/CHOCO KELLOGG'S 100GR,Gs   9.000,https://www.stock.com.py/images/thumbs/0207112_500.jpeg,17/12/24
Cereales/Semillas,CEREAL RELLENO C/CHOCOLATE KELLOGG'S 32G,Gs   3.200,https://www.stock.com.py/images/thumbs/0207110_500.jpeg,17/12/24
Cereales/Semillas,CEREAL COPOS DE MAIZ AZUC KELLOGG'S 39GR,Gs   3.000,https://www.stock.com.py/images/thumbs/0206766_500.jpeg,17/12/24
Cereales/Semillas,SUPINO PROTEIN BARRA PROTEICA SABOR CAPPUCCINO 30 GR,Gs   7.550,https://www.stock.com.py/images/thumbs/0204662_500.jpeg,17/12/24
Cereales/Semillas,SUPINO PROTEIN BARRA PROTEICA SABOR CHOCOLATE 30 GR,Gs   7.550,https://www.stock.com.py/images/thumbs/0204661_500.jpeg,17/12/24
Cereales/Semillas,ALMOHADITAS D/LIMON S/GLUTEN 240GR SNUKS,Gs   19.500,https://www.stock.com.py/images/thumbs/0204489_500.jpeg,17/12/24
Cereales/Semillas,ALMOHADITAS D/FRUTI S/GLUTEN 240GR SNUKS,Gs   19.500,https://www.stock.com.py/images/thumbs/0204488_500.jpeg,17/12/24
Cereales/Semillas,GRANOLA D/FRUTOS SECOS 350GR LASFOR,Gs   29.900,https://www.stock.com.py/images/thumbs/0204486_500.jpeg,17/12/24
Cereales/Semillas,ALMOHADITAS RELLENAS LIMON 200GR LASFOR,Gs   14.900,https://www.stock.com.py/images/thumbs/0204485_500.jpeg,17/12/24
Cereales/Semillas,ALMOHADITAS RELL/ FRUTILLA 200GR LASFOR,Gs   14.900,https://www.stock.com.py/images/thumbs/0204484_500.jpeg,17/12/24
Cereales/Semillas,ALMOHADITAS RELL/ AVELLANAS 200GR LASFOR,Gs   14.900,https://www.stock.com.py/images/thumbs/0204482_500.jpeg,17/12/24
Cereales/Semillas,GRANOLA D/ALMENDRAS Y PASAS 350GR LASFOR,Gs   25.000,https://www.stock.com.py/images/thumbs/0204481_500.jpeg,17/12/24
Cereales/Semillas,ALMOHADITAS D/CHOCO S/GLUTEN 240GR SNUKS,Gs   19.500,https://www.stock.com.py/images/thumbs/0204480_500.jpeg,17/12/24
Cereales/Semillas,ALMOHADITAS D/AVELL S/GLUTEN 240GR SNUKS,Gs   19.500,https://www.stock.com.py/images/thumbs/0204479_500.jpeg,17/12/24
Cereales/Semillas,GALLETITAS CEREAL MIX AVENA Y PASAS 207G,Gs   17.500,https://www.stock.com.py/images/thumbs/0204371_500.jpeg,17/12/24
Cereales/Semillas,LACTA 5 STAR BARRA RELLENA CON CARAMELO Y BIZCOCHO 40 GR,Gs   5.000,https://www.stock.com.py/images/thumbs/0203396_500.jpeg,17/12/24
Cereales/Semillas,BARRA COC Y CHOC BLAN SUPINO PROTEIN 30G,Gs   7.550,https://www.stock.com.py/images/thumbs/0202765_500.jpeg,17/12/24
Cereales/Semillas,CARAMELOS MENTHOPLUS ACIDOS MANZANA 28GR,Gs   3.000,https://www.stock.com.py/images/thumbs/0202117_500.jpeg,17/12/24
Cereales/Semillas,VIVO CHECK CEREAL SABOR CACAO 30 GR,Gs   3.800,https://www.stock.com.py/images/thumbs/0201122_500.jpeg,17/12/24
Cereales/Semillas,VIVO CEREAL DE AVENA INTEGRAL TRIGO MAIZ Y CACAO 360 GR,Gs   41.500,https://www.stock.com.py/images/thumbs/0201121_500.jpeg,17/12/24
Cereales/Semillas,AVENA EN COPOS NATURALE 450 GR,Gs   14.600,https://www.stock.com.py/images/thumbs/0201075_500.jpeg,17/12/24
Gasificados,"VINO ""FRIZZE"" EVOLUTION BLUE BOT 750 ML",Gs   18.500,https://www.stock.com.py/images/thumbs/0207988_500.jpeg,17/12/24
Gasificados,FRIZZE ITALIAN POMELATA 1 LITRO,Gs   18.500,https://www.stock.com.py/images/thumbs/0196736_500.jpeg,17/12/24
Detergentes,DESODORANTE BACTE C/CITRONELLA 1LT/DETERGENTE 500ML/LAVANDINA 1LT BASE BASE PACK,Gs   19.500,https://www.stock.com.py/images/thumbs/0212750_500.jpeg,17/12/24
Detergentes,DETERGENTE LAVAVAJILLAS LIMN 4LT ACTIVO 100 BID ACTIVO 100                x 1,Gs   39.500,https://www.stock.com.py/images/thumbs/0211474_500.jpeg,17/12/24
Detergentes,DETERGENTE LAVAVAJILLAS GLICERINA 500 ML ACTIVO 100 ,Gs   5.600,https://www.stock.com.py/images/thumbs/0211473_500.jpeg,17/12/24
Detergentes,DETERGENTE ACTIVO 100 ALOE VERA 500ML,Gs   5.600,https://www.stock.com.py/images/thumbs/0211472_500.jpeg,17/12/24
Detergentes,DETERGENTE ACTIVO 100 LIMON 500ML,Gs   5.600,https://www.stock.com.py/images/thumbs/0211471_500.jpeg,17/12/24
Detergentes,DETERGENTE ALOE VERA ACTIVO 100 750ML,Gs   7.650,https://www.stock.com.py/images/thumbs/0211470_500.jpeg,17/12/24
Detergentes,DETERGENTE CON GLICERINA ACTIVO 100 750ML,Gs   7.650,https://www.stock.com.py/images/thumbs/0211469_500.jpeg,17/12/24
Detergentes,DETERGENTE LIMON ACTIVO 100 750ML,Gs   7.650,https://www.stock.com.py/images/thumbs/0211468_500.jpeg,17/12/24
Detergentes,PACK LAVAMIL DET+LAV+SUAV 500ML LAVA 100,Gs   9.950,https://www.stock.com.py/images/thumbs/0209352_500.jpeg,17/12/24
Detergentes,DETERGENTE LIMON CIF BIOACTIVE 500 ML,Gs   13.150,https://www.stock.com.py/images/thumbs/0207096_500.jpeg,17/12/24
Detergentes,DETERGENTE LAVAVAJILLAS GLICERINA  4LT ACTIVO 100 BID ACTIVO 100                x 1,Gs   39.500,https://www.stock.com.py/images/thumbs/0201829_500.jpeg,17/12/24
Detergentes,DETERGENTE LAVAVAJILLAS ALOE VERA 4LT ACTIVO 100 BID ACTIVO 100                x 1,Gs   39.500,https://www.stock.com.py/images/thumbs/0201828_500.jpeg,17/12/24
Detergentes,DETERGENTE CONCENT LIMON INCABRIL ULTRA 800ML BOT,Gs   9.500,https://www.stock.com.py/images/thumbs/0201298_500.jpeg,17/12/24
Detergentes,DESODORANTE D/AMBIENTE FLOR D/COCO 950ML PINO LECHE PLA,Gs   6.600,https://www.stock.com.py/images/thumbs/0201084_500.jpeg,17/12/24
Detergentes,POLVO LAVAVAJILLAS CERO ESPUMA 750GR ZITRON ,Gs   52.500,https://www.stock.com.py/images/thumbs/0201077_500.jpeg,17/12/24
Detergentes,DETERGENTE ZITRON LAVA VAJILLAS 480ML,Gs   4.900,https://www.stock.com.py/images/thumbs/0201050_500.jpeg,17/12/24
Detergentes,DETERGENTE LIQUIDO PARA ROPAS LAVA 1000 1L,Gs   13.450,https://www.stock.com.py/images/thumbs/0192332_500.jpeg,17/12/24
Detergentes,DETERGENTE NEUTRO 500ML LAVA1000 PLUS PET ,Gs   4.250,https://www.stock.com.py/images/thumbs/0192331_500.jpeg,17/12/24
Detergentes,INCABRIL LIMON DETERGENTE LAVAVAJILLAS 3L,Gs   20.950,https://www.stock.com.py/images/thumbs/0191817_500.jpeg,17/12/24
Detergentes,DETERGENTE LAVAVAJILLAS MANZANA 3LT INCABRIL BDN,Gs   20.950,https://www.stock.com.py/images/thumbs/0191816_500.jpeg,17/12/24
Detergentes,DETERGENTE CONCENT POMELO INCABRIL ULTRA 800ML BOT,Gs   9.500,https://www.stock.com.py/images/thumbs/0191814_500.jpeg,17/12/24
Detergentes,DETERGENTE LIMON 500ML LAVA1000 PLUS PET ,Gs   4.250,https://www.stock.com.py/images/thumbs/0176716_500.jpeg,17/12/24
Detergentes,DETERGENTE MANZANA 500ML LAVA1000 PLUS PET ,Gs   4.250,https://www.stock.com.py/images/thumbs/0176715_500.jpeg,17/12/24
Detergentes,LIMPIADOR MULT CITRONELLA 900 ML INCABRIL BOT ,Gs   7.900,https://www.stock.com.py/images/thumbs/0176643_500.jpeg,17/12/24
Detergentes,DESODORANTE D/AMBIENTES CITRONELLA 1LT AMITA PLA,Gs   5.900,https://www.stock.com.py/images/thumbs/0172915_500.jpeg,17/12/24
Detergentes,DESODORANTE BACTERICIDA CITRONELLA 900ML BASE BASE BOT,Gs   9.850,https://www.stock.com.py/images/thumbs/0172484_500.jpeg,17/12/24
Detergentes,DETERGENTE CONCENTRADO LIMON 1LT LAVA 1000 PLUS PET,Gs   8.350,https://www.stock.com.py/images/thumbs/0167782_500.jpeg,17/12/24
Detergentes,DETERGENTE CONCENTRADO NEUTRO 1LT LAVA 1000 PLUS PET,Gs   8.350,https://www.stock.com.py/images/thumbs/0167781_500.jpeg,17/12/24
Descremados,YOGUR DESC SIN LACTOSA/PERA Y MANZANA TREBOL 200GR POT,Gs   3.200,https://www.stock.com.py/images/thumbs/0212748_500.png,17/12/24
Descremados,YOGHURT DIETETICO FRUTILLA 350 GR LOS COLONOS POTE,Gs   5.000,https://www.stock.com.py/images/thumbs/0205480_500.jpeg,17/12/24
Descremados,YOGHURT DIETETICO DURAZNO 200 GR LOS COLONOS POTE,Gs   3.700,https://www.stock.com.py/images/thumbs/0205479_500.jpeg,17/12/24
Descremados,YOGHURT ENTERO D/FRUTILLA 1LT KISSI SACHET,Gs   9.450,https://www.stock.com.py/images/thumbs/0205468_500.jpeg,17/12/24
Descremados,YOGURT DIET LA PRADERA VAINILLA 500ML SACHET,Gs   9.200,https://www.stock.com.py/images/thumbs/0205462_500.jpeg,17/12/24
Descremados,YOGHURT DESCREMADO SIN LACTOSA NATURAL 350GR TREBOL,Gs   5.000,https://www.stock.com.py/images/thumbs/0205445_500.jpeg,17/12/24
Descremados,YOGURT VITAL LIGTH VAINILLA LACTOL. 350GR,Gs   4.600,https://www.stock.com.py/images/thumbs/0201717_500.jpeg,17/12/24
Descremados,YOGURT DIETETICO TREBOL FRUTILLA POTE 140ML,Gs   2.500,https://www.stock.com.py/images/thumbs/0201039_500.png,17/12/24
Descremados,YOGURT DIETETICO TREBOL VAINILLA POTE 140ML,Gs   2.500,https://www.stock.com.py/images/thumbs/0201038_500.png,17/12/24
Descremados,YOGURT DIETETICO TREBOL COCO POTE 140ML,Gs   2.500,https://www.stock.com.py/images/thumbs/0201037_500.png,17/12/24
Descremados,YOGURT DIETETICO TREBOL VAINILLA POTE 350ML,Gs   4.900,https://www.stock.com.py/images/thumbs/0201036_500.png,17/12/24
Descremados,YOGURT DIETETICO TREBOL FRUTILLA POTE 350ML,Gs   4.900,https://www.stock.com.py/images/thumbs/0201035_500.png,17/12/24
Descremados,YOGURT DIETETICO TREBOL COCO POTE 350ML,Gs   4.900,https://www.stock.com.py/images/thumbs/0201034_500.png,17/12/24
Descremados,YOGURT CEREGURT LIGHT LACTOLANDA 140gr,Gs   3.600,https://www.stock.com.py/images/thumbs/0186408_500.jpeg,17/12/24
Descremados,YOGHURT DIETETICO VAINILLA 350 GR LOS COLONOS POTE,Gs   5.000,https://www.stock.com.py/images/thumbs/0183210_500.jpeg,17/12/24
Descremados,YOGHURT DIETETICO DURAZNO 350 GR LOS COLONOS POTE,Gs   5.000,https://www.stock.com.py/images/thumbs/0183209_500.jpeg,17/12/24
Descremados,YOGHURT DIETETICO VAINILLA 200 GR LOS COLONOS POTE,Gs   3.700,https://www.stock.com.py/images/thumbs/0183208_500.jpeg,17/12/24
Descremados,YOGHURT DIETETICO FRUTILLA 200 GR LOS COLONOS POTE,Gs   3.700,https://www.stock.com.py/images/thumbs/0183207_500.jpeg,17/12/24
Descremados,YOGURT DESCREMADO TREBOL SIN LACTOSA/FRUTILLA 200GR,Gs   3.200,https://www.stock.com.py/images/thumbs/0181042_500.jpeg,17/12/24
Descremados,YOGHURT LACTOLANDA SEMID SIN LACTOSA S/COCO 180GR POTE,Gs   2.800,https://www.stock.com.py/images/thumbs/0179744_500.jpeg,17/12/24
Descremados,YOGHURT LACTOLANDA SEMID SIN LACTOSA S/VAINILLA 180GR POTE,Gs   2.800,https://www.stock.com.py/images/thumbs/0179743_500.jpeg,17/12/24
Descremados,YOGHURT DESCR. S/ LACTOSA VAINILLA 180GR DOÑA ANGELA POTE,Gs   3.500,https://www.stock.com.py/images/thumbs/0178614_500.jpeg,17/12/24
Descremados,YOGHURT DESCR. S/ LACTOSA FRUTILLA 180GR DOÑA ANGELA POTE,Gs   3.500,https://www.stock.com.py/images/thumbs/0178611_500.jpeg,17/12/24
Descremados,YOGURT DOÑA ANGELA LIGHT FIBRA FRUTOS DEL BOSQUE POTE 140GR,Gs   4.400,https://www.stock.com.py/images/thumbs/0178609_500.jpeg,17/12/24
Descremados,YOGURT DOÑA ANGELA LIGHT FIBRA CIRUELA POTE 140GR,Gs   4.400,https://www.stock.com.py/images/thumbs/0178606_500.jpeg,17/12/24
Descremados,YOGURT DOÑA ANGELA LIGHT FIBRA FRUTILLA POTE 140GR,Gs   4.400,https://www.stock.com.py/images/thumbs/0178605_500.jpeg,17/12/24
Descremados,YOGURT XABOR LIGHT DURAZN 350,Gs   4.950,https://www.stock.com.py/images/thumbs/0178600_500.jpeg,17/12/24
Camping,PARAGUAS CORTO IW S/E REF 0001,Gs   16.900,https://www.stock.com.py/images/thumbs/0170101_500.jpeg,17/12/24
Camping,GOMA P/CABELLO DAYO REF HH19 006,Gs   8.000,https://www.stock.com.py/images/thumbs/noDefaultImage_stock_500.gif,17/12/24
Camping,SET D/CORDONES DAYO REF HTT 19 007,Gs   10.000,https://www.stock.com.py/images/thumbs/noDefaultImage_stock_500.gif,17/12/24
Camping,SET ESPONJA P/MAQUILLAJE DAYO REF CX19 002,Gs   6.900,https://www.stock.com.py/images/thumbs/noDefaultImage_stock_500.gif,17/12/24
Camping,SET D/TIJERA DAYO REF HB214,Gs   10.000,https://www.stock.com.py/images/thumbs/noDefaultImage_stock_500.gif,17/12/24
Camping,SOPORTE P/SECADOR TODO X 8000 REF CH4,Gs   5.000,https://www.stock.com.py/images/thumbs/noDefaultImage_stock_500.gif,17/12/24
Camping,SET D/MANICURA TODOX8000 REF 315,Gs   10.000,https://www.stock.com.py/images/thumbs/noDefaultImage_stock_500.gif,17/12/24
Camping,TIJERA D/BELLEZA TODOX8000 REFCX21002,Gs   10.000,https://www.stock.com.py/images/thumbs/noDefaultImage_stock_500.gif,17/12/24
Camping,SET D/MANICURA TODOX8000 REF 309,Gs   10.000,https://www.stock.com.py/images/thumbs/noDefaultImage_stock_500.gif,17/12/24
Camping,SET D/COSTURA TODO X 8000 REF YH21 010,Gs   5.000,https://www.stock.com.py/images/thumbs/noDefaultImage_stock_500.gif,17/12/24
Camping,CARTERA BOLSO TERMICO,Gs   15.000,https://www.stock.com.py/images/thumbs/noDefaultImage_stock_500.gif,17/12/24
Camping,PARAGUA DIS SURT DY REF 5815/5811,Gs   39.900,https://www.stock.com.py/images/thumbs/noDefaultImage_stock_500.gif,17/12/24
Camping,PARAGUA DIS SURT DY REF 5810/5813,Gs   46.500,https://www.stock.com.py/images/thumbs/noDefaultImage_stock_500.gif,17/12/24
Rejillas/Trapos de Piso,PAÑO MULTIUSO 2UN 36x40cm DAYO BSA,Gs   6.600,https://www.stock.com.py/images/thumbs/0209785_500.jpeg,17/12/24
Rejillas/Trapos de Piso,TRAPO DE PISO MEDIA NARANJA BICOLOR M CLASICO 48 X 60 CM,Gs   9.250,https://www.stock.com.py/images/thumbs/0209350_500.jpeg,17/12/24
Rejillas/Trapos de Piso,REPASADOR D/CO 40X60 DAYO REF KT21002,Gs   4.900,https://www.stock.com.py/images/thumbs/0207987_500.jpeg,17/12/24
Rejillas/Trapos de Piso,REPASADOR D/CO 40X60 DAYO REF KT21 001,Gs   11.500,https://www.stock.com.py/images/thumbs/0207986_500.jpeg,17/12/24
Rejillas/Trapos de Piso,PAÑO ABS.LAVAMAS *UN ,Gs   7.150,https://www.stock.com.py/images/thumbs/0191837_500.jpeg,17/12/24
Rejillas/Trapos de Piso,TRAPO P/PISO BICOLOR REFORZADO G 58X60CM MEDIA NARANJA ,Gs   10.550,https://www.stock.com.py/images/thumbs/0191083_500.jpeg,17/12/24
Rejillas/Trapos de Piso,TRAPO P/PISO BLANCO REFORZADO XG 60X80CM MEDIA NARANJA ,Gs   15.250,https://www.stock.com.py/images/thumbs/0191082_500.jpeg,17/12/24
Rejillas/Trapos de Piso,TRAPO P/ PISO GRIS REFORZADO XG 60X80CM MEDIA NARANJA ,Gs   13.250,https://www.stock.com.py/images/thumbs/0191081_500.jpeg,17/12/24
Rejillas/Trapos de Piso,REPASADOR P/ COCINA IW REF CY16002 ,Gs   12.000,https://www.stock.com.py/images/thumbs/0189518_500.jpeg,17/12/24
Rejillas/Trapos de Piso,PAÑO DE LIMPIEZA EN ROLLO 21x29CM DAYO 25UNID,Gs   10.550,https://www.stock.com.py/images/thumbs/0188041_500.jpeg,17/12/24
Rejillas/Trapos de Piso,PAÑO MULTIUSO PARA LIMPIEZA 33x55CM DAYO 5UNID,Gs   6.400,https://www.stock.com.py/images/thumbs/0188040_500.jpeg,17/12/24
Rejillas/Trapos de Piso,FRANELA EDES 1 UN,Gs   7.400,https://www.stock.com.py/images/thumbs/0177966_500.jpeg,17/12/24
Rejillas/Trapos de Piso,FRANELA EDES 1 UN,Gs   6.200,https://www.stock.com.py/images/thumbs/0177965_500.jpeg,17/12/24
Rejillas/Trapos de Piso,TRAPO DE PISO EDES 1 UN BL,Gs   7.900,https://www.stock.com.py/images/thumbs/0177959_500.jpeg,17/12/24
Rejillas/Trapos de Piso,TRAPO DE PISO EDES 1 UN BL,Gs   5.500,https://www.stock.com.py/images/thumbs/0177948_500.jpeg,17/12/24
Rejillas/Trapos de Piso,TRAPO DE PISO ECONOMICO LAVA 1000 45CM X 50CM,Gs   4.200,https://www.stock.com.py/images/thumbs/0176866_500.jpeg,17/12/24
Rejillas/Trapos de Piso,TRAP.D/PISO JASPE 1 UN,Gs   33.000,https://www.stock.com.py/images/thumbs/0176484_500.jpeg,17/12/24
Rejillas/Trapos de Piso,REJILLA PAÑOLIN CRUDA (MEDIDA),Gs   3.550,https://www.stock.com.py/images/thumbs/0175686_500.jpeg,17/12/24
Rejillas/Trapos de Piso,REJILLA PAÑOLIN BLANCA (MEDIDA),Gs   3.900,https://www.stock.com.py/images/thumbs/0175685_500.jpeg,17/12/24
Rejillas/Trapos de Piso,TRAPO DE PISO PAÑOLIN ESPECIAL 45x70,Gs   8.650,https://www.stock.com.py/images/thumbs/0175683_500.jpeg,17/12/24
Rejillas/Trapos de Piso,TRAPO DE PISO PAÑOLIN45X70,Gs   7.250,https://www.stock.com.py/images/thumbs/0175682_500.jpeg,17/12/24
Rejillas/Trapos de Piso,TRAPO DE PISO PAÑOLIN 45X50,Gs   5.300,https://www.stock.com.py/images/thumbs/0175681_500.jpeg,17/12/24
Rejillas/Trapos de Piso,TRAPO DE PISO RENDIDOR 45x60CM PULOIL ,Gs   8.300,https://www.stock.com.py/images/thumbs/0175037_500.jpeg,17/12/24
Rejillas/Trapos de Piso,TRAPO DE PISO SUPER PREMIUM 45x70CM PULOIL,Gs   13.800,https://www.stock.com.py/images/thumbs/0175036_500.jpeg,17/12/24
Rejillas/Trapos de Piso,REJILLA AMITA 1 UN,Gs   4.400,https://www.stock.com.py/images/thumbs/0172878_500.png,17/12/24
Rejillas/Trapos de Piso,PAÑO POLIFOAM ABSORVENTE MULTIUSO 2X1,Gs   8.100,https://www.stock.com.py/images/thumbs/0166077_500.jpeg,17/12/24
Rejillas/Trapos de Piso,TRAPO DE PISO PABILO GRANDE POLIFOAM 70X45,Gs   9.200,https://www.stock.com.py/images/thumbs/0166067_500.jpeg,17/12/24
Rejillas/Trapos de Piso,TRAPO DE PISO POLIFOAN 1 U,Gs   8.300,https://www.stock.com.py/images/thumbs/0166064_500.jpeg,17/12/24
Aguas Mineralizadas,AGUA DE COCO 330ML SOCOCO TETRA,Gs   11.950,https://www.stock.com.py/images/thumbs/0211740_500.png,17/12/24
Aguas Mineralizadas,AGUA D/COCO 1LT SOCOCO TETRA,Gs   22.900,https://www.stock.com.py/images/thumbs/0211738_500.png,17/12/24
Aguas Mineralizadas,AGUA D/COCO 200ML SOCOCO TETRA,Gs   6.400,https://www.stock.com.py/images/thumbs/0211736_500.png,17/12/24
Aguas Mineralizadas,AGUA TONICA PASO DE LOS TOROS 2 LITROS,Gs   12.000,https://www.stock.com.py/images/thumbs/0209523_500.jpeg,17/12/24
Aguas Mineralizadas,AGUA TONICA PASO DE LOS TOROS 500ML,Gs   5.500,https://www.stock.com.py/images/thumbs/0209522_500.jpeg,17/12/24
Aguas Mineralizadas,AGUA TONICA SCHWEPPERS X 500ML,Gs   6.000,https://www.stock.com.py/images/thumbs/0208786_500.jpeg,17/12/24
Aguas Mineralizadas,AGUA MINERAL DASANI CON G 500CC,Gs   2.800,https://www.stock.com.py/images/thumbs/0208780_500.jpeg,17/12/24
Aguas Mineralizadas,AGUA SIN GAS DASANI PACK 6 UN 500 ML,Gs   15.100,https://www.stock.com.py/images/thumbs/0208370_500.jpeg,17/12/24
Aguas Mineralizadas,AGUA MINERAL DE LA COSTA CON GA,Gs   4.000,https://www.stock.com.py/images/thumbs/0206713_500.jpeg,17/12/24
Aguas Mineralizadas,AGUA MINERAL CON GAS LA COSTA,Gs   2.500,https://www.stock.com.py/images/thumbs/0206712_500.jpeg,17/12/24
Aguas Mineralizadas,AGUA MINERAL DE LA COSTA SIN GAS,Gs   3.400,https://www.stock.com.py/images/thumbs/0206711_500.jpeg,17/12/24
Aguas Mineralizadas,AGUA MINERAL SIN GAS LA COSTA,Gs   1.700,https://www.stock.com.py/images/thumbs/0206710_500.jpeg,17/12/24
Aguas Mineralizadas,DE LA COSTA AGUA TONICA GRAPEFRUIT SIN AZUCAR 2 LITROS,Gs   10.000,https://www.stock.com.py/images/thumbs/0206709_500.jpeg,17/12/24
Aguas Mineralizadas,AGUA TONICA ORIG S/AZUCAR 2LT DE LA COSTA,Gs   10.000,https://www.stock.com.py/images/thumbs/0206708_500.jpeg,17/12/24
Aguas Mineralizadas,AGUA TONICA GINGER ALE 269ML DE LA COSTA,Gs   3.500,https://www.stock.com.py/images/thumbs/0206706_500.jpeg,17/12/24
Aguas Mineralizadas,KAMPITO GREEN PUNCH 2000,Gs   5.000,https://www.stock.com.py/images/thumbs/0206700_500.jpeg,17/12/24
Aguas Mineralizadas,KAMPITO GREEN PUNCH 250,Gs   2.500,https://www.stock.com.py/images/thumbs/0206699_500.jpeg,17/12/24
Aguas Mineralizadas,AGUA MIN ELECTRO LYTE DE LA COSTA 960ML PICO SPORTS BOT,Gs   4.000,https://www.stock.com.py/images/thumbs/0206698_500.jpeg,17/12/24
Aguas Mineralizadas,AGUA MINERAL 10LT SIN GAS DE LA COSTA BIDON,Gs   15.000,https://www.stock.com.py/images/thumbs/0206695_500.jpeg,17/12/24
Aguas Mineralizadas,AGUA MINERAL 5LT SIN GAS DE LA COSTA BIDON,Gs   9.000,https://www.stock.com.py/images/thumbs/0206694_500.jpeg,17/12/24
Aguas Mineralizadas,KAMPITO TROPICAL PUNCH 2000CC,Gs   5.000,https://www.stock.com.py/images/thumbs/0206691_500.jpeg,17/12/24
Aguas Mineralizadas,AGUA SABORIZADA CITRUS PUNCH KAMPITO 2LT,Gs   5.000,https://www.stock.com.py/images/thumbs/0206690_500.jpeg,17/12/24
Aguas Mineralizadas,AGUA S/GAS PICO SPORT 960ML DE LA COSTA BOT,Gs   2.800,https://www.stock.com.py/images/thumbs/0206689_500.jpeg,17/12/24
Aguas Mineralizadas,AGUA TONICA GASIFICADA 500ML DE LA COSTA BOT,Gs   3.500,https://www.stock.com.py/images/thumbs/0206687_500.jpeg,17/12/24
Aguas Mineralizadas,AGUA TONICA S/AZUCAR DE LA COSTA 269ML,Gs   3.500,https://www.stock.com.py/images/thumbs/0206672_500.jpeg,17/12/24
Aguas Mineralizadas,AGUA MINERAL S/GAS 3LT DASANI BOT,Gs   5.500,https://www.stock.com.py/images/thumbs/0206641_500.jpeg,17/12/24
Aguas Mineralizadas,AGUA MINERALIZADA S/GAS 990ML DASANI BOTELLA,Gs   3.700,https://www.stock.com.py/images/thumbs/0206639_500.jpeg,17/12/24
Aguas Mineralizadas,AGUA MINERALIZADA S/GAS 2250ML DASANI BOTELLA,Gs   3.900,https://www.stock.com.py/images/thumbs/0206638_500.jpeg,17/12/24
Rubias,MILLER HIGH LIFE CERVEZA 296 ML,Gs   6.000,https://www.stock.com.py/images/thumbs/0212544_500.png,17/12/24
Rubias,CERVEZA MILLER HIGH LIFE BOT 650ML ,Gs   14.000,https://www.stock.com.py/images/thumbs/0212543_500.png,17/12/24
Rubias,CERVEZA HIGH LIFE MILLER 330ML,Gs   8.500,https://www.stock.com.py/images/thumbs/0212542_500.png,17/12/24
Rubias,CERVEZA EISENBAHN PILSEN 350ML,Gs   5.000,https://www.stock.com.py/images/thumbs/0211816_500.png,17/12/24
Rubias,CERVEZA PURA MALTA EISENBAHN LATA 350 ML,Gs   5.000,https://www.stock.com.py/images/thumbs/0211814_500.png,17/12/24
Rubias,CERVEZA 350ML KAISER ULTRA CERO LAT,Gs   3.750,https://www.stock.com.py/images/thumbs/0211748_500.png,17/12/24
Rubias,CERVEZA KAISER ULTRA CERO 269ML LAT,Gs   3.250,https://www.stock.com.py/images/thumbs/0211747_500.png,17/12/24
Rubias,CERVEZA HEINEKEN 650 ML,Gs   15.000,https://www.stock.com.py/images/thumbs/0208791_500.jpeg,17/12/24
Rubias,CERVEZA ROYAL MUNICH 473ml,Gs   4.500,https://www.stock.com.py/images/thumbs/0208442_500.jpeg,17/12/24
Rubias,CERVEZA 269 CC MUNICH ROYAL LATA,Gs   3.000,https://www.stock.com.py/images/thumbs/0208441_500.jpeg,17/12/24
Rubias,CERVEZA 350ML MUNICH LATA ,Gs   3.500,https://www.stock.com.py/images/thumbs/0208440_500.jpeg,17/12/24
Rubias,CERVEZA PREMIUM GLUTEN MUNICH ULTRA 275M,Gs   5.000,https://www.stock.com.py/images/thumbs/0208439_500.jpeg,17/12/24
Rubias,CERVEZA LAGER BOT HEINEKEN SILVER 330ML,Gs   8.500,https://www.stock.com.py/images/thumbs/0207620_500.jpeg,17/12/24
Rubias,CERVEZA STELLA ARTOIS 600 ML,Gs   13.000,https://www.stock.com.py/images/thumbs/0207455_500.jpeg,17/12/24
Rubias,CERVEZA PURA MALTA HEINEKEN ORIG 350ML,Gs   7.000,https://www.stock.com.py/images/thumbs/0207326_500.png,17/12/24
Rubias,CERVEZA LAGER HEINEKEN SILVER 269 ML,Gs   6.000,https://www.stock.com.py/images/thumbs/0207067_500.jpeg,17/12/24
Rubias,CERVEZA LAGER HEINEKEN SILVER 650 ML,Gs   15.000,https://www.stock.com.py/images/thumbs/0207066_500.jpeg,17/12/24
Rubias,CERVEZA ORIGINAL MUNICH 269 ML,Gs   2.850,https://www.stock.com.py/images/thumbs/0206668_500.jpeg,17/12/24
Rubias,CERVEZA ORIGINAL MUNICH 970ML BOT,Gs   7.500,https://www.stock.com.py/images/thumbs/0206666_500.jpeg,17/12/24
Rubias,POLAR ICE CERVEZA LATA 269 ML,Gs   2.500,https://www.stock.com.py/images/thumbs/0206665_500.jpeg,17/12/24
Rubias,CERVEZA ROYAL  MUNICH BOT RETORNABLE 330ML,Gs   3.000,https://www.stock.com.py/images/thumbs/0206661_500.jpeg,17/12/24
Rubias,MUNICH ULTRA CERVEZA PREMIUM 269 ML,Gs   3.750,https://www.stock.com.py/images/thumbs/0206658_500.jpeg,17/12/24
Rubias,CERVEZA POLAR ICE ULTRA ZERO 970ML,Gs   7.000,https://www.stock.com.py/images/thumbs/0205307_500.jpeg,17/12/24
Rubias,CERVEZA PURA MALTA PILSEN EXTRA 940CC,Gs   8.000,https://www.stock.com.py/images/thumbs/0205155_500.jpeg,17/12/24
Rubias,CERVEZA PILSEN LATA 355 ML,Gs   4.000,https://www.stock.com.py/images/thumbs/0203710_500.jpeg,17/12/24
Rubias,CERVEZA CONTI ZERO GRAU 473ML LAT,Gs   4.200,https://www.stock.com.py/images/thumbs/0202783_500.jpeg,17/12/24
Rubias,CERVEZA CONTI ZERO GRAU 350ML LAT,Gs   3.900,https://www.stock.com.py/images/thumbs/0202781_500.jpeg,17/12/24
Rubias,CERVEZA 340ML RET BUDWEISER BOT,Gs   3.300,https://www.stock.com.py/images/thumbs/0202304_500.jpeg,17/12/24
Tampones,TAMPONES FEMENINOS MEDIO KOTEX 12UN,Gs   21.000,https://www.stock.com.py/images/thumbs/0209221_500.png,17/12/24
Depiladores,MAQUINA QUATRO SCHICK MUJ.DES 1X2 Nº 7510322,Gs   36.000,https://www.stock.com.py/images/thumbs/0209883_500.png,17/12/24
Depiladores,PESTOBARBA LADY ULTRAGRIP GILLETTE,Gs   10.500,https://www.stock.com.py/images/thumbs/0199514_500.jpeg,17/12/24
Depiladores,GILLETTE PRESTOBARBA ULTRA GRIP MAQUINA DE AFEITAR DESECHABLE,Gs   8.450,https://www.stock.com.py/images/thumbs/0199513_500.jpeg,17/12/24
Depiladores,Rpto. Venus Original x 2,Gs   41.700,https://www.stock.com.py/images/thumbs/0190604_500.jpeg,17/12/24
Depiladores,MAQUINA DE AFEITAR C/ALOE VERA Y LANOLINA x2UND OBS.ENCENDEDOR 1UN BIC COMFORT,Gs   22.800,https://www.stock.com.py/images/thumbs/0181599_500.jpeg,17/12/24
Depiladores,MAQUINA P/AFEITAR VENUS 2PZAS GILLETTE BLI,Gs   43.550,https://www.stock.com.py/images/thumbs/0181522_500.jpeg,17/12/24
Depiladores,MAQUINA DEPILADORA WOMEN 2UN PERSONNA BLISTER,Gs   8.000,https://www.stock.com.py/images/thumbs/0181520_500.jpeg,17/12/24
Depiladores,MAQUINA DE AFEITAR SOLIEIL 2UN C/VITAMINA E BIC BLISTER ,Gs   26.800,https://www.stock.com.py/images/thumbs/0181512_500.jpeg,17/12/24
Depiladores,Maq. Des. Venus Simply 3 x 2,Gs   30.700,https://www.stock.com.py/images/thumbs/0174294_500.jpeg,17/12/24
Depiladores,Maq. Des. Venus Sensitive x2,Gs   42.700,https://www.stock.com.py/images/thumbs/0174293_500.jpeg,17/12/24
Depiladores,Maq. Venus Original ,Gs   41.800,https://www.stock.com.py/images/thumbs/0174272_500.jpeg,17/12/24
Depiladores,CERA EN POTE VEGETAL 200GR,Gs   34.500,https://www.stock.com.py/images/thumbs/0161289_500.jpeg,17/12/24
Depiladores,BANDAS DEPIMIEL PARA RETIRAR CERA 10UN,Gs   7.350,https://www.stock.com.py/images/thumbs/0146632_500.jpeg,17/12/24
Depiladores,AFEITADOR CONFORT SENSITIVE 3 HOJAS 2UN BIC BLIS,Gs   22.800,https://www.stock.com.py/images/thumbs/0141006_500.jpeg,17/12/24
Depiladores,PERFILADOR PERSONNA 4X12X3,Gs   25.000,https://www.stock.com.py/images/thumbs/0138911_500.jpeg,17/12/24
Aseo,CEPILLO DENTAL PARA NIÑOS BARBIE COLGATE,Gs   26.350,https://www.stock.com.py/images/thumbs/0206556_500.jpeg,17/12/24
Aseo,CEPILLO DENTAL NIÑOS EXTRA SUAVE COLGATE,Gs   26.350,https://www.stock.com.py/images/thumbs/0206551_500.jpeg,17/12/24
Aseo,CEPILLO DENTAL BABELITO 1,Gs   12.000,https://www.stock.com.py/images/thumbs/0202192_500.jpeg,17/12/24
Aseo,ALICATE CON MANGO BABELITO,Gs   18.600,https://www.stock.com.py/images/thumbs/0160354_500.jpeg,17/12/24
Aseo,ASPIRADOR NASAL BABELITO 1,Gs   22.500,https://www.stock.com.py/images/thumbs/0146279_500.jpeg,17/12/24
Aseo,SUCCIONADOR DE LECHE BABELITO,Gs   75.000,https://www.stock.com.py/images/thumbs/0146225_500.jpeg,17/12/24
Cerrajeria y herrajes,CANDADO 1 UN BRONCE ACERO,Gs   17.800,https://www.stock.com.py/images/thumbs/0151753_500.jpeg,17/12/24
Salsa de Soja/Picantes,SALSA DE PIMIENTA PICANTE 150ML ZAELI FCO,Gs   7.900,https://www.stock.com.py/images/thumbs/0211766_500.png,17/12/24
Salsa de Soja/Picantes,SALSA SHOYU 150ML ZAELI FCO,Gs   8.650,https://www.stock.com.py/images/thumbs/0211765_500.png,17/12/24
Salsa de Soja/Picantes,SALSA INGLES 150ML ZAELI FCO,Gs   7.550,https://www.stock.com.py/images/thumbs/0211761_500.png,17/12/24
Salsa de Soja/Picantes,SALSA DE PIMIENTA 150ML ZAELI FCO,Gs   7.650,https://www.stock.com.py/images/thumbs/0211755_500.png,17/12/24
Salsa de Soja/Picantes,SALSA DE SOJA 450CC STOCK BOT STOCK x 24,Gs   4.350,https://www.stock.com.py/images/thumbs/0207065_500.png,17/12/24
Salsa de Soja/Picantes,SALSA DE SOJA 200ML TERABAYASHI BOT,Gs   3.700,https://www.stock.com.py/images/thumbs/0204548_500.jpeg,17/12/24
Salsa de Soja/Picantes,ARCOIRIS SALSA DE SOJA CON AJO 450 GR,Gs   13.000,https://www.stock.com.py/images/thumbs/0203800_500.jpeg,17/12/24
Salsa de Soja/Picantes,ARCOIRIS SALSA DE SOJA CONDIMENTADA 450 GR,Gs   13.000,https://www.stock.com.py/images/thumbs/0203799_500.jpeg,17/12/24
Salsa de Soja/Picantes,SALSA DE SOJA 250CC STOCK BOT,Gs   3.100,https://www.stock.com.py/images/thumbs/0202914_500.jpeg,17/12/24
Salsa de Soja/Picantes,HELLMANN-S ADEREZO VEGANO 500 GR,Gs   21.800,https://www.stock.com.py/images/thumbs/0199874_500.jpeg,17/12/24
Salsa de Soja/Picantes,SALSA DE AJI CON ACETO BALSAMICO ALCAZAR 200ML,Gs   6.400,https://www.stock.com.py/images/thumbs/0197789_500.jpeg,17/12/24
Salsa de Soja/Picantes,SALSA DE AJI CLASICO ALCAZAR 200ML,Gs   6.350,https://www.stock.com.py/images/thumbs/0197784_500.jpeg,17/12/24
Salsa de Soja/Picantes,SALSA DE HABANERO ROJO LA COSTEÑA 145ML,Gs   16.350,https://www.stock.com.py/images/thumbs/0195395_500.jpeg,17/12/24
Salsa de Soja/Picantes,SALSA DE CHIPOTLE LA COSTEÑA 140ML,Gs   12.800,https://www.stock.com.py/images/thumbs/0195394_500.jpeg,17/12/24
Salsa de Soja/Picantes,SALSA PICANTE LA COSTEÑA 140ML,Gs   13.350,https://www.stock.com.py/images/thumbs/0195393_500.jpeg,17/12/24
Salsa de Soja/Picantes,SALSA RANCHERA LA COSTEÑA 250GR,Gs   23.600,https://www.stock.com.py/images/thumbs/0195390_500.jpeg,17/12/24
Salsa de Soja/Picantes,SALSA MEXICANA LA COSTEÑA 250GR,Gs   23.600,https://www.stock.com.py/images/thumbs/0195388_500.jpeg,17/12/24
Salsa de Soja/Picantes,RAJAS ROJAS DE JALAPEÑO EN ESCABECHE LA COSTEÑA 220GR,Gs   14.300,https://www.stock.com.py/images/thumbs/0195387_500.jpeg,17/12/24
Salsa de Soja/Picantes,SALSA PICANTE PARA BOTANA LA COSTEÑA 370GR,Gs   13.200,https://www.stock.com.py/images/thumbs/0195383_500.jpeg,17/12/24
Salsa de Soja/Picantes,SALSA DE PIMIENTA KNORR 150ML,Gs   11.950,https://www.stock.com.py/images/thumbs/0195335_500.jpeg,17/12/24
Salsa de Soja/Picantes,SALSA BARBACOA HELLMANNS 400GR,Gs   19.450,https://www.stock.com.py/images/thumbs/0195273_500.jpeg,17/12/24
Salsa de Soja/Picantes,SALSA DE SOJA BON GUSTO 1LT,Gs   9.150,https://www.stock.com.py/images/thumbs/0195072_500.jpeg,17/12/24
Salsa de Soja/Picantes,SALSA DE SOJA BON GUSTO 450ML,Gs   5.150,https://www.stock.com.py/images/thumbs/0195071_500.jpeg,17/12/24
Salsa de Soja/Picantes,SALSA DE SOJA BON GUSTO 250ML,Gs   3.800,https://www.stock.com.py/images/thumbs/0195070_500.jpeg,17/12/24
Salsa de Soja/Picantes,ARCOIRIS GOURMET SALSA DE SOJA CON AJO 250 GR,Gs   7.250,https://www.stock.com.py/images/thumbs/0192403_500.jpeg,17/12/24
Salsa de Soja/Picantes,ARCOIRIS GOURMET SALSA DE SOJA CONDIMENTADA 250 GR,Gs   7.300,https://www.stock.com.py/images/thumbs/0192402_500.jpeg,17/12/24
Salsa de Soja/Picantes,MICKEY SALSA DE SOJA 250 ML,Gs   4.300,https://www.stock.com.py/images/thumbs/0192052_500.jpeg,17/12/24
Salsa de Soja/Picantes,SALSA DE AJI PICANTE TIPO CASERO DUL-CESAR 250ML,Gs   7.550,https://www.stock.com.py/images/thumbs/0191982_500.jpeg,17/12/24
Decoración,VELA PALITO BLANCO BLIS 10 UNID CORINTER,Gs   6.100,https://www.stock.com.py/images/thumbs/0212747_500.jpeg,17/12/24
Decoración,VELA BENGALA 2 UNI CORINTER BLIS,Gs   6.400,https://www.stock.com.py/images/thumbs/0212746_500.jpeg,17/12/24
Decoración,VELA  AZUL BLISTER 1 UNID. CORINTER,Gs   6.300,https://www.stock.com.py/images/thumbs/0212719_500.png,17/12/24
Decoración,JUG. NARIZ DE PAYASO 5 UNID,Gs   6.150,https://www.stock.com.py/images/thumbs/0212718_500.png,17/12/24
Decoración,JUG. LENGUA DE SUEGRA 10 UNID,Gs   5.800,https://www.stock.com.py/images/thumbs/0212717_500.jpeg,17/12/24
Decoración,PIÑATA MAXI AZUL 350X1UN PIC PIC BLIS,Gs   20.700,https://www.stock.com.py/images/thumbs/0212716_500.jpeg,17/12/24
Decoración,PAPEL ALUMINIO WYDA 30CM X 7M,Gs   11.100,https://www.stock.com.py/images/thumbs/0207520_500.jpeg,17/12/24
Decoración,PAPEL FILM WYDA 30 METROS,Gs   11.600,https://www.stock.com.py/images/thumbs/0207518_500.jpeg,17/12/24
Decoración,"GLOBO PRO PARTY ROJO 9"" CORINTER 25 UN",Gs   13.800,https://www.stock.com.py/images/thumbs/0206849_500.jpeg,17/12/24
Decoración,"GLOBO PRO PARTY VER/LIM 9"" CORINTER 25UN",Gs   13.800,https://www.stock.com.py/images/thumbs/0206848_500.jpeg,17/12/24
Decoración,"GLOBO PRO PARTY SURT 9"" CORINTER 25 UN",Gs   13.800,https://www.stock.com.py/images/thumbs/0206847_500.jpeg,17/12/24
Decoración,"GLOBO PRO PARTY ROSA 9"" CORINTER 25 UN",Gs   13.800,https://www.stock.com.py/images/thumbs/0206846_500.jpeg,17/12/24
Decoración,"GLOBO PRO PARTY ROS BABY 9"" CORINTER 25U",Gs   13.800,https://www.stock.com.py/images/thumbs/0206845_500.jpeg,17/12/24
Decoración,"GLOBO PRO PARTY NEGRO 9"" CORINTER 25 UN",Gs   13.800,https://www.stock.com.py/images/thumbs/0206844_500.jpeg,17/12/24
Decoración,"GLOBO PRO PARTY NARANJA 9"" CORINTER 25UN",Gs   13.800,https://www.stock.com.py/images/thumbs/0206843_500.jpeg,17/12/24
Decoración,"GLOBO PRO PARTY BLANCO 9"" CORINTER 25 UN",Gs   13.800,https://www.stock.com.py/images/thumbs/0206842_500.jpeg,17/12/24
Decoración,"GLOBO PRO PARTY CELESTE 9"" CORINTER 25UN",Gs   13.800,https://www.stock.com.py/images/thumbs/0206841_500.jpeg,17/12/24
Decoración,"GLOBO PRO PARTY AMAR 9"" CORINTER 25 UN",Gs   13.800,https://www.stock.com.py/images/thumbs/0206840_500.jpeg,17/12/24
Decoración,PIROTINES ROJO P/CUPCAKE CONFESTA 100 UN,Gs   11.600,https://www.stock.com.py/images/thumbs/0206839_500.jpeg,17/12/24
Decoración,PLATO DESCARTABLES TRANSP CORINTER 10 UN,Gs   3.500,https://www.stock.com.py/images/thumbs/0206838_500.jpeg,17/12/24
Decoración,PLATO DESCARTABLES NEGRO CORINTER 10 UN,Gs   3.500,https://www.stock.com.py/images/thumbs/0206837_500.jpeg,17/12/24
Decoración,VELA TUBULAR PLATA CORINTER SIMBOLO,Gs   8.600,https://www.stock.com.py/images/thumbs/0206836_500.jpeg,17/12/24
Decoración,VELA TUBULAR PLATA CORINTER N°0,Gs   8.600,https://www.stock.com.py/images/thumbs/0206835_500.jpeg,17/12/24
Decoración,VELA TUBULAR PLATA CORINTER N°9,Gs   8.600,https://www.stock.com.py/images/thumbs/0206834_500.jpeg,17/12/24
Decoración,VELA TUBULAR PLATA CORINTER N°8,Gs   8.600,https://www.stock.com.py/images/thumbs/0206833_500.jpeg,17/12/24
Decoración,VELA TUBULAR PLATA CORINTER N°7,Gs   8.600,https://www.stock.com.py/images/thumbs/0206832_500.jpeg,17/12/24
Decoración,VELA TUBULAR PLATA CORINTER N°6,Gs   8.600,https://www.stock.com.py/images/thumbs/0206831_500.jpeg,17/12/24
Decoración,VELA TUBULAR PLATA CORINTER N°5,Gs   8.600,https://www.stock.com.py/images/thumbs/0206830_500.jpeg,17/12/24
Normal,GASEOSA COLA PEPSI 250ML,Gs   3.000,https://www.stock.com.py/images/thumbs/0209775_500.jpeg,17/12/24
Normal,GASEOSA COLA SIN AZUCAR PEPSI BLACK 500ML,Gs   5.500,https://www.stock.com.py/images/thumbs/0209774_500.jpeg,17/12/24
Normal,GASEOSA COLA PEPSI 3LT,Gs   16.000,https://www.stock.com.py/images/thumbs/0209773_500.jpeg,17/12/24
Normal,GASEOSA PEPSI COLA 2 LITROS BOTELLA,Gs   12.000,https://www.stock.com.py/images/thumbs/0209772_500.jpeg,17/12/24
Normal,GASEOSA PEPSI COLA 500 ML BOTELLA,Gs   5.500,https://www.stock.com.py/images/thumbs/0209771_500.jpeg,17/12/24
Normal,GASEOSA COLA SIN AZUCAR PEPSI BLACK 2LT,Gs   12.000,https://www.stock.com.py/images/thumbs/0209770_500.jpeg,17/12/24
Normal,GASEOSA SABOR POMELO PASO DE LOS TOROS 3LT,Gs   16.000,https://www.stock.com.py/images/thumbs/0209528_500.jpeg,17/12/24
Normal,GASEOSA SABOR POMELO PASO DE LOS TOROS 2LTS,Gs   12.000,https://www.stock.com.py/images/thumbs/0209525_500.jpeg,17/12/24
Normal,GASEOSA SABOR POMELO PASO DE LOS TOROS 500ML,Gs   5.500,https://www.stock.com.py/images/thumbs/0209524_500.jpeg,17/12/24
Normal,AGUA TONICA 2 LTS SCHWEPPES PET,Gs   12.900,https://www.stock.com.py/images/thumbs/0208787_500.jpeg,17/12/24
Normal,GASEOSA CITRUS SCHWEPPES BOTELLA 500CC,Gs   6.000,https://www.stock.com.py/images/thumbs/0208785_500.jpeg,17/12/24
Normal,GASEOSA CITRUS SCHWEPPES BOTELLA 2,Gs   12.900,https://www.stock.com.py/images/thumbs/0208784_500.jpeg,17/12/24
Normal,DE LA COSTA GASEOSA SABOR GUARANA 269 ML,Gs   4.000,https://www.stock.com.py/images/thumbs/0206703_500.jpeg,17/12/24
Normal,GASEOSA COLA DE LA COSTA 269 ML 6UN,Gs   4.000,https://www.stock.com.py/images/thumbs/0206702_500.jpeg,17/12/24
Normal,GASEOSA PIÑA 3L NIKO BOT,Gs   7.500,https://www.stock.com.py/images/thumbs/0206701_500.jpeg,17/12/24
Normal,DE LA COSTA GASEOSA SABOR GUARANA 3 LITROS,Gs   6.500,https://www.stock.com.py/images/thumbs/0206697_500.jpeg,17/12/24
Normal,GASEOSA NIKP GUARANA 3LT PEP,Gs   7.500,https://www.stock.com.py/images/thumbs/0206696_500.jpeg,17/12/24
Normal,GASEOSA LIMON 2LT DE LA COSTA BOT,Gs   5.000,https://www.stock.com.py/images/thumbs/0206685_500.jpeg,17/12/24
Normal,GASEOSA NIKO LIMA LIMON DESC 2LT,Gs   4.700,https://www.stock.com.py/images/thumbs/0206677_500.jpeg,17/12/24
Normal,GASEOSA GUARANA NIKO BOTELLA 1 LT.,Gs   3.500,https://www.stock.com.py/images/thumbs/0206676_500.jpeg,17/12/24
Normal,GASEOSA NIKO GUARANA DESC 2LT,Gs   4.700,https://www.stock.com.py/images/thumbs/0206675_500.jpeg,17/12/24
Normal,GASEOSA NIKO POMELO DESC 2LT,Gs   4.700,https://www.stock.com.py/images/thumbs/0206674_500.jpeg,17/12/24
Normal,GASEOSA NIKO GUARANA DESC 330ML,Gs   2.000,https://www.stock.com.py/images/thumbs/0206673_500.jpeg,17/12/24
Normal,GASEOSA S/LIMA LIMON SPRITE MEGAPACK 1LT,Gs   22.000,https://www.stock.com.py/images/thumbs/0206481_500.jpeg,17/12/24
Normal,GASEOSA SABOR NARANJA FANTA MEGAPACK 1LT,Gs   22.000,https://www.stock.com.py/images/thumbs/0206480_500.jpeg,17/12/24
Normal,GASEOSA SABOR GUARANA FANTA MINI 250ML,Gs   17.500,https://www.stock.com.py/images/thumbs/0205314_500.jpeg,17/12/24
Normal,COCA-COLA GASEOSA SABOR ORIGINAL MENOS AZUCARES 1 LITRO,Gs   8.000,https://www.stock.com.py/images/thumbs/0203716_500.jpeg,17/12/24
Normal,GASEOSA CERO CALORIAS SABOR GUARANA PIRI 2 LITRO,Gs   4.350,https://www.stock.com.py/images/thumbs/0201611_500.jpeg,17/12/24
Algodón/Cotonetes,DODDY HISOPOS DESCARTABLES CON PUNTAS DE ALGODON 200 UNIDADES,Gs   10.050,https://www.stock.com.py/images/thumbs/0198137_500.jpeg,17/12/24
Algodón/Cotonetes,DODDY HISOPOS DESCARTABLES CON PUNTAS DE ALGODON 100 UNIDADES,Gs   6.300,https://www.stock.com.py/images/thumbs/0198136_500.jpeg,17/12/24
Algodón/Cotonetes,DODDY HISOPOS DESCARTABLES CON PUNTAS DE ALGODON 200 UNIDADES,Gs   11.200,https://www.stock.com.py/images/thumbs/0198135_500.jpeg,17/12/24
Algodón/Cotonetes,DODDY HISOPOS DESCARTABLES CON PUNTAS DE ALGODON 100 UNIDADES,Gs   7.500,https://www.stock.com.py/images/thumbs/0198134_500.jpeg,17/12/24
Algodón/Cotonetes,CREMER DISCOS DE ALGODON 50 UNIDADES,Gs   10.950,https://www.stock.com.py/images/thumbs/0197308_500.jpeg,17/12/24
Algodón/Cotonetes,ALGODN FACIAL DISCOS 60UND COTTONBABY CJA,Gs   14.250,https://www.stock.com.py/images/thumbs/0193715_500.jpeg,17/12/24
Algodón/Cotonetes,MOPA DE ALGODON ZIGZAG REFIL S,Gs   43.400,https://www.stock.com.py/images/thumbs/0193504_500.jpeg,17/12/24
Algodón/Cotonetes,COTONETES JOHNSONS EN CAJA 150 UNID,Gs   21.300,https://www.stock.com.py/images/thumbs/0187323_500.jpeg,17/12/24
Algodón/Cotonetes,COTONETES JOHNSONS 150UNID,Gs   22.350,https://www.stock.com.py/images/thumbs/0187321_500.jpeg,17/12/24
Algodón/Cotonetes,ALGODON HIDROFILOS E/POMPONES 95GR COTTONBABY PAQ,Gs   14.650,https://www.stock.com.py/images/thumbs/0180687_500.jpeg,17/12/24
Algodón/Cotonetes,COTONETE CREMER CAJA 75 UN.,Gs   6.200,https://www.stock.com.py/images/thumbs/0177864_500.jpeg,17/12/24
Algodón/Cotonetes,ALGODON DENT.100UN CREMER ,Gs   7.100,https://www.stock.com.py/images/thumbs/0177858_500.jpeg,17/12/24
Algodón/Cotonetes,HISOPOS Q.SOFT CON ANTIGERMEN PLASTICO 150 UNID,Gs   16.000,https://www.stock.com.py/images/thumbs/0158708_500.jpeg,17/12/24
Algodón/Cotonetes,HISOPOS Q.SOFT CON ANTIGERMEN PLASTICO 100 UNID,Gs   12.000,https://www.stock.com.py/images/thumbs/0144241_500.jpeg,17/12/24
A Granel,JAMONADA GRANDE KG.,Gs   18.900,https://www.stock.com.py/images/thumbs/0211711_500.jpeg,17/12/24
A Granel,SALAME LA CASONA TIPO MILAN X KG,Gs   117.100,https://www.stock.com.py/images/thumbs/0211528_500.jpeg,17/12/24
A Granel,SALAME LA CASONA PEPPERONI X KG,Gs   121.400,https://www.stock.com.py/images/thumbs/0211517_500.jpeg,17/12/24
A Granel,FIAMBRE UPISA CERVECERO X KG,Gs   34.900,https://www.stock.com.py/images/thumbs/0208304_500.jpeg,17/12/24
A Granel,PANCETA AHUMADA X KG UPISA,Gs   59.500,https://www.stock.com.py/images/thumbs/0207018_500.jpeg,17/12/24
A Granel,COSTELETA AHUMADA OCHSI X KG,Gs   49.900,https://www.stock.com.py/images/thumbs/0206982_500.png,17/12/24
A Granel,SALAME TIPO MILAN CHACRA xKG,Gs   89.900,https://www.stock.com.py/images/thumbs/0198472_500.jpeg,17/12/24
A Granel,SALAME TIPO MILAN CAGNOLI XKG S/E,Gs   118.900,https://www.stock.com.py/images/thumbs/0198471_500.png,17/12/24
A Granel,JAMONADA FRIMESA xKG,Gs   36.900,https://www.stock.com.py/images/thumbs/0187848_500.jpeg,17/12/24
A Granel,CHORIZO PARRILLERO SIN PICANTE FRANZ xKG,Gs   29.900,https://www.stock.com.py/images/thumbs/0185562_500.jpeg,17/12/24
A Granel,JAMONADA SADIA X KG,Gs   37.200,https://www.stock.com.py/images/thumbs/0173834_500.jpeg,17/12/24
A Granel,PECHUGA DE PAVO SADIA X KG,Gs   132.900,https://www.stock.com.py/images/thumbs/0173751_500.jpeg,17/12/24
A Granel,PALETA COCIDA DE JAMON CERDO SADIA ,Gs   57.800,https://www.stock.com.py/images/thumbs/0173750_500.jpeg,17/12/24
A Granel,JAMON COCIDO FRANZ X KG,Gs   67.900,https://www.stock.com.py/images/thumbs/0166602_500.png,17/12/24
A Granel,CHORIZO DE VIENA FRANZ X KG,Gs   29.900,https://www.stock.com.py/images/thumbs/0161471_500.jpeg,17/12/24
A Granel,PANCHO FRANZ X KG,Gs   31.900,https://www.stock.com.py/images/thumbs/0161470_500.jpeg,17/12/24
A Granel,SALAMITOS PAQUETE 4 UN,Gs   78.900,https://www.stock.com.py/images/thumbs/0159372_500.png,17/12/24
A Granel,FIAMBRE SURTIDO OCHSI X KG,Gs   39.900,https://www.stock.com.py/images/thumbs/0157732_500.jpeg,17/12/24
A Granel,BALA DE CERV 1KG FIAMBRE OCHSI 1 KG,Gs   49.900,https://www.stock.com.py/images/thumbs/0157731_500.jpeg,17/12/24
A Granel,PANCETA AHUMADA OCHSI X KG,Gs   67.900,https://www.stock.com.py/images/thumbs/0157729_500.jpeg,17/12/24
A Granel,JAMON CRUDO OCHSI 1 KG,Gs   73.900,https://www.stock.com.py/images/thumbs/0157723_500.jpeg,17/12/24
A Granel,MORTADELA ESPECIAL FRANZ X KG,Gs   34.900,https://www.stock.com.py/images/thumbs/0140385_500.jpeg,17/12/24
A Granel,FIAMBRE SURTIDOS FRANZ X KG ,Gs   34.900,https://www.stock.com.py/images/thumbs/0140368_500.jpeg,17/12/24
A Granel,JAMONADA FRANZ X KG,Gs   31.900,https://www.stock.com.py/images/thumbs/0140366_500.jpeg,17/12/24
A Granel,SALAME CHORTI TIPO PEPERONI X KL,Gs   79.900,https://www.stock.com.py/images/thumbs/0140346_500.jpeg,17/12/24
A Granel,PANCETA AHUMADA CHORTI X KG,Gs   60.900,https://www.stock.com.py/images/thumbs/0139530_500.jpeg,17/12/24
A Granel,FIAMBRE SURTIDO GRANDE X KG . GRANDE,Gs   25.900,https://www.stock.com.py/images/thumbs/0139409_500.jpeg,17/12/24
Decoración,VELA PALITO BLANCO BLIS 10 UNID CORINTER,Gs   6.100,https://www.stock.com.py/images/thumbs/0212747_500.jpeg,17/12/24
Decoración,VELA BENGALA 2 UNI CORINTER BLIS,Gs   6.400,https://www.stock.com.py/images/thumbs/0212746_500.jpeg,17/12/24
Decoración,VELA  AZUL BLISTER 1 UNID. CORINTER,Gs   6.300,https://www.stock.com.py/images/thumbs/0212719_500.png,17/12/24
Decoración,JUG. NARIZ DE PAYASO 5 UNID,Gs   6.150,https://www.stock.com.py/images/thumbs/0212718_500.png,17/12/24
Decoración,JUG. LENGUA DE SUEGRA 10 UNID,Gs   5.800,https://www.stock.com.py/images/thumbs/0212717_500.jpeg,17/12/24
Decoración,PIÑATA MAXI AZUL 350X1UN PIC PIC BLIS,Gs   20.700,https://www.stock.com.py/images/thumbs/0212716_500.jpeg,17/12/24
Decoración,PAPEL ALUMINIO WYDA 30CM X 7M,Gs   11.100,https://www.stock.com.py/images/thumbs/0207520_500.jpeg,17/12/24
Decoración,PAPEL FILM WYDA 30 METROS,Gs   11.600,https://www.stock.com.py/images/thumbs/0207518_500.jpeg,17/12/24
Decoración,"GLOBO PRO PARTY ROJO 9"" CORINTER 25 UN",Gs   13.800,https://www.stock.com.py/images/thumbs/0206849_500.jpeg,17/12/24
Decoración,"GLOBO PRO PARTY VER/LIM 9"" CORINTER 25UN",Gs   13.800,https://www.stock.com.py/images/thumbs/0206848_500.jpeg,17/12/24
Decoración,"GLOBO PRO PARTY SURT 9"" CORINTER 25 UN",Gs   13.800,https://www.stock.com.py/images/thumbs/0206847_500.jpeg,17/12/24
Decoración,"GLOBO PRO PARTY ROSA 9"" CORINTER 25 UN",Gs   13.800,https://www.stock.com.py/images/thumbs/0206846_500.jpeg,17/12/24
Decoración,"GLOBO PRO PARTY ROS BABY 9"" CORINTER 25U",Gs   13.800,https://www.stock.com.py/images/thumbs/0206845_500.jpeg,17/12/24
Decoración,"GLOBO PRO PARTY NEGRO 9"" CORINTER 25 UN",Gs   13.800,https://www.stock.com.py/images/thumbs/0206844_500.jpeg,17/12/24
Decoración,"GLOBO PRO PARTY NARANJA 9"" CORINTER 25UN",Gs   13.800,https://www.stock.com.py/images/thumbs/0206843_500.jpeg,17/12/24
Decoración,"GLOBO PRO PARTY BLANCO 9"" CORINTER 25 UN",Gs   13.800,https://www.stock.com.py/images/thumbs/0206842_500.jpeg,17/12/24
Decoración,"GLOBO PRO PARTY CELESTE 9"" CORINTER 25UN",Gs   13.800,https://www.stock.com.py/images/thumbs/0206841_500.jpeg,17/12/24
Decoración,"GLOBO PRO PARTY AMAR 9"" CORINTER 25 UN",Gs   13.800,https://www.stock.com.py/images/thumbs/0206840_500.jpeg,17/12/24
Decoración,PIROTINES ROJO P/CUPCAKE CONFESTA 100 UN,Gs   11.600,https://www.stock.com.py/images/thumbs/0206839_500.jpeg,17/12/24
Decoración,PLATO DESCARTABLES TRANSP CORINTER 10 UN,Gs   3.500,https://www.stock.com.py/images/thumbs/0206838_500.jpeg,17/12/24
Decoración,PLATO DESCARTABLES NEGRO CORINTER 10 UN,Gs   3.500,https://www.stock.com.py/images/thumbs/0206837_500.jpeg,17/12/24
Decoración,VELA TUBULAR PLATA CORINTER SIMBOLO,Gs   8.600,https://www.stock.com.py/images/thumbs/0206836_500.jpeg,17/12/24
Decoración,VELA TUBULAR PLATA CORINTER N°0,Gs   8.600,https://www.stock.com.py/images/thumbs/0206835_500.jpeg,17/12/24
Decoración,VELA TUBULAR PLATA CORINTER N°9,Gs   8.600,https://www.stock.com.py/images/thumbs/0206834_500.jpeg,17/12/24
Decoración,VELA TUBULAR PLATA CORINTER N°8,Gs   8.600,https://www.stock.com.py/images/thumbs/0206833_500.jpeg,17/12/24
Decoración,VELA TUBULAR PLATA CORINTER N°7,Gs   8.600,https://www.stock.com.py/images/thumbs/0206832_500.jpeg,17/12/24
Decoración,VELA TUBULAR PLATA CORINTER N°6,Gs   8.600,https://www.stock.com.py/images/thumbs/0206831_500.jpeg,17/12/24
Decoración,VELA TUBULAR PLATA CORINTER N°5,Gs   8.600,https://www.stock.com.py/images/thumbs/0206830_500.jpeg,17/12/24
Cuadernos,CUADERNO UNIV NARANJA 1R 96HOJAS T/DURA ÑANDUTI BLIS,Gs   24.850,https://www.stock.com.py/images/thumbs/0208029_500.jpeg,17/12/24
Cuadernos,CUADERNO UNIV AZUL 1R 96HOJAS T/DURA ÑANDUTI S/E,Gs   24.850,https://www.stock.com.py/images/thumbs/0208028_500.jpeg,17/12/24
Cuadernos,CUADERNO 2R COLOR NARANJA 96 HJS ALAMO,Gs   11.100,https://www.stock.com.py/images/thumbs/0208014_500.jpeg,17/12/24
Cuadernos,CUAD UNIV CUADRIC CON CORDON  96HJ ALAMO,Gs   32.700,https://www.stock.com.py/images/thumbs/0207933_500.jpeg,17/12/24
Cuadernos,CUAD UNIV CUADRIC COLOR VERDE 178H ALAMO,Gs   19.200,https://www.stock.com.py/images/thumbs/0207913_500.jpeg,17/12/24
Cuadernos,CUADERNO 2R COLOR VERDE 96 HOJAS ALAMO,Gs   11.100,https://www.stock.com.py/images/thumbs/0207895_500.jpeg,17/12/24
Cuadernos,CUADERNO 1RAYA COLOR ROJO  96HJS ALAMO,Gs   11.100,https://www.stock.com.py/images/thumbs/0207885_500.jpeg,17/12/24
Cuadernos,CUADERNO 2R COLOR VIOLETA 48HJS ALAMO,Gs   6.800,https://www.stock.com.py/images/thumbs/0207879_500.jpeg,17/12/24
Cuadernos,CUADERNO 1R VERDE LIMON 48HJS ALAMO,Gs   6.800,https://www.stock.com.py/images/thumbs/0207873_500.jpeg,17/12/24
Cuadernos,CUAD UNIV CUADRIC COLOR NEGRO 96H ALAMO,Gs   21.000,https://www.stock.com.py/images/thumbs/0207863_500.jpeg,17/12/24
Cuadernos,CUAD UNIV CUADRI COLOR VIOLETA 96H ALAMO,Gs   21.000,https://www.stock.com.py/images/thumbs/0207859_500.jpeg,17/12/24
Cuadernos,CUADER UNIV CUADRIC COL/NAR 96HJS ALAMO,Gs   21.000,https://www.stock.com.py/images/thumbs/0207855_500.jpeg,17/12/24
Cuadernos,CUADER UNIVER 48HJS 1R COL/TURQUE ALAMO,Gs   15.100,https://www.stock.com.py/images/thumbs/0207831_500.jpeg,17/12/24
Cuadernos,CUAD UNIV 1R COLOR ROJO 48 HOJAS ALAMO,Gs   15.100,https://www.stock.com.py/images/thumbs/0207824_500.jpeg,17/12/24
Cuadernos,ALAMO CUADERNO ESCOLAR TAPA DURA ARA?A 48 HOJAS 1 RAYA AZUL,Gs   7.350,https://www.stock.com.py/images/thumbs/0207789_500.jpeg,17/12/24
Cuadernos,ALAMO CUADERNO ESCOLAR TAPA DURA ARA?A 48 HOJAS 1 RAYA VERDE,Gs   7.350,https://www.stock.com.py/images/thumbs/0207788_500.jpeg,17/12/24
Cuadernos,ALAMO CUADERNO ESCOLAR TAPA DURA ARA?A 48 HOJAS 1 RAYA NARANJA,Gs   7.350,https://www.stock.com.py/images/thumbs/0207787_500.jpeg,17/12/24
Cuadernos,ALAMO CUADERNO UNIVERSITARIO 48 HOJAS 1 RAYA NEGRO,Gs   15.100,https://www.stock.com.py/images/thumbs/0207785_500.jpeg,17/12/24
Cuadernos,TORRE CUADERNO UNIVERSITARIO PARA ZURDOS 96 HOJAS 1 RAYA,Gs   23.750,https://www.stock.com.py/images/thumbs/0203678_500.jpeg,17/12/24
Cuadernos,MAXIMA CUADERNO ESCOLAR TAPA DURA 96 HOJAS 2 RAYAS,Gs   25.100,https://www.stock.com.py/images/thumbs/0192034_500.jpeg,17/12/24
Cuadernos,MAXIMA CUADERNO ESCOLAR TAPA DURA 48 HOJAS 2 RAYAS,Gs   17.300,https://www.stock.com.py/images/thumbs/0192031_500.jpeg,17/12/24
Cuadernos,CUADERNO UNIVERSITARIO 96HOJAS PREMIUN TORRE X UN ,Gs   23.750,https://www.stock.com.py/images/thumbs/0184327_500.jpeg,17/12/24
Cuadernos,CUADERNO UNIVERSITARIO 96HOJAS PREMIUN TORRE X UN,Gs   23.750,https://www.stock.com.py/images/thumbs/0184326_500.jpeg,17/12/24
Cuadernos,CUADERNO TAPA DURA ARAÑA 96H 2RAY VERDE,Gs   11.400,https://www.stock.com.py/images/thumbs/0151455_500.jpeg,17/12/24
Cuadernos,CUADERNO TAPA DURA ARAÑA 48H 2RAY VERDE,Gs   7.100,https://www.stock.com.py/images/thumbs/0151440_500.jpeg,17/12/24
Cuadernos,CUADERNO TAPA DURA ARAÑA 48H 2RAY,Gs   7.100,https://www.stock.com.py/images/thumbs/0151438_500.jpeg,17/12/24
Cuadernos,CUADERNO TAPA DURA ARAÑA 48H 1RAY VERDE,Gs   7.100,https://www.stock.com.py/images/thumbs/0151434_500.jpeg,17/12/24
Cuadernos,"CUAD UNIV ""AVON"" TD ARAÑA ROJOCUADRIC 96H",Gs   24.300,https://www.stock.com.py/images/thumbs/noDefaultImage_stock_500.gif,17/12/24
Nachos/ Palitos Salados,NACHOS TACO VILLA BOLSA 300 GR,Gs   17.250,https://www.stock.com.py/images/thumbs/0177544_500.jpeg,17/12/24
Nachos/ Palitos Salados,PALITO SALADO DULCESAR PAQUETE 100GR,Gs   4.800,https://www.stock.com.py/images/thumbs/0167706_500.png,17/12/24
Galletitas/Postres,MAZZEI CEREAL AROS FRUTALES LIBRE DE GLUTEN 230 GR,Gs   15.500,https://www.stock.com.py/images/thumbs/0204590_500.jpeg,17/12/24
Galletitas/Postres,MAZZEI CEREAL HOJUELAS LIBRE DE GLUTEN 300 GR,Gs   16.000,https://www.stock.com.py/images/thumbs/0204589_500.jpeg,17/12/24
Galletitas/Postres,BARRA AMEN E CAR SUPINO PROTEIN MAX 46GR,Gs   7.550,https://www.stock.com.py/images/thumbs/0202764_500.jpeg,17/12/24
Galletitas/Postres,OBLEA D/ARROZ C/RELLENO D/LIMON LULEMUU 15GR PLAST,Gs   4.500,https://www.stock.com.py/images/thumbs/0202471_500.jpeg,17/12/24
Galletitas/Postres,GULLON FINAS GALLETA AVENA CON COBERTURA CHOCO LECHE ZERO 150 GR,Gs   25.900,https://www.stock.com.py/images/thumbs/0200897_500.jpeg,17/12/24
Galletitas/Postres,GULLON GALLETA CON CREMA SABOR CHOCOLATE 225 GR,Gs   25.900,https://www.stock.com.py/images/thumbs/0200896_500.jpeg,17/12/24
Galletitas/Postres,GULLON GALLETA CON CHIPS DE CHOCOLATE Y COPOS DE AVENA 220 GR,Gs   25.900,https://www.stock.com.py/images/thumbs/0200895_500.jpeg,17/12/24
Galletitas/Postres,HOGARE?AS GALLETITAS DE ARROZ 110 GR,Gs   11.500,https://www.stock.com.py/images/thumbs/0199672_500.jpeg,17/12/24
Galletitas/Postres,GALLETITA DE MAIZ LESTELLO 130GR,Gs   18.500,https://www.stock.com.py/images/thumbs/0196073_500.jpeg,17/12/24
Galletitas/Postres,GALLETITA DE ARROZ NATURAL LESTELLO 110GR,Gs   14.500,https://www.stock.com.py/images/thumbs/0196068_500.jpeg,17/12/24
Galletitas/Postres,SUPINO PROTEIN BARRA DE PROTEINAS SABOR VAINILLA CON CRISPIES 30 GR,Gs   7.550,https://www.stock.com.py/images/thumbs/0193824_500.jpeg,17/12/24
Galletitas/Postres,FIDEO D/MAIZ SIN GLUTEN LAS ACACIAS SPAGUETTI 300GR BSA,Gs   23.500,https://www.stock.com.py/images/thumbs/0190750_500.jpeg,17/12/24
Galletitas/Postres,FIDEO D/MAIZ SIN GLUTEN LAS ACACIAS FUSILLI 300GR BSA,Gs   23.500,https://www.stock.com.py/images/thumbs/0190749_500.jpeg,17/12/24
Galletitas/Postres,FIDEO D/MAIZ SIN GLUTEN LAS ACACIAS PENNETE 300GR BSA,Gs   23.500,https://www.stock.com.py/images/thumbs/0190748_500.jpeg,17/12/24
Galletitas/Postres,GALLETA DE ARROZ INTEGRAL CON LINO Y SESAMO B-LIGHT 20UNID,Gs   11.500,https://www.stock.com.py/images/thumbs/0187137_500.jpeg,17/12/24
Galletitas/Postres,GALLETA DE ARROZ INTEGRAL SIN SAL B-LIGHT 20UNID,Gs   9.350,https://www.stock.com.py/images/thumbs/0187136_500.jpeg,17/12/24
Galletitas/Postres,GALLETITA CINNAMON CRIPS 235 GR GULLON PAQ,Gs   14.500,https://www.stock.com.py/images/thumbs/0171142_500.png,17/12/24
Galletitas/Postres,MINI GALLETA S/GLUTEN CHIPS CHOCO GULLON CJA,Gs   29.900,https://www.stock.com.py/images/thumbs/0171130_500.png,17/12/24
Galletitas/Postres,GALLETITA DIGESTIVA AVENA S/AZUCAR 410 GR GULLON CJA,Gs   25.900,https://www.stock.com.py/images/thumbs/0171121_500.png,17/12/24
Galletitas/Postres,GALLETITA FIBRA INTEGRAL S/AZUCAR 170 GR GULLON PAQ,Gs   16.500,https://www.stock.com.py/images/thumbs/0171116_500.png,17/12/24
Galletitas/Postres,GALLETA DE ARROZ INTEGRAL LAS ACACIAS 130 GR ,Gs   14.500,https://www.stock.com.py/images/thumbs/0164398_500.jpeg,17/12/24
Galletitas/Postres,GALLETAS PASTAS COOKIES S/GLUTEN 200 GR GULLON CJA,Gs   28.900,https://www.stock.com.py/images/thumbs/0163174_500.jpeg,17/12/24
Pañales para Adultos,PAÑAL PARA ADULTO LARGE TENA 9UNID,Gs   79.000,https://www.stock.com.py/images/thumbs/0212399_500.jpeg,17/12/24
Pañales para Adultos,TENA SLIP PA?AL INCONTINENCIA SEVERA TAMA?O M 21 UNIDADES,Gs   169.950,https://www.stock.com.py/images/thumbs/0212398_500.jpeg,17/12/24
Pañales para Adultos,PAÑAL PARA ADULTO MEDIUM TENA 9UNID,Gs   79.000,https://www.stock.com.py/images/thumbs/0212397_500.jpeg,17/12/24
Pañales para Adultos,TOALLA FEMENINA MAXI TENA 10UNID,Gs   30.500,https://www.stock.com.py/images/thumbs/0212396_500.jpeg,17/12/24
Pañales para Adultos,TOALLA FEMENINA MEDIUM TENA 10UNID,Gs   20.000,https://www.stock.com.py/images/thumbs/0212395_500.jpeg,17/12/24
Pañales para Adultos,TOALLITA FEMENINA MINI CON ALAS TENA 10UNID,Gs   17.000,https://www.stock.com.py/images/thumbs/0212394_500.jpeg,17/12/24
Pañales para Adultos,PAÑAL DESECHABLE ADULTOS PROTECT TAMAÑO XG PLENITUD 8UNID,Gs   82.500,https://www.stock.com.py/images/thumbs/0206154_500.jpeg,17/12/24
Pañales para Adultos,PAÑAL DESECHABLE ADULTOS PROTECT TAMAÑO G PLENITUD 8UNID,Gs   82.500,https://www.stock.com.py/images/thumbs/0206153_500.jpeg,17/12/24
Pañales para Adultos,PAÑAL P/ADULTO CONFORT G 30UND FIT CARE PAQ,Gs   114.600,https://www.stock.com.py/images/thumbs/0177840_500.jpeg,17/12/24
Pañales para Adultos,PAÑAL P/ADULTO CONFORT M 30UND FIT CARE PAQ,Gs   96.600,https://www.stock.com.py/images/thumbs/0177839_500.jpeg,17/12/24
Pañales para Adultos,PAÑAL P/ADULTO EG 16UN SENSATY PREMIUM PAQ,Gs   98.200,https://www.stock.com.py/images/thumbs/0177838_500.jpeg,17/12/24
Pañales para Adultos,PAÑAL P/ADULTO G 20UN SENSATY PREMIUM PAQ,Gs   82.000,https://www.stock.com.py/images/thumbs/0177837_500.jpeg,17/12/24
Pañales para Adultos,PAÑAL P/ADULTO EG 7UN SENSATY PREMIUM PAQ,Gs   36.300,https://www.stock.com.py/images/thumbs/0177836_500.jpeg,17/12/24
Pañales para Adultos,PAÑAL P/ADULTO G X8UN SENSATY PREMIUM PAQ,Gs   36.300,https://www.stock.com.py/images/thumbs/0177835_500.jpeg,17/12/24
Pañales para Adultos,PAÑAL P/INCONTINENCIA EXTRA GRANDE 10UND BIO PAQ,Gs   39.400,https://www.stock.com.py/images/thumbs/0177800_500.jpeg,17/12/24
Pañales para Adultos,PAÑAL P/INCONTINENCIA EXTRA GRANDE 20UND BIO PAQ,Gs   75.450,https://www.stock.com.py/images/thumbs/0177798_500.jpeg,17/12/24
Pañales para Adultos,PAÑAL P/ADULTO CONFORT M 8UND FIT CARE PAQ,Gs   32.250,https://www.stock.com.py/images/thumbs/0177674_500.jpeg,17/12/24
Aguas Mineralizadas,AGUA DE COCO 330ML SOCOCO TETRA,Gs   11.950,https://www.stock.com.py/images/thumbs/0211740_500.png,17/12/24
Aguas Mineralizadas,AGUA D/COCO 1LT SOCOCO TETRA,Gs   22.900,https://www.stock.com.py/images/thumbs/0211738_500.png,17/12/24
Aguas Mineralizadas,AGUA D/COCO 200ML SOCOCO TETRA,Gs   6.400,https://www.stock.com.py/images/thumbs/0211736_500.png,17/12/24
Aguas Mineralizadas,AGUA TONICA PASO DE LOS TOROS 2 LITROS,Gs   12.000,https://www.stock.com.py/images/thumbs/0209523_500.jpeg,17/12/24
Aguas Mineralizadas,AGUA TONICA PASO DE LOS TOROS 500ML,Gs   5.500,https://www.stock.com.py/images/thumbs/0209522_500.jpeg,17/12/24
Aguas Mineralizadas,AGUA TONICA SCHWEPPERS X 500ML,Gs   6.000,https://www.stock.com.py/images/thumbs/0208786_500.jpeg,17/12/24
Aguas Mineralizadas,AGUA MINERAL DASANI CON G 500CC,Gs   2.800,https://www.stock.com.py/images/thumbs/0208780_500.jpeg,17/12/24
Aguas Mineralizadas,AGUA SIN GAS DASANI PACK 6 UN 500 ML,Gs   15.100,https://www.stock.com.py/images/thumbs/0208370_500.jpeg,17/12/24
Aguas Mineralizadas,AGUA MINERAL DE LA COSTA CON GA,Gs   4.000,https://www.stock.com.py/images/thumbs/0206713_500.jpeg,17/12/24
Aguas Mineralizadas,AGUA MINERAL CON GAS LA COSTA,Gs   2.500,https://www.stock.com.py/images/thumbs/0206712_500.jpeg,17/12/24
Aguas Mineralizadas,AGUA MINERAL DE LA COSTA SIN GAS,Gs   3.400,https://www.stock.com.py/images/thumbs/0206711_500.jpeg,17/12/24
Aguas Mineralizadas,AGUA MINERAL SIN GAS LA COSTA,Gs   1.700,https://www.stock.com.py/images/thumbs/0206710_500.jpeg,17/12/24
Aguas Mineralizadas,DE LA COSTA AGUA TONICA GRAPEFRUIT SIN AZUCAR 2 LITROS,Gs   10.000,https://www.stock.com.py/images/thumbs/0206709_500.jpeg,17/12/24
Aguas Mineralizadas,AGUA TONICA ORIG S/AZUCAR 2LT DE LA COSTA,Gs   10.000,https://www.stock.com.py/images/thumbs/0206708_500.jpeg,17/12/24
Aguas Mineralizadas,AGUA TONICA GINGER ALE 269ML DE LA COSTA,Gs   3.500,https://www.stock.com.py/images/thumbs/0206706_500.jpeg,17/12/24
Aguas Mineralizadas,KAMPITO GREEN PUNCH 2000,Gs   5.000,https://www.stock.com.py/images/thumbs/0206700_500.jpeg,17/12/24
Aguas Mineralizadas,KAMPITO GREEN PUNCH 250,Gs   2.500,https://www.stock.com.py/images/thumbs/0206699_500.jpeg,17/12/24
Aguas Mineralizadas,AGUA MIN ELECTRO LYTE DE LA COSTA 960ML PICO SPORTS BOT,Gs   4.000,https://www.stock.com.py/images/thumbs/0206698_500.jpeg,17/12/24
Aguas Mineralizadas,AGUA MINERAL 10LT SIN GAS DE LA COSTA BIDON,Gs   15.000,https://www.stock.com.py/images/thumbs/0206695_500.jpeg,17/12/24
Aguas Mineralizadas,AGUA MINERAL 5LT SIN GAS DE LA COSTA BIDON,Gs   9.000,https://www.stock.com.py/images/thumbs/0206694_500.jpeg,17/12/24
Aguas Mineralizadas,KAMPITO TROPICAL PUNCH 2000CC,Gs   5.000,https://www.stock.com.py/images/thumbs/0206691_500.jpeg,17/12/24
Aguas Mineralizadas,AGUA SABORIZADA CITRUS PUNCH KAMPITO 2LT,Gs   5.000,https://www.stock.com.py/images/thumbs/0206690_500.jpeg,17/12/24
Aguas Mineralizadas,AGUA S/GAS PICO SPORT 960ML DE LA COSTA BOT,Gs   2.800,https://www.stock.com.py/images/thumbs/0206689_500.jpeg,17/12/24
Aguas Mineralizadas,AGUA TONICA GASIFICADA 500ML DE LA COSTA BOT,Gs   3.500,https://www.stock.com.py/images/thumbs/0206687_500.jpeg,17/12/24
Aguas Mineralizadas,AGUA TONICA S/AZUCAR DE LA COSTA 269ML,Gs   3.500,https://www.stock.com.py/images/thumbs/0206672_500.jpeg,17/12/24
Aguas Mineralizadas,AGUA MINERAL S/GAS 3LT DASANI BOT,Gs   5.500,https://www.stock.com.py/images/thumbs/0206641_500.jpeg,17/12/24
Aguas Mineralizadas,AGUA MINERALIZADA S/GAS 990ML DASANI BOTELLA,Gs   3.700,https://www.stock.com.py/images/thumbs/0206639_500.jpeg,17/12/24
Aguas Mineralizadas,AGUA MINERALIZADA S/GAS 2250ML DASANI BOTELLA,Gs   3.900,https://www.stock.com.py/images/thumbs/0206638_500.jpeg,17/12/24
Algodón/Cotonetes,DODDY HISOPOS DESCARTABLES CON PUNTAS DE ALGODON 200 UNIDADES,Gs   10.050,https://www.stock.com.py/images/thumbs/0198137_500.jpeg,17/12/24
Algodón/Cotonetes,DODDY HISOPOS DESCARTABLES CON PUNTAS DE ALGODON 100 UNIDADES,Gs   6.300,https://www.stock.com.py/images/thumbs/0198136_500.jpeg,17/12/24
Algodón/Cotonetes,DODDY HISOPOS DESCARTABLES CON PUNTAS DE ALGODON 200 UNIDADES,Gs   11.200,https://www.stock.com.py/images/thumbs/0198135_500.jpeg,17/12/24
Algodón/Cotonetes,DODDY HISOPOS DESCARTABLES CON PUNTAS DE ALGODON 100 UNIDADES,Gs   7.500,https://www.stock.com.py/images/thumbs/0198134_500.jpeg,17/12/24
Algodón/Cotonetes,CREMER DISCOS DE ALGODON 50 UNIDADES,Gs   10.950,https://www.stock.com.py/images/thumbs/0197308_500.jpeg,17/12/24
Algodón/Cotonetes,ALGODN FACIAL DISCOS 60UND COTTONBABY CJA,Gs   14.250,https://www.stock.com.py/images/thumbs/0193715_500.jpeg,17/12/24
Algodón/Cotonetes,MOPA DE ALGODON ZIGZAG REFIL S,Gs   43.400,https://www.stock.com.py/images/thumbs/0193504_500.jpeg,17/12/24
Algodón/Cotonetes,COTONETES JOHNSONS EN CAJA 150 UNID,Gs   21.300,https://www.stock.com.py/images/thumbs/0187323_500.jpeg,17/12/24
Algodón/Cotonetes,COTONETES JOHNSONS 150UNID,Gs   22.350,https://www.stock.com.py/images/thumbs/0187321_500.jpeg,17/12/24
Algodón/Cotonetes,ALGODON HIDROFILOS E/POMPONES 95GR COTTONBABY PAQ,Gs   14.650,https://www.stock.com.py/images/thumbs/0180687_500.jpeg,17/12/24
Algodón/Cotonetes,COTONETE CREMER CAJA 75 UN.,Gs   6.200,https://www.stock.com.py/images/thumbs/0177864_500.jpeg,17/12/24
Algodón/Cotonetes,ALGODON DENT.100UN CREMER ,Gs   7.100,https://www.stock.com.py/images/thumbs/0177858_500.jpeg,17/12/24
Algodón/Cotonetes,HISOPOS Q.SOFT CON ANTIGERMEN PLASTICO 150 UNID,Gs   16.000,https://www.stock.com.py/images/thumbs/0158708_500.jpeg,17/12/24
Algodón/Cotonetes,HISOPOS Q.SOFT CON ANTIGERMEN PLASTICO 100 UNID,Gs   12.000,https://www.stock.com.py/images/thumbs/0144241_500.jpeg,17/12/24
Muebles y Seguridad,CAMBIADOR PARA BEBE BABY STAR,Gs   59.500,https://www.stock.com.py/images/thumbs/0203934_500.jpeg,17/12/24
Muebles y Seguridad,BOLSO DE TELA DE MANO BABY STAR,Gs   67.900,https://www.stock.com.py/images/thumbs/noDefaultImage_stock_500.gif,17/12/24
Chocolates,CHOCOLATE RELL D/MANI BON O BON LAT 90GR,Gs   27.000,https://www.stock.com.py/images/thumbs/0211206_500.jpeg,17/12/24
Chocolates,CHOCOLINAS BARR/CHOC/GALLETI COFLER 40GR,Gs   4.500,https://www.stock.com.py/images/thumbs/0208265_500.jpeg,17/12/24
Chocolates,BOMBON RELL/C/DUL/D/LEC BON O BON 480GR,Gs   37.500,https://www.stock.com.py/images/thumbs/0208148_500.jpeg,17/12/24
Chocolates,CHOCOLATE CACAO COFLER 100GR,Gs   15.000,https://www.stock.com.py/images/thumbs/0207534_500.jpeg,17/12/24
Chocolates,MANI C/CHOCO C/LECHE COFLER BLOCK 100GR,Gs   16.000,https://www.stock.com.py/images/thumbs/0207531_500.jpeg,17/12/24
Chocolates,CHOCOLATE C/LECH LACTA DIAMANTE NEG 34GR,Gs   4.900,https://www.stock.com.py/images/thumbs/0206908_500.jpeg,17/12/24
Chocolates,CHOCOLATE C/RELL D/MANI BON O BON 95GR,Gs   15.000,https://www.stock.com.py/images/thumbs/0206476_500.jpeg,17/12/24
Chocolates,MILKA CHOCO PAUSE OBLEA RELLENA SABOR CACAO RECUBIERTA CON CHOCOLATE CON LECHE 45 GR,Gs   6.750,https://www.stock.com.py/images/thumbs/0204906_500.jpeg,17/12/24
Chocolates,ALFAJOR FANTASIO TRES NEGRO 70GR PLAST,Gs   2.800,https://www.stock.com.py/images/thumbs/0204461_500.jpeg,17/12/24
Chocolates,ARCOR EL KIOSKO EN CASA BOMBONES CHOCOLATES OBLEAS Y BARRAS SURTIDAS 246 GR,Gs   32.500,https://www.stock.com.py/images/thumbs/0204407_500.jpeg,17/12/24
Chocolates,GAROTO TABLETA DE CHOCOLATE CON CHOCOLATES COLORIDOS 80 GR,Gs   15.000,https://www.stock.com.py/images/thumbs/0203960_500.jpeg,17/12/24
Chocolates,GAROTO TABLETA DE CHOCOLATE CON MANI CROCANTE 80 GR,Gs   15.000,https://www.stock.com.py/images/thumbs/0203959_500.jpeg,17/12/24
Chocolates,GAROTO TABLETA DE CHOCOLATE MEDIO AMARGO 80 GR,Gs   15.000,https://www.stock.com.py/images/thumbs/0203958_500.jpeg,17/12/24
Chocolates,GAROTO TABLETA DE CHOCOLATE CON LECHE 80 GR,Gs   15.000,https://www.stock.com.py/images/thumbs/0203957_500.jpeg,17/12/24
Chocolates,BON O BON BLANCO BOMBONES RELLENOS CON CREMA DE MANI 270 GR,Gs   25.000,https://www.stock.com.py/images/thumbs/0203654_500.jpeg,17/12/24
Chocolates,LACTA AMORO TABLETA DE CHOCOLATE MEDIO AMARGO 80 GR,Gs   13.900,https://www.stock.com.py/images/thumbs/0203402_500.jpeg,17/12/24
Chocolates,LACTA DIAMANTE NEGRO TABLETA DE CHOCOLATE CON LECHE CON CROCANTE 80 GR,Gs   13.900,https://www.stock.com.py/images/thumbs/0203399_500.jpeg,17/12/24
Chocolates,TURRON DE MANI CON CHOCOLATE KELWA 40 GR,Gs   3.600,https://www.stock.com.py/images/thumbs/0202600_500.jpeg,17/12/24
Chocolates,TURRON DE MANI CON CHOCO.X200GR KELWA,Gs   22.700,https://www.stock.com.py/images/thumbs/0202362_500.jpeg,17/12/24
Chocolates,CHOCOLATE E/BARRA SNICKERS 45GR PLAST,Gs   7.000,https://www.stock.com.py/images/thumbs/0201768_500.png,17/12/24
Chocolates,BON O BON BOMBONES DE CHOCOLATE CON MANI 270 GR,Gs   25.000,https://www.stock.com.py/images/thumbs/0201132_500.jpeg,17/12/24
Chocolates,BON O BON BOMBONES DE CHOCOLATE CON LECHE 450 GR,Gs   37.500,https://www.stock.com.py/images/thumbs/0201130_500.jpeg,17/12/24
Chocolates,NESTLE CRUNCH TABLETA DE CHOCOLATE CON LECHE CON COPOS DE ARROZ 80 GR,Gs   18.000,https://www.stock.com.py/images/thumbs/0200540_500.jpeg,17/12/24
Chocolates,NESTLE CHOCOLATE CON LECHE 80 GR,Gs   18.000,https://www.stock.com.py/images/thumbs/0200539_500.jpeg,17/12/24
Chocolates,NESTLE CLASSIC TABLETA DE CHOCOLATE BLANCO 80 GR,Gs   18.000,https://www.stock.com.py/images/thumbs/0200538_500.jpeg,17/12/24
Chocolates,GALAK CHOCOLATE BLANCO 80 GR,Gs   18.000,https://www.stock.com.py/images/thumbs/0200537_500.jpeg,17/12/24
Chocolates,NESTLE CHOCOLATE MEDIO AMARGO 80 GR,Gs   18.000,https://www.stock.com.py/images/thumbs/0200536_500.jpeg,17/12/24
Chocolates,MAZZEI CHOCOLATE NEGRO SIN AZUCARES 25 GR,Gs   7.200,https://www.stock.com.py/images/thumbs/0200273_500.jpeg,17/12/24
Caramelos/Chicles,CARAMELOS CON LECHE BUTTER TOFFEES 55GR,Gs   3.500,https://www.stock.com.py/images/thumbs/0208675_500.jpeg,17/12/24
Caramelos/Chicles,CARAMELOS FRUTILLA/CEREZA MENTHOPLUS 30G,Gs   11.000,https://www.stock.com.py/images/thumbs/0208146_500.jpeg,17/12/24
Caramelos/Chicles,CARAMELOS DE MIEL ARCOR 60 GR,Gs   2.500,https://www.stock.com.py/images/thumbs/0207304_500.jpeg,17/12/24
Caramelos/Chicles,CHICLE SABOR SANDIA BELDENT 10 GR,Gs   3.000,https://www.stock.com.py/images/thumbs/0206973_500.jpeg,17/12/24
Caramelos/Chicles,CARAMELO MASTICABLE CAFE SOBERANA 500GR,Gs   16.900,https://www.stock.com.py/images/thumbs/0206966_500.jpeg,17/12/24
Caramelos/Chicles,CARAMELO MASTICABLE S/CAFE? SOBERANA 40GR,Gs   2.850,https://www.stock.com.py/images/thumbs/0206536_500.jpeg,17/12/24
Caramelos/Chicles,CARAMELO DURO SABOR CAFE SOBERANA 40GR,Gs   2.850,https://www.stock.com.py/images/thumbs/0206535_500.jpeg,17/12/24
Caramelos/Chicles,CARAMELOS DE CAFE SOBERANA 500GR,Gs   15.900,https://www.stock.com.py/images/thumbs/0206534_500.jpeg,17/12/24
Caramelos/Chicles,CHICLE SABOR MANDARINA BELDENT 10GR,Gs   3.000,https://www.stock.com.py/images/thumbs/0206467_500.jpeg,17/12/24
Caramelos/Chicles,CARAMELO DURO MENTA BALAS SOBERANA 600GR,Gs   17.250,https://www.stock.com.py/images/thumbs/0206379_500.jpeg,17/12/24
Caramelos/Chicles,TOPLINE SEVEN CHICLES SABOR MENTA Y MENTOL TURBO MINT 50 GR,Gs   18.900,https://www.stock.com.py/images/thumbs/0206093_500.jpeg,17/12/24
Caramelos/Chicles,CHICLE TOPLINE SEVEN STRONG 14.7GR,Gs   4.500,https://www.stock.com.py/images/thumbs/0206092_500.jpeg,17/12/24
Caramelos/Chicles,CHICLE TOPLINE SEVEN STRAWBERRY 14.7GR,Gs   4.500,https://www.stock.com.py/images/thumbs/0206090_500.jpeg,17/12/24
Caramelos/Chicles,CHICLE SEVEN MENTA 14.7 GR TOPLINE BLIS,Gs   4.500,https://www.stock.com.py/images/thumbs/0206089_500.jpeg,17/12/24
Caramelos/Chicles,CHICLES TOPLINE PAQUETE 10 GR MENT,Gs   2.700,https://www.stock.com.py/images/thumbs/0206088_500.jpeg,17/12/24
Caramelos/Chicles,TOPLINE CHICLE SIN AZUCARES SABOR FRUTILLA 6 UNIDADES,Gs   2.700,https://www.stock.com.py/images/thumbs/0206087_500.jpeg,17/12/24
Caramelos/Chicles,CHICLES TOPLINE CAJA 400 GR MEN,Gs   2.700,https://www.stock.com.py/images/thumbs/0206086_500.jpeg,17/12/24
Caramelos/Chicles,CHICLES TOPLINE PAQUETE 10 GR MENT,Gs   2.700,https://www.stock.com.py/images/thumbs/0206085_500.jpeg,17/12/24
Caramelos/Chicles,CHICLE TOPLINE 7 ULTRA RED BERRY 12X12X24G,Gs   8.000,https://www.stock.com.py/images/thumbs/0206084_500.jpeg,17/12/24
Caramelos/Chicles,CHICLE TOPLINE 7 ULTRA CLEAN 12X12X24G,Gs   8.000,https://www.stock.com.py/images/thumbs/0206083_500.jpeg,17/12/24
Caramelos/Chicles,CHICLE TOPLINE 7 ULTRA GREEN MINT 12X12X24G,Gs   8.000,https://www.stock.com.py/images/thumbs/0206082_500.jpeg,17/12/24
Caramelos/Chicles,PASTILLA DRF MENTA 23 GR,Gs   2.300,https://www.stock.com.py/images/thumbs/0205380_500.jpeg,17/12/24
Caramelos/Chicles,FINI GOMITAS SURTIDAS EN FORMA DE GUSANOS 80 GR,Gs   6.600,https://www.stock.com.py/images/thumbs/0204671_500.jpeg,17/12/24
Caramelos/Chicles,FINI GOMITAS MORAS 80 GR,Gs   6.600,https://www.stock.com.py/images/thumbs/0204670_500.jpeg,17/12/24
Caramelos/Chicles,FINI GOMITAS DENTADURAS 80 GR,Gs   6.600,https://www.stock.com.py/images/thumbs/0204668_500.jpeg,17/12/24
Caramelos/Chicles,FINI GOMITAS BANANITOS 80 GR,Gs   6.600,https://www.stock.com.py/images/thumbs/0204667_500.jpeg,17/12/24
Caramelos/Chicles,FINI REGALIZ TUBOS SABOR FRUTAS SILVESTRES Y NATA 80 GR,Gs   6.600,https://www.stock.com.py/images/thumbs/0204665_500.jpeg,17/12/24
Caramelos/Chicles,BALAS SOBERANA PI?ATON SOBERANITA CARAMELOS MASTICABLES SURTIDOS 2 KG,Gs   46.650,https://www.stock.com.py/images/thumbs/0204664_500.jpeg,17/12/24
Bibliorato/Separadores,BIBLIORATO ESTANDAR OFICIO LOMO ANCHO EDES S/E ,Gs   19.800,https://www.stock.com.py/images/thumbs/noDefaultImage_stock_500.gif,17/12/24
Algodón/Cotonetes,DODDY HISOPOS DESCARTABLES CON PUNTAS DE ALGODON 200 UNIDADES,Gs   10.050,https://www.stock.com.py/images/thumbs/0198137_500.jpeg,17/12/24
Algodón/Cotonetes,DODDY HISOPOS DESCARTABLES CON PUNTAS DE ALGODON 100 UNIDADES,Gs   6.300,https://www.stock.com.py/images/thumbs/0198136_500.jpeg,17/12/24
Algodón/Cotonetes,DODDY HISOPOS DESCARTABLES CON PUNTAS DE ALGODON 200 UNIDADES,Gs   11.200,https://www.stock.com.py/images/thumbs/0198135_500.jpeg,17/12/24
Algodón/Cotonetes,DODDY HISOPOS DESCARTABLES CON PUNTAS DE ALGODON 100 UNIDADES,Gs   7.500,https://www.stock.com.py/images/thumbs/0198134_500.jpeg,17/12/24
Algodón/Cotonetes,CREMER DISCOS DE ALGODON 50 UNIDADES,Gs   10.950,https://www.stock.com.py/images/thumbs/0197308_500.jpeg,17/12/24
Algodón/Cotonetes,ALGODN FACIAL DISCOS 60UND COTTONBABY CJA,Gs   14.250,https://www.stock.com.py/images/thumbs/0193715_500.jpeg,17/12/24
Algodón/Cotonetes,MOPA DE ALGODON ZIGZAG REFIL S,Gs   43.400,https://www.stock.com.py/images/thumbs/0193504_500.jpeg,17/12/24
Algodón/Cotonetes,COTONETES JOHNSONS EN CAJA 150 UNID,Gs   21.300,https://www.stock.com.py/images/thumbs/0187323_500.jpeg,17/12/24
Algodón/Cotonetes,COTONETES JOHNSONS 150UNID,Gs   22.350,https://www.stock.com.py/images/thumbs/0187321_500.jpeg,17/12/24
Algodón/Cotonetes,ALGODON HIDROFILOS E/POMPONES 95GR COTTONBABY PAQ,Gs   14.650,https://www.stock.com.py/images/thumbs/0180687_500.jpeg,17/12/24
Algodón/Cotonetes,COTONETE CREMER CAJA 75 UN.,Gs   6.200,https://www.stock.com.py/images/thumbs/0177864_500.jpeg,17/12/24
Algodón/Cotonetes,ALGODON DENT.100UN CREMER ,Gs   7.100,https://www.stock.com.py/images/thumbs/0177858_500.jpeg,17/12/24
Algodón/Cotonetes,HISOPOS Q.SOFT CON ANTIGERMEN PLASTICO 150 UNID,Gs   16.000,https://www.stock.com.py/images/thumbs/0158708_500.jpeg,17/12/24
Algodón/Cotonetes,HISOPOS Q.SOFT CON ANTIGERMEN PLASTICO 100 UNID,Gs   12.000,https://www.stock.com.py/images/thumbs/0144241_500.jpeg,17/12/24
Shampoo,SHAMPOO OLEO NUTRICION 400ML DOVE PLAS,Gs   42.500,https://www.stock.com.py/images/thumbs/0211629_500.jpeg,17/12/24
Shampoo,SHAMPOO RECONSTRUCCION COMPLETA DOVE 200ML,Gs   15.800,https://www.stock.com.py/images/thumbs/0211621_500.jpeg,17/12/24
Shampoo,DOVE SHAMPOO REGENERACION EXTREMA 200 ML,Gs   15.800,https://www.stock.com.py/images/thumbs/0211620_500.jpeg,17/12/24
Shampoo,SHAMPOO REGENERACION EXTREMA DOVE 400ML FCO,Gs   42.500,https://www.stock.com.py/images/thumbs/0211617_500.jpeg,17/12/24
Shampoo,SHAMPOO DOVE THERAPY X 400 ML,Gs   42.300,https://www.stock.com.py/images/thumbs/0211615_500.jpeg,17/12/24
Shampoo,SHAMPOO MANZANILLA Y MAGNOLA ALGABO 930M,Gs   14.900,https://www.stock.com.py/images/thumbs/0209405_500.jpeg,17/12/24
Shampoo,SHAMPOO ACIDO HIALURONICO NUTRILEA 340 ML,Gs   21.400,https://www.stock.com.py/images/thumbs/0209048_500.jpeg,17/12/24
Shampoo,SHAMPOO ACIDO HIALURONICO NUTRILEA 190 ML,Gs   13.900,https://www.stock.com.py/images/thumbs/0209033_500.png,17/12/24
Shampoo,DOVE NUTRITIVE SOLUTIONS SHAMPOO HIDRA-LISO 400 ML,Gs   42.500,https://www.stock.com.py/images/thumbs/0208926_500.png,17/12/24
Shampoo,SHAMPOO HIDRATACION INTENSA 400ML DOVE FCO,Gs   42.500,https://www.stock.com.py/images/thumbs/0208922_500.png,17/12/24
Shampoo,SEDAL CO-CREATIONS SHAMPOO LISO PERFECTO 190 ML,Gs   15.400,https://www.stock.com.py/images/thumbs/0208803_500.jpeg,17/12/24
Shampoo,DOVE SHAMPOO RITUAL DE REPARACION ACEITE DE COCO Y CURCUMA 400 ML,Gs   42.500,https://www.stock.com.py/images/thumbs/0208633_500.png,17/12/24
Shampoo,SHAMPOO FORTALEC/CAIDA RESISTL'OREAL370M,Gs   46.200,https://www.stock.com.py/images/thumbs/0208255_500.jpeg,17/12/24
Shampoo,SHAMPOO NUTRICION 340ML/ACONDICIONADOR  NUTRILEA KIT 190ML,Gs   21.400,https://www.stock.com.py/images/thumbs/0207480_500.jpeg,17/12/24
Shampoo,SHAMPOO RECONST 340ML/ACONDICIONADOR NUTRILEA  KIT 190ML,Gs   21.400,https://www.stock.com.py/images/thumbs/0207478_500.jpeg,17/12/24
Shampoo,SHAMPOO OLEO D/BOSWELLIA PLUSBELLE 700ML,Gs   26.000,https://www.stock.com.py/images/thumbs/0206955_500.jpeg,17/12/24
Shampoo,SHAMPOO OLEO D/ABISINIA PLUSBELLE 700 ML,Gs   26.000,https://www.stock.com.py/images/thumbs/0206954_500.jpeg,17/12/24
Shampoo,SHAMPOO 340ML Y1 ACOND/ SEDAL 190ML,Gs   23.550,https://www.stock.com.py/images/thumbs/0206477_500.jpeg,17/12/24
Shampoo,SEDAL CO-CREATIONS SHAMPOO LISO PERFECTO 650 ML,Gs   21.700,https://www.stock.com.py/images/thumbs/0206055_500.png,17/12/24
Shampoo,SHAMPOO CLASICO JOHNSONS BABY 400ML,Gs   25.300,https://www.stock.com.py/images/thumbs/0205365_500.jpeg,17/12/24
Shampoo,SHAMPOO ICE COOL MENHTOL 400ML/REGALO 200ML CLEAR PACK,Gs   45.500,https://www.stock.com.py/images/thumbs/0204988_500.jpeg,17/12/24
Shampoo,SEDAL SHAMPOO CONTROL CASPA 340 ML,Gs   23.550,https://www.stock.com.py/images/thumbs/0204954_500.jpeg,17/12/24
Shampoo,SEDAL SHAMPOO CERAMIDAS 190 ML,Gs   15.400,https://www.stock.com.py/images/thumbs/0204953_500.jpeg,17/12/24
Shampoo,SEDAL COLECCION NATURAL SHAMPOO JENGIBRE Y RICINO 340 ML,Gs   23.550,https://www.stock.com.py/images/thumbs/0203539_500.jpeg,17/12/24
Shampoo,SEDAL SHAMPOO HIALURONICO CON VITAMINA 340 ML,Gs   23.550,https://www.stock.com.py/images/thumbs/0203531_500.jpeg,17/12/24
Shampoo,SEDAL SHAMPOO HIALURONICO CON VITAMINA 190 ML,Gs   15.400,https://www.stock.com.py/images/thumbs/0203530_500.jpeg,17/12/24
Shampoo,SHAMPOO RIZOS DEFINIDOS SEDAL 340ML,Gs   23.550,https://www.stock.com.py/images/thumbs/0203519_500.jpeg,17/12/24
Shampoo,SHAMPOO SUAV COCO & LECHE 300ML ALGABO,Gs   8.500,https://www.stock.com.py/images/thumbs/0203498_500.jpeg,17/12/24
Té,INFUSION DE MENTA TE GUARANI 20UN,Gs   6.900,https://www.stock.com.py/images/thumbs/0207997_500.jpeg,17/12/24
Té,TE PLAN 30 DIAS 30SAQUITOS TE GUARANI,Gs   22.300,https://www.stock.com.py/images/thumbs/0207632_500.jpeg,17/12/24
Té,TE VERDE MORINGA S/ARANDANOS HINDU 20SAQ,Gs   18.150,https://www.stock.com.py/images/thumbs/0207366_500.jpeg,17/12/24
Té,TE NEGRO 20 SAQUITOS HINDU 32GR,Gs   10.200,https://www.stock.com.py/images/thumbs/0207364_500.jpeg,17/12/24
Té,TE NEGRO CEYLAN 20 UN TE GUARANI,Gs   13.800,https://www.stock.com.py/images/thumbs/0207276_500.jpeg,17/12/24
Té,TE NEGRO ENGLISH BREAKFAST GUARANI  20UN,Gs   16.700,https://www.stock.com.py/images/thumbs/0207275_500.jpeg,17/12/24
Té,TE NEGRO CON NARANJA 20 UN TE GUARANI,Gs   15.000,https://www.stock.com.py/images/thumbs/0207274_500.jpeg,17/12/24
Té,TE CARDIO 20 UN TE GUARANI,Gs   12.900,https://www.stock.com.py/images/thumbs/0207273_500.jpeg,17/12/24
Té,TE ENERGIZA 20 UN TE GUARANI,Gs   12.250,https://www.stock.com.py/images/thumbs/0207271_500.jpeg,17/12/24
Té,TE DE CEDRON TE GUARANI 20 UN,Gs   6.750,https://www.stock.com.py/images/thumbs/0207270_500.jpeg,17/12/24
Té,TE DE TILO TE GUARANI 20 UN,Gs   15.300,https://www.stock.com.py/images/thumbs/0207198_500.jpeg,17/12/24
Té,SANTO REMEDIO HEPATICO BOLDO JAGUARETE KA-A KOKU 25 GR,Gs   2.350,https://www.stock.com.py/images/thumbs/0205032_500.jpeg,17/12/24
Té,SANTO REMEDIO ANTIPARASITARIO KA-ARE SUICO 25 GR,Gs   2.050,https://www.stock.com.py/images/thumbs/0205031_500.jpeg,17/12/24
Té,SANTO REMEDIO COLESTEROL ?ANDUPA BURRO KA-A 25 GR,Gs   2.600,https://www.stock.com.py/images/thumbs/0205030_500.jpeg,17/12/24
Té,SANTO REMEDIO DIABETES AJENJO JAGUARETE PO KA-A HE-E 25 GR,Gs   2.650,https://www.stock.com.py/images/thumbs/0205029_500.jpeg,17/12/24
Té,SANTO REMEDIO ANTIFLATULENTO 2 ANIS HINOJO MANZANILLA 25 GR,Gs   3.900,https://www.stock.com.py/images/thumbs/0205028_500.jpeg,17/12/24
Té,SANTO REMEDIO ANTIFLATULENTO 1 KURATU ENELDO SUICO 25 GR,Gs   2.500,https://www.stock.com.py/images/thumbs/0205027_500.jpeg,17/12/24
Té,SANTO REMEDIO PRESION ALTA 2 MBURUKUYA MANDARINA Y AGUACATE 25 GR,Gs   3.250,https://www.stock.com.py/images/thumbs/0205026_500.jpeg,17/12/24
Té,SANTO REMEDIO DIGESTIVO 3 JATE-I KA-A Y LAUREL 25 GR,Gs   3.350,https://www.stock.com.py/images/thumbs/0205025_500.jpeg,17/12/24
Té,SANTO REMEDIO DIGESTIVO 2 ANIS BOLDO Y MANZANILLA 25 GR,Gs   4.400,https://www.stock.com.py/images/thumbs/0205024_500.jpeg,17/12/24
Té,SANTO REMEDIO DIGESTIVO 1 CEDRON BURRITO Y MENTA 25 GR,Gs   2.450,https://www.stock.com.py/images/thumbs/0205023_500.jpeg,17/12/24
Té,TE DE JAGUARETE KAA ARCO IRIS CAJA 20 X 1.5 GR,Gs   8.900,https://www.stock.com.py/images/thumbs/0205015_500.jpeg,17/12/24
Té,HORNIMANS TE DE MANZANILLA 20 GR 20 UNIDADES,Gs   11.000,https://www.stock.com.py/images/thumbs/0204981_500.jpeg,17/12/24
Té,TE CAMPESINO MANZANILLA SAQUITOS 10UN CJA,Gs   5.000,https://www.stock.com.py/images/thumbs/0204806_500.jpeg,17/12/24
Té,TE NEGRO INDEGA 20SAQ 40GR CJA,Gs   11.550,https://www.stock.com.py/images/thumbs/0204803_500.jpeg,17/12/24
Té,TE ROJO INDEGA 20SAQ 30GR CJA,Gs   13.700,https://www.stock.com.py/images/thumbs/0204802_500.jpeg,17/12/24
Té,TE VERDE INDEGA 20SAQ 36GR CJA,Gs   11.750,https://www.stock.com.py/images/thumbs/0204801_500.jpeg,17/12/24
Té,SANTO REMEDIO EXPECTORANTE 2 AMBAY EUCALIPTO JAGUARUNDI  25 GR,Gs   2.450,https://www.stock.com.py/images/thumbs/0204585_500.jpeg,17/12/24
Té,BORRAJA MICKEY 15GR,Gs   3.800,https://www.stock.com.py/images/thumbs/0186563_500.jpeg,17/12/24
Larga Vida,CHOCOLATADA TREBOL TETRA BRIK 200ML,Gs   2.600,https://www.stock.com.py/images/thumbs/0212076_500.png,17/12/24
Larga Vida,CHOCOLATADA LACTOLANDA 500ml,Gs   5.100,https://www.stock.com.py/images/thumbs/0201714_500.jpeg,17/12/24
Larga Vida,BEBIDA LACTEA CHOCOLANDA UAT 200ML,Gs   2.600,https://www.stock.com.py/images/thumbs/0201713_500.jpeg,17/12/24
Larga Vida,CHOCOLATADA PARMALAT 200ML,Gs   3.000,https://www.stock.com.py/images/thumbs/0187576_500.jpeg,17/12/24
Larga Vida,CHOCOLATADA LACTOLANDA 1Litro,Gs   9.800,https://www.stock.com.py/images/thumbs/0186411_500.jpeg,17/12/24
Larga Vida,BEBIDA LACT HIPERPROTEICA SAB/BANANA LOS COLONOS 200ML TETR,Gs   5.000,https://www.stock.com.py/images/thumbs/0183217_500.jpeg,17/12/24
Larga Vida,CHOCOLATADA BEBIDA LACTEA UHT X 200GR TETRA,Gs   2.750,https://www.stock.com.py/images/thumbs/0183192_500.jpeg,17/12/24
Larga Vida,CHOCOLATADA BEBIDA LACTEA UHT X 1 LITRO TETRA ,Gs   10.400,https://www.stock.com.py/images/thumbs/0183191_500.jpeg,17/12/24
Larga Vida,LECHE CHOCOLATADA TREBOL TETRA BRIK 1,Gs   10.600,https://www.stock.com.py/images/thumbs/0167506_500.jpeg,17/12/24
Larga Vida,LECHE CHOCOLATADA 500ML TREBOL TETRA,Gs   5.300,https://www.stock.com.py/images/thumbs/0148556_500.jpeg,17/12/24
Rejillas/Trapos de Piso,PAÑO MULTIUSO 2UN 36x40cm DAYO BSA,Gs   6.600,https://www.stock.com.py/images/thumbs/0209785_500.jpeg,17/12/24
Rejillas/Trapos de Piso,TRAPO DE PISO MEDIA NARANJA BICOLOR M CLASICO 48 X 60 CM,Gs   9.250,https://www.stock.com.py/images/thumbs/0209350_500.jpeg,17/12/24
Rejillas/Trapos de Piso,REPASADOR D/CO 40X60 DAYO REF KT21002,Gs   4.900,https://www.stock.com.py/images/thumbs/0207987_500.jpeg,17/12/24
Rejillas/Trapos de Piso,REPASADOR D/CO 40X60 DAYO REF KT21 001,Gs   11.500,https://www.stock.com.py/images/thumbs/0207986_500.jpeg,17/12/24
Rejillas/Trapos de Piso,PAÑO ABS.LAVAMAS *UN ,Gs   7.150,https://www.stock.com.py/images/thumbs/0191837_500.jpeg,17/12/24
Rejillas/Trapos de Piso,TRAPO P/PISO BICOLOR REFORZADO G 58X60CM MEDIA NARANJA ,Gs   10.550,https://www.stock.com.py/images/thumbs/0191083_500.jpeg,17/12/24
Rejillas/Trapos de Piso,TRAPO P/PISO BLANCO REFORZADO XG 60X80CM MEDIA NARANJA ,Gs   15.250,https://www.stock.com.py/images/thumbs/0191082_500.jpeg,17/12/24
Rejillas/Trapos de Piso,TRAPO P/ PISO GRIS REFORZADO XG 60X80CM MEDIA NARANJA ,Gs   13.250,https://www.stock.com.py/images/thumbs/0191081_500.jpeg,17/12/24
Rejillas/Trapos de Piso,REPASADOR P/ COCINA IW REF CY16002 ,Gs   12.000,https://www.stock.com.py/images/thumbs/0189518_500.jpeg,17/12/24
Rejillas/Trapos de Piso,PAÑO DE LIMPIEZA EN ROLLO 21x29CM DAYO 25UNID,Gs   10.550,https://www.stock.com.py/images/thumbs/0188041_500.jpeg,17/12/24
Rejillas/Trapos de Piso,PAÑO MULTIUSO PARA LIMPIEZA 33x55CM DAYO 5UNID,Gs   6.400,https://www.stock.com.py/images/thumbs/0188040_500.jpeg,17/12/24
Rejillas/Trapos de Piso,FRANELA EDES 1 UN,Gs   7.400,https://www.stock.com.py/images/thumbs/0177966_500.jpeg,17/12/24
Rejillas/Trapos de Piso,FRANELA EDES 1 UN,Gs   6.200,https://www.stock.com.py/images/thumbs/0177965_500.jpeg,17/12/24
Rejillas/Trapos de Piso,TRAPO DE PISO EDES 1 UN BL,Gs   7.900,https://www.stock.com.py/images/thumbs/0177959_500.jpeg,17/12/24
Rejillas/Trapos de Piso,TRAPO DE PISO EDES 1 UN BL,Gs   5.500,https://www.stock.com.py/images/thumbs/0177948_500.jpeg,17/12/24
Rejillas/Trapos de Piso,TRAPO DE PISO ECONOMICO LAVA 1000 45CM X 50CM,Gs   4.200,https://www.stock.com.py/images/thumbs/0176866_500.jpeg,17/12/24
Rejillas/Trapos de Piso,TRAP.D/PISO JASPE 1 UN,Gs   33.000,https://www.stock.com.py/images/thumbs/0176484_500.jpeg,17/12/24
Rejillas/Trapos de Piso,REJILLA PAÑOLIN CRUDA (MEDIDA),Gs   3.550,https://www.stock.com.py/images/thumbs/0175686_500.jpeg,17/12/24
Rejillas/Trapos de Piso,REJILLA PAÑOLIN BLANCA (MEDIDA),Gs   3.900,https://www.stock.com.py/images/thumbs/0175685_500.jpeg,17/12/24
Rejillas/Trapos de Piso,TRAPO DE PISO PAÑOLIN ESPECIAL 45x70,Gs   8.650,https://www.stock.com.py/images/thumbs/0175683_500.jpeg,17/12/24
Rejillas/Trapos de Piso,TRAPO DE PISO PAÑOLIN45X70,Gs   7.250,https://www.stock.com.py/images/thumbs/0175682_500.jpeg,17/12/24
Rejillas/Trapos de Piso,TRAPO DE PISO PAÑOLIN 45X50,Gs   5.300,https://www.stock.com.py/images/thumbs/0175681_500.jpeg,17/12/24
Rejillas/Trapos de Piso,TRAPO DE PISO RENDIDOR 45x60CM PULOIL ,Gs   8.300,https://www.stock.com.py/images/thumbs/0175037_500.jpeg,17/12/24
Rejillas/Trapos de Piso,TRAPO DE PISO SUPER PREMIUM 45x70CM PULOIL,Gs   13.800,https://www.stock.com.py/images/thumbs/0175036_500.jpeg,17/12/24
Rejillas/Trapos de Piso,REJILLA AMITA 1 UN,Gs   4.400,https://www.stock.com.py/images/thumbs/0172878_500.png,17/12/24
Rejillas/Trapos de Piso,PAÑO POLIFOAM ABSORVENTE MULTIUSO 2X1,Gs   8.100,https://www.stock.com.py/images/thumbs/0166077_500.jpeg,17/12/24
Rejillas/Trapos de Piso,TRAPO DE PISO PABILO GRANDE POLIFOAM 70X45,Gs   9.200,https://www.stock.com.py/images/thumbs/0166067_500.jpeg,17/12/24
Rejillas/Trapos de Piso,TRAPO DE PISO POLIFOAN 1 U,Gs   8.300,https://www.stock.com.py/images/thumbs/0166064_500.jpeg,17/12/24
Alcohol,SANITIZANTE LIQ P/MAN ALCOH DAILY 350ML,Gs   16.900,https://www.stock.com.py/images/thumbs/0208982_500.png,17/12/24
Alcohol,SANITIZANTE P/MANOS ALCOHOL 70% GLICERIN,Gs   11.000,https://www.stock.com.py/images/thumbs/0208981_500.png,17/12/24
Alcohol,ALCOHOL RECTIFICADO AL 70PRC 1LT AMITA,Gs   21.550,https://www.stock.com.py/images/thumbs/0184442_500.jpeg,17/12/24
Alcohol,ALCOHOL DESINFECTANTE SPRAY P/MANOS MATHER PARMA 100ML FCO,Gs   6.550,https://www.stock.com.py/images/thumbs/0183767_500.jpeg,17/12/24
Alcohol,ALCOHOL RECTIFICADO AMITA BOTELLA,Gs   20.500,https://www.stock.com.py/images/thumbs/0172854_500.png,17/12/24
Alcohol,ALCOHOL RECTIFICADO AMITA BOTELLA,Gs   11.150,https://www.stock.com.py/images/thumbs/0150107_500.jpeg,17/12/24
Decoración,VELA PALITO BLANCO BLIS 10 UNID CORINTER,Gs   6.100,https://www.stock.com.py/images/thumbs/0212747_500.jpeg,17/12/24
Decoración,VELA BENGALA 2 UNI CORINTER BLIS,Gs   6.400,https://www.stock.com.py/images/thumbs/0212746_500.jpeg,17/12/24
Decoración,VELA  AZUL BLISTER 1 UNID. CORINTER,Gs   6.300,https://www.stock.com.py/images/thumbs/0212719_500.png,17/12/24
Decoración,JUG. NARIZ DE PAYASO 5 UNID,Gs   6.150,https://www.stock.com.py/images/thumbs/0212718_500.png,17/12/24
Decoración,JUG. LENGUA DE SUEGRA 10 UNID,Gs   5.800,https://www.stock.com.py/images/thumbs/0212717_500.jpeg,17/12/24
Decoración,PIÑATA MAXI AZUL 350X1UN PIC PIC BLIS,Gs   20.700,https://www.stock.com.py/images/thumbs/0212716_500.jpeg,17/12/24
Decoración,PAPEL ALUMINIO WYDA 30CM X 7M,Gs   11.100,https://www.stock.com.py/images/thumbs/0207520_500.jpeg,17/12/24
Decoración,PAPEL FILM WYDA 30 METROS,Gs   11.600,https://www.stock.com.py/images/thumbs/0207518_500.jpeg,17/12/24
Decoración,"GLOBO PRO PARTY ROJO 9"" CORINTER 25 UN",Gs   13.800,https://www.stock.com.py/images/thumbs/0206849_500.jpeg,17/12/24
Decoración,"GLOBO PRO PARTY VER/LIM 9"" CORINTER 25UN",Gs   13.800,https://www.stock.com.py/images/thumbs/0206848_500.jpeg,17/12/24
Decoración,"GLOBO PRO PARTY SURT 9"" CORINTER 25 UN",Gs   13.800,https://www.stock.com.py/images/thumbs/0206847_500.jpeg,17/12/24
Decoración,"GLOBO PRO PARTY ROSA 9"" CORINTER 25 UN",Gs   13.800,https://www.stock.com.py/images/thumbs/0206846_500.jpeg,17/12/24
Decoración,"GLOBO PRO PARTY ROS BABY 9"" CORINTER 25U",Gs   13.800,https://www.stock.com.py/images/thumbs/0206845_500.jpeg,17/12/24
Decoración,"GLOBO PRO PARTY NEGRO 9"" CORINTER 25 UN",Gs   13.800,https://www.stock.com.py/images/thumbs/0206844_500.jpeg,17/12/24
Decoración,"GLOBO PRO PARTY NARANJA 9"" CORINTER 25UN",Gs   13.800,https://www.stock.com.py/images/thumbs/0206843_500.jpeg,17/12/24
Decoración,"GLOBO PRO PARTY BLANCO 9"" CORINTER 25 UN",Gs   13.800,https://www.stock.com.py/images/thumbs/0206842_500.jpeg,17/12/24
Decoración,"GLOBO PRO PARTY CELESTE 9"" CORINTER 25UN",Gs   13.800,https://www.stock.com.py/images/thumbs/0206841_500.jpeg,17/12/24
Decoración,"GLOBO PRO PARTY AMAR 9"" CORINTER 25 UN",Gs   13.800,https://www.stock.com.py/images/thumbs/0206840_500.jpeg,17/12/24
Decoración,PIROTINES ROJO P/CUPCAKE CONFESTA 100 UN,Gs   11.600,https://www.stock.com.py/images/thumbs/0206839_500.jpeg,17/12/24
Decoración,PLATO DESCARTABLES TRANSP CORINTER 10 UN,Gs   3.500,https://www.stock.com.py/images/thumbs/0206838_500.jpeg,17/12/24
Decoración,PLATO DESCARTABLES NEGRO CORINTER 10 UN,Gs   3.500,https://www.stock.com.py/images/thumbs/0206837_500.jpeg,17/12/24
Decoración,VELA TUBULAR PLATA CORINTER SIMBOLO,Gs   8.600,https://www.stock.com.py/images/thumbs/0206836_500.jpeg,17/12/24
Decoración,VELA TUBULAR PLATA CORINTER N°0,Gs   8.600,https://www.stock.com.py/images/thumbs/0206835_500.jpeg,17/12/24
Decoración,VELA TUBULAR PLATA CORINTER N°9,Gs   8.600,https://www.stock.com.py/images/thumbs/0206834_500.jpeg,17/12/24
Decoración,VELA TUBULAR PLATA CORINTER N°8,Gs   8.600,https://www.stock.com.py/images/thumbs/0206833_500.jpeg,17/12/24
Decoración,VELA TUBULAR PLATA CORINTER N°7,Gs   8.600,https://www.stock.com.py/images/thumbs/0206832_500.jpeg,17/12/24
Decoración,VELA TUBULAR PLATA CORINTER N°6,Gs   8.600,https://www.stock.com.py/images/thumbs/0206831_500.jpeg,17/12/24
Decoración,VELA TUBULAR PLATA CORINTER N°5,Gs   8.600,https://www.stock.com.py/images/thumbs/0206830_500.jpeg,17/12/24
Cuidado para ropas,AYUDIN ROPA QUITAMANCHAS BLANCOS INTENSOS 2 LITRO,Gs   22.700,https://www.stock.com.py/images/thumbs/0206114_500.jpeg,17/12/24
Cuidado para ropas,AYUDIN ROPA QUITAMANCHAS BLANCOS INTENSOS 1 LITRO,Gs   11.800,https://www.stock.com.py/images/thumbs/0206102_500.jpeg,17/12/24
Cuidado para ropas,QUITAMANCHAS COLORES VIVOS AYUDIN 1500ML,Gs   41.400,https://www.stock.com.py/images/thumbs/0203078_500.jpeg,17/12/24
Cuidado para ropas,QUITAMANCHAS COLORES VIVOS AYUDIN 700ML,Gs   21.650,https://www.stock.com.py/images/thumbs/0203076_500.jpeg,17/12/24
Cuidado para ropas,QUITAMANCHAS BLANC SUPR AYUDIN ROPA 650ML,Gs   21.000,https://www.stock.com.py/images/thumbs/0203074_500.jpeg,17/12/24
Cuidado para ropas,QUITAMANCHAS BLANCO SUPREMO AYUDIN 400ML,Gs   12.800,https://www.stock.com.py/images/thumbs/0203073_500.jpeg,17/12/24
Cuidado para ropas,QUITAMANCHAS COL VIVOS AYUDIN ROPA 400ML,Gs   16.950,https://www.stock.com.py/images/thumbs/0203072_500.jpeg,17/12/24
Cuidado para ropas,QUITAMANCHAS BLANCO TOTAL 450GR VANISH DOYPACK,Gs   50.200,https://www.stock.com.py/images/thumbs/0190675_500.jpeg,17/12/24
Cuidado para ropas,QUITAMANCHAS EN POLVO 120GR VANISH DOYPACK,Gs   20.750,https://www.stock.com.py/images/thumbs/0190460_500.jpeg,17/12/24
Cuidado para ropas,QUITAMANCHAS TRENET 120ML,Gs   19.750,https://www.stock.com.py/images/thumbs/0188499_500.jpeg,17/12/24
Cuidado para ropas,PERFUME PARA TELA POETT FRESCO ROCIO FRASCO 250ML,Gs   34.450,https://www.stock.com.py/images/thumbs/0184306_500.jpeg,17/12/24
Cuidado para ropas,PERFUME PARA TELA POETT FULL FRESCO ROCIO 250ML,Gs   34.450,https://www.stock.com.py/images/thumbs/0175769_500.jpeg,17/12/24
Cuidado para ropas,PERFUME PARA TELA POETT FULL SUAV. ALGODÓN 250ML,Gs   32.400,https://www.stock.com.py/images/thumbs/0175768_500.jpeg,17/12/24
Cuidado para ropas,QUITAMANCHAS LIQUIDO REPUESTO 400ML VANISH DOYPACK,Gs   23.450,https://www.stock.com.py/images/thumbs/0162247_500.jpeg,17/12/24
Cuidado para ropas,QUITAMANCHAS PRE LAVADO 400ML VANISH DOYPACK/REPUESTO,Gs   23.100,https://www.stock.com.py/images/thumbs/0160260_500.jpeg,17/12/24
Cuidado para ropas,ANILINA AZUL MARINO 30GR YACOLOR SCH,Gs   9.300,https://www.stock.com.py/images/thumbs/0147211_500.jpeg,17/12/24
Cuidado para ropas,ANILINA NEGRO AZABACHE 30GR YACOLOR SCH,Gs   9.300,https://www.stock.com.py/images/thumbs/0147210_500.jpeg,17/12/24
Cuidado para ropas,GIGANTE BARRA QUITAMANCHAS 75 GR,Gs   10.300,https://www.stock.com.py/images/thumbs/noDefaultImage_stock_500.gif,17/12/24
Alimento de Perros,ALIMENTO P/ PERRO ADULTO RAZAS PEQUEÑAS 1.5KG PEDIGREE PAQ,Gs   42.000,https://www.stock.com.py/images/thumbs/0211817_500.jpeg,17/12/24
Alimento de Perros,VITALIPETS HUESITOS PALITOS DIGERIBLES BLANCOS SABOR NATURAL 5 UNIDADES,Gs   7.200,https://www.stock.com.py/images/thumbs/0211632_500.jpeg,17/12/24
Alimento de Perros,VITALIPETS HUESITOS PALITOS DIGERIBLES BLANCOS SABOR NATURAL 12 UNIDADES,Gs   16.800,https://www.stock.com.py/images/thumbs/0211631_500.jpeg,17/12/24
Alimento de Perros,ALIMENTO P/ PERRO CACHORRO 1.5KG PEDIGREE PAQ ,Gs   47.250,https://www.stock.com.py/images/thumbs/0209432_500.jpeg,17/12/24
Alimento de Perros,MASTER DOG ALIMENTO PARA PERRO ADULTO CARNE Y VEGETALES 18 KG,Gs   397.450,https://www.stock.com.py/images/thumbs/0209275_500.jpeg,17/12/24
Alimento de Perros,ALIMENTO P/ PERRO ADULTO CARNE 1.5KG PEDIGREE PAQ ,Gs   42.000,https://www.stock.com.py/images/thumbs/0208899_500.jpeg,17/12/24
Alimento de Perros,ALIMENTO PARA PERROS CACHORROS BENY 3 KG,Gs   46.900,https://www.stock.com.py/images/thumbs/0208628_500.jpeg,17/12/24
Alimento de Perros,ALIMENTO P/PERROS S/CARNE/POL PRIMOCAO3K,Gs   74.350,https://www.stock.com.py/images/thumbs/0208481_500.jpeg,17/12/24
Alimento de Perros,ALIMENTO P/PERROS S/POLLO/VEG PRIMOCAO3K,Gs   71.500,https://www.stock.com.py/images/thumbs/0208480_500.jpeg,17/12/24
Alimento de Perros,ALIMENTO P/PERROS S/POLLO/VEG/PRIMOCAO1K,Gs   28.900,https://www.stock.com.py/images/thumbs/0208479_500.jpeg,17/12/24
Alimento de Perros,ALIMENTO P/PERROS PEQUEN?AS PRIMOCAO 1 KG,Gs   26.250,https://www.stock.com.py/images/thumbs/0208478_500.jpeg,17/12/24
Alimento de Perros,ALIMENTO P/PERRO ADULTO A GRANEL BENY,Gs   5.900,https://www.stock.com.py/images/thumbs/0208317_500.jpeg,17/12/24
Alimento de Perros,BOCADITO P/PERRO NATUR GRAN CANI 100GR,Gs   3.600,https://www.stock.com.py/images/thumbs/0207657_500.jpeg,17/12/24
Alimento de Perros,BOCADITO P/PERRO GRAN CANI NATUR 100GR,Gs   3.600,https://www.stock.com.py/images/thumbs/0207655_500.jpeg,17/12/24
Alimento de Perros,PALITO P/PERRO PROTEICO GRAN CANI 8UN,Gs   14.300,https://www.stock.com.py/images/thumbs/0207654_500.jpeg,17/12/24
Alimento de Perros,PALITO P/PERRO PROTEICO GRAN CANI 4UN,Gs   7.150,https://www.stock.com.py/images/thumbs/0207653_500.jpeg,17/12/24
Alimento de Perros,PALITO P/PERRO PROTEICO GRAN CANI 8UN,Gs   10.000,https://www.stock.com.py/images/thumbs/0207652_500.jpeg,17/12/24
Alimento de Perros,PALITO P/PERROS PROTEICO GRAN CANI 4UN,Gs   5.000,https://www.stock.com.py/images/thumbs/0207651_500.jpeg,17/12/24
Alimento de Perros,PALITO P/PERRO PROTEICO GRAN CANI 8UN,Gs   27.150,https://www.stock.com.py/images/thumbs/0207650_500.jpeg,17/12/24
Alimento de Perros,PALITO P/PERRO  PROTEICO GRAN CANI 4UN,Gs   13.600,https://www.stock.com.py/images/thumbs/0207649_500.jpeg,17/12/24
Alimento de Perros,PURINA DOG CHOW ALIMENTO PARA PERROS ADULTOS MINIS Y PEQUE?OS SABOR CARNE Y POLLO 1.5 KG,Gs   43.650,https://www.stock.com.py/images/thumbs/0206383_500.jpeg,17/12/24
Alimento de Perros,PRIMOCAO ALIMENTO COMPLETO PARA PERROS ADULTOS SABOR CARNE Y VEGETALES 100 GR,Gs   6.700,https://www.stock.com.py/images/thumbs/0205550_500.jpeg,17/12/24
Alimento de Perros,HERCOSUL PRIMOCAO ALIMENTO PARA PERROS ADULTOS SABOR CARNE 100 GR,Gs   6.700,https://www.stock.com.py/images/thumbs/0205549_500.jpeg,17/12/24
Alimento de Perros,ALIMENTO P/ PERRO APOLO JUNIOR 1KG,Gs   23.600,https://www.stock.com.py/images/thumbs/0205544_500.jpeg,17/12/24
Alimento de Perros,ALIMENTO P/PERRO APOLO ORIGINAL ADULTO 1KG,Gs   16.150,https://www.stock.com.py/images/thumbs/0205543_500.jpeg,17/12/24
Alimento de Perros,ALIMENTO P/ PERRO PRONTO DOG CACHORROS CRECIMIENTO A GRANEL  ,Gs   8.300,https://www.stock.com.py/images/thumbs/0205404_500.jpeg,17/12/24
Alimento de Perros,ALIMENTO P/ PERRO PRONTO DOG CACHORROS A GRANEL,Gs   9.650,https://www.stock.com.py/images/thumbs/0205403_500.jpeg,17/12/24
Alimento de Perros,PURINA DOG CHOW COMIDA PARA PERROS ADULTOS MEDIANOS Y GRANDES SABOR CARNE Y POLLO 8 KG,Gs   205.000,https://www.stock.com.py/images/thumbs/0203572_500.jpeg,17/12/24
Talco,TALCO BABY BLUE 200 GR,Gs   15.500,https://www.stock.com.py/images/thumbs/0208701_500.png,17/12/24
Talco,TALCO P/BEBE SUEÑOS FCO X 12 GR DODDY ,Gs   16.800,https://www.stock.com.py/images/thumbs/0173347_500.jpeg,17/12/24
Talco,TALCO P/BEBE FRESCURA 120GR DODDY PLA,Gs   16.800,https://www.stock.com.py/images/thumbs/0173341_500.jpeg,17/12/24
Talco,TALCO P/BEBE DULZURA 120GR DODDY PLA,Gs   16.800,https://www.stock.com.py/images/thumbs/0173336_500.jpeg,17/12/24
Talco,TALCO DODY PARA BEBE FRASCO 120GR,Gs   16.800,https://www.stock.com.py/images/thumbs/0173330_500.jpeg,17/12/24
Talco,POLVO DE FECULA ALGABO 200GR BABY,Gs   14.650,https://www.stock.com.py/images/thumbs/noDefaultImage_stock_500.gif,17/12/24
Otros,WHISKY 900ML MASTER GOLD ,Gs   29.600,https://www.stock.com.py/images/thumbs/0211830_500.png,17/12/24
Otros,WHISKY CHANCELER GOLDEN LABEL BOTELLA 1LT,Gs   33.000,https://www.stock.com.py/images/thumbs/0185547_500.jpeg,17/12/24
Otros,WHISKY GOLD 1LT BLACK STONE BOT,Gs   41.650,https://www.stock.com.py/images/thumbs/0176368_500.jpeg,17/12/24
Otros,WHISKY CLAN MAC GREGOR BOTELLA 1 L,Gs   51.500,https://www.stock.com.py/images/thumbs/0165239_500.png,17/12/24
Papelería/Sobres,RESMA REPORT OFICIO UNIDAD,Gs   43.250,https://www.stock.com.py/images/thumbs/0208070_500.jpeg,17/12/24
Papelería/Sobres,INFORME RESMA A4 UNIDAD,Gs   37.750,https://www.stock.com.py/images/thumbs/0208069_500.jpeg,17/12/24
Papelería/Sobres,HOJAS CAMBIABLES OFICIO CUADRICULADO X 50 ALAMO           x 10,Gs   12.050,https://www.stock.com.py/images/thumbs/0206039_500.jpeg,17/12/24
Papelería/Sobres,SUPER CELOFAN P/ASADOS ROLLO 45CM X 4 M,Gs   12.200,https://www.stock.com.py/images/thumbs/0202795_500.jpeg,17/12/24
Papelería/Sobres,CARTULINA OSCURA A4 X 10 HOJAS ALAMO,Gs   7.600,https://www.stock.com.py/images/thumbs/0192028_500.jpeg,17/12/24
Papelería/Sobres,HOJA P/DIBUJO 25 HOJAS N2 BORDES NO MILIMETRADOS ALAMO,Gs   10.150,https://www.stock.com.py/images/thumbs/0192018_500.jpeg,17/12/24
Papelería/Sobres,PALITOS GOMA EVA TORRE EST 1UN,Gs   11.350,https://www.stock.com.py/images/thumbs/0184355_500.jpeg,17/12/24
Papelería/Sobres,NUMEROS DE GOMA EVA ADHESIVOS TORRE,Gs   13.450,https://www.stock.com.py/images/thumbs/0184341_500.jpeg,17/12/24
Papelería/Sobres,HOJAS CAMBIABLES X50UN 2 RAYAS OFICIO ALAMO BLIS,Gs   10.800,https://www.stock.com.py/images/thumbs/0184138_500.jpeg,17/12/24
Papelería/Sobres,CARTULINA DE HILO ROSA DUSON PAQ 25 UN ,Gs   26.850,https://www.stock.com.py/images/thumbs/0183977_500.jpeg,17/12/24
Papelería/Sobres,CARTON CORRUGADO VRIOS COL 50X70CM ALAMO BLI,Gs   7.850,https://www.stock.com.py/images/thumbs/0183893_500.jpeg,17/12/24
Papelería/Sobres,HOJA D/DIBUJO N2 25UN ALAMO BLIS,Gs   10.150,https://www.stock.com.py/images/thumbs/0166422_500.jpeg,17/12/24
Papelería/Sobres,CARTULINA OFICIO COLOR SURTIDO 10UN DUSON BLIS,Gs   10.950,https://www.stock.com.py/images/thumbs/0166375_500.jpeg,17/12/24
Papelería/Sobres,CARTULINA CLARA 44X63CM ALAMO BLI,Gs   3.650,https://www.stock.com.py/images/thumbs/0166374_500.jpeg,17/12/24
Papelería/Sobres,CARTULINA BLANCA 44X63CM ALAMO BLI,Gs   3.200,https://www.stock.com.py/images/thumbs/0166372_500.jpeg,17/12/24
Papelería/Sobres,GOMA EVA TOHALLADA 40X50 CM ALAMO BLIS,Gs   10.300,https://www.stock.com.py/images/thumbs/0166367_500.jpeg,17/12/24
Papelería/Sobres,LAPIZ PAPEL BIC EVOL CON GOM.BL,Gs   7.100,https://www.stock.com.py/images/thumbs/0166348_500.png,17/12/24
Papelería/Sobres,LAPIZ DE PAPEL 1 UN,Gs   6.300,https://www.stock.com.py/images/thumbs/0166333_500.png,17/12/24
Papelería/Sobres,BLISTER HOJA CAMBIABLE,Gs   13.250,https://www.stock.com.py/images/thumbs/0166331_500.png,17/12/24
Papelería/Sobres,HOJAS REPUESTO DUSON UNIVERSITARIO 50HS3 AGUJEROS,Gs   10.300,https://www.stock.com.py/images/thumbs/0151537_500.jpeg,17/12/24
Papelería/Sobres,BLISTER HOJA CAMBIABLE CUADRICULADA DUSON,Gs   13.250,https://www.stock.com.py/images/thumbs/0151528_500.jpeg,17/12/24
Papelería/Sobres,MULTI PAPEL DUSON COLOR X25UNI,Gs   20.700,https://www.stock.com.py/images/thumbs/0151492_500.jpeg,17/12/24
Papelería/Sobres,HOJAS DOBLE OFICIO CUADRICULAD,Gs   21.650,https://www.stock.com.py/images/thumbs/0151429_500.jpeg,17/12/24
Papelería/Sobres,HOJA CAMBIABLE OFICIO 1 RAYA 50UN ALAMO BLIS,Gs   11.350,https://www.stock.com.py/images/thumbs/0115317_500.jpeg,17/12/24
Papelería/Sobres,CARTULINA DE HILO BLANCO DUSON PAQ 25 UN ,Gs   22.300,https://www.stock.com.py/images/thumbs/noDefaultImage_stock_500.gif,17/12/24
Papelería/Sobres,SEÑALADORES AUTOADHESIVOS VAR COL 5UN H TONE BLIS,Gs   7.000,https://www.stock.com.py/images/thumbs/noDefaultImage_stock_500.gif,17/12/24
Papelería/Sobres,GOMA ADHESIVA DIS FLOR MERLETTO 4639383,Gs   8.500,https://www.stock.com.py/images/thumbs/noDefaultImage_stock_500.gif,17/12/24
Papelería/Sobres,GOMA ADHESIVA DIS ESTRE MERLETTO 4639381,Gs   8.900,https://www.stock.com.py/images/thumbs/noDefaultImage_stock_500.gif,17/12/24
Adhesivos Varios,ADHESIVO PARA CALZADO 9GR ECCOLE BLIS ,Gs   34.800,https://www.stock.com.py/images/thumbs/0190770_500.jpeg,17/12/24
Adhesivos Varios,ADHESIVO INSTANTÁNEO LA GOTITA 2 ML,Gs   14.400,https://www.stock.com.py/images/thumbs/0186240_500.jpeg,17/12/24
Adhesivos Varios,CINTA ANTIDESLIZANTE P/PISO NEGRO AMARILLO 48MM X 5M POLO BLIS,Gs   44.400,https://www.stock.com.py/images/thumbs/0185198_500.jpeg,17/12/24
Adhesivos Varios,SILICONA AER X 400 CC JIMO,Gs   47.000,https://www.stock.com.py/images/thumbs/0155288_500.jpeg,17/12/24
Adhesivos Varios,CINTA AISLADORA 1 UN,Gs   11.300,https://www.stock.com.py/images/thumbs/0151751_500.jpeg,17/12/24
Adhesivos Varios,CINTA AISLADORA 1 UN 5 MTS,Gs   7.100,https://www.stock.com.py/images/thumbs/0151749_500.jpeg,17/12/24
Adhesivos Varios,ADHESIVO INSTANTANEO LA GOTITA GEL 3GR BLI ,Gs   17.100,https://www.stock.com.py/images/thumbs/0142904_500.jpeg,17/12/24
Adhesivos Varios,PEGAMENTO POXILINA BLIS 38 ML,Gs   36.300,https://www.stock.com.py/images/thumbs/0142903_500.jpeg,17/12/24
Adhesivos Varios,PEGAMENTO POXIPOL TRANSPARENTE BLIS 14 ML,Gs   36.300,https://www.stock.com.py/images/thumbs/0142902_500.jpeg,17/12/24
Adhesivos Varios,CINTA DOBLE FAZ 127MMX228M SCOTCH CAJA,Gs   19.200,https://www.stock.com.py/images/thumbs/noDefaultImage_stock_500.gif,17/12/24
Adhesivos Varios,CINTA RACING 48MMX5M BLANCO POLOS BLIS ,Gs   15.900,https://www.stock.com.py/images/thumbs/noDefaultImage_stock_500.gif,17/12/24
Talcos,REXONA EFFICIENT TALCO PARA PIES 100 GR,Gs   13.300,https://www.stock.com.py/images/thumbs/0203510_500.jpeg,17/12/24
Talcos,REXONA EFFICIENT FRESH DESODORANTE PARA PIES EN AEROSOL 153 ML,Gs   28.300,https://www.stock.com.py/images/thumbs/0199812_500.jpeg,17/12/24
Talcos,TALCO SEDIZADO CAPRICE TOTAL FRESH 125GR,Gs   11.550,https://www.stock.com.py/images/thumbs/0198987_500.jpeg,17/12/24
Talcos,TALCO PÉDICO DESODORANTE HOMBRE TOTAL FRESH 125GR,Gs   12.100,https://www.stock.com.py/images/thumbs/0198977_500.jpeg,17/12/24
Talcos,TALCO SEDIZADO BOUQUET TOTAL FRESH 125GR,Gs   11.550,https://www.stock.com.py/images/thumbs/0198967_500.jpeg,17/12/24
Talcos,TALCO SEDIZADO SPORTIF TOTAL FRESH 125GR,Gs   11.550,https://www.stock.com.py/images/thumbs/0198966_500.jpeg,17/12/24
Talcos,POLVO DE FECULA PARA NIÑOS JUNIOR'S POLYANA 125GR,Gs   12.100,https://www.stock.com.py/images/thumbs/0198777_500.jpeg,17/12/24
Talcos,TALCO PEDICO TOTAL FRESH MENTOLADO POLYANA 125GR,Gs   12.100,https://www.stock.com.py/images/thumbs/0198776_500.jpeg,17/12/24
Talcos,DESODORANTE FUNGIC P/PIES ZAPAT BIS 150CC,Gs   24.000,https://www.stock.com.py/images/thumbs/0196857_500.jpeg,17/12/24
Talcos,POLVO PEDICO DERMAFAR NF 100GR,Gs   20.850,https://www.stock.com.py/images/thumbs/0188485_500.jpeg,17/12/24
Talcos,DESODORANTE SACK POLVO PARA PIE 80 GR,Gs   11.900,https://www.stock.com.py/images/thumbs/0186118_500.jpeg,17/12/24
Talcos,DESODORANTE CAROLINE PEDICO POLV.80 GR,Gs   11.500,https://www.stock.com.py/images/thumbs/0186117_500.jpeg,17/12/24
Talcos,TALCO PERFUMADO CORPORAL CAROLINE,Gs   12.900,https://www.stock.com.py/images/thumbs/0186116_500.jpeg,17/12/24
Talcos,TALCO PERFUMADO CORPORAL CAROLINE,Gs   12.900,https://www.stock.com.py/images/thumbs/0186115_500.jpeg,17/12/24
Talcos,TALCO PERFUMADO CORPORAL CAROLINE,Gs   12.900,https://www.stock.com.py/images/thumbs/0186114_500.jpeg,17/12/24
Talcos,DESODORANTE PEDICO AEROSOL SACK 150ml,Gs   23.600,https://www.stock.com.py/images/thumbs/0186112_500.jpeg,17/12/24
Talcos,DESODORANT ANTITRANSPIRANTE PARA PIES 153ML ALGABO,Gs   26.000,https://www.stock.com.py/images/thumbs/0184749_500.jpeg,17/12/24
Talcos,TALCO ALGABO FRASCO 250 ML FLORAL,Gs   12.500,https://www.stock.com.py/images/thumbs/0184738_500.jpeg,17/12/24
Talcos,TALCO PEDICO SALICILATO 100GR DR WELLS FCO,Gs   10.550,https://www.stock.com.py/images/thumbs/0173365_500.jpeg,17/12/24
Talcos,TALCO PEDICO 100GR DR. WELLS FCO,Gs   10.550,https://www.stock.com.py/images/thumbs/0173362_500.jpeg,17/12/24
Talcos,TALCO PEDICO LADY 80GR DR. WELLS,Gs   10.550,https://www.stock.com.py/images/thumbs/0173361_500.jpeg,17/12/24
Talcos,TALCO PEDICO DR WELLS MENTA 80GR,Gs   10.550,https://www.stock.com.py/images/thumbs/0173360_500.jpeg,17/12/24
Talcos,TALCO ALGABO FTALCO ALGABO FRASCO 250 GR AMBRACO 250 GR,Gs   12.500,https://www.stock.com.py/images/thumbs/0159079_500.jpeg,17/12/24
Talcos,TALCO XANAPIE MAXIMA PROTEC 105GR,Gs   16.100,https://www.stock.com.py/images/thumbs/0142829_500.jpeg,17/12/24
Talcos,TALCO XANAPIE PEDICO SPECIAL 105GR,Gs   14.300,https://www.stock.com.py/images/thumbs/0142828_500.jpeg,17/12/24
Talcos,TALCO XANAPIE PEDICO NORMAL,Gs   10.750,https://www.stock.com.py/images/thumbs/0142825_500.jpeg,17/12/24
Talcos,COLONIA ALGABO FRASCO 500 ML TIPO,Gs   28.500,https://www.stock.com.py/images/thumbs/0112997_500.jpeg,17/12/24
Semi-Blandos/Sandwich,MOLHO SABOR QUESO CHEDDAR POLENGHI 220GR,Gs   25.050,https://www.stock.com.py/images/thumbs/0211516_500.jpeg,17/12/24
Semi-Blandos/Sandwich,QUESO ZERO LACTOSA PRATTO PARA SANDWICH POLENGHI 144GR,Gs   22.900,https://www.stock.com.py/images/thumbs/0211515_500.jpeg,17/12/24
Semi-Blandos/Sandwich,QUESO CREAM CHEESE LIGHT ZERO LACTOSA POLENGHI 150GR,Gs   38.050,https://www.stock.com.py/images/thumbs/0211514_500.jpeg,17/12/24
Semi-Blandos/Sandwich,QUESO LIGHT POLENGUINHO 68GR,Gs   10.900,https://www.stock.com.py/images/thumbs/0211512_500.jpeg,17/12/24
Semi-Blandos/Sandwich,QUESO POLENGUINHO 68GR C/4 UN POLENGHI,Gs   11.800,https://www.stock.com.py/images/thumbs/0211511_500.jpeg,17/12/24
Semi-Blandos/Sandwich,QUESO NATURAL POLENGUINHO 136GR,Gs   19.200,https://www.stock.com.py/images/thumbs/0211510_500.jpeg,17/12/24
Semi-Blandos/Sandwich,QUESO LIGHT POLENGUINHO 136GR,Gs   18.950,https://www.stock.com.py/images/thumbs/0211509_500.jpeg,17/12/24
Semi-Blandos/Sandwich,QUESO CHEDDAR PARA SANDWICH POLENGHI 144GR,Gs   18.150,https://www.stock.com.py/images/thumbs/0211507_500.jpeg,17/12/24
Semi-Blandos/Sandwich,QUESO REQUESON CHEDDAR POLENGHI 200GR,Gs   18.700,https://www.stock.com.py/images/thumbs/0211506_500.jpeg,17/12/24
Semi-Blandos/Sandwich,QUESO GOUDA ILOLAY LIGHT 200 GR,Gs   27.650,https://www.stock.com.py/images/thumbs/0211465_500.jpeg,17/12/24
Semi-Blandos/Sandwich,QUESO MOZZARELLA ILOLAY LIGHT 200 GR,Gs   27.800,https://www.stock.com.py/images/thumbs/0211462_500.jpeg,17/12/24
Semi-Blandos/Sandwich,QUESO TYBO ILOLAY 200 GR,Gs   25.950,https://www.stock.com.py/images/thumbs/0211461_500.jpeg,17/12/24
Semi-Blandos/Sandwich,QUESO MOZZARELLA ILOLAY 200 GR,Gs   25.950,https://www.stock.com.py/images/thumbs/0211458_500.jpeg,17/12/24
Semi-Blandos/Sandwich,QUESO MOZZARELLA LA PRADERA 500 GR,Gs   45.900,https://www.stock.com.py/images/thumbs/0208332_500.jpeg,17/12/24
Semi-Blandos/Sandwich,QUESO SANDWICH LA PRADERA 500 GR,Gs   45.500,https://www.stock.com.py/images/thumbs/0208331_500.jpeg,17/12/24
Semi-Blandos/Sandwich,QUESO CHEDDAR TONADITA 10 FETAS,Gs   17.500,https://www.stock.com.py/images/thumbs/0207639_500.jpeg,17/12/24
Semi-Blandos/Sandwich,QUESO CHEDDAR SCHREIBER MELT 400 GR,Gs   26.100,https://www.stock.com.py/images/thumbs/0207431_500.jpeg,17/12/24
Semi-Blandos/Sandwich,QUESO CREMOSO LIGHT TREBOL KASE 200GR,Gs   12.050,https://www.stock.com.py/images/thumbs/0206304_500.jpeg,17/12/24
Semi-Blandos/Sandwich,SANDUBOM QUESO CHEDDAR 8 FETAS EMBALADAS INDIVIDUALMENTE 120 GR,Gs   14.100,https://www.stock.com.py/images/thumbs/0202124_500.png,17/12/24
Semi-Blandos/Sandwich,QUESO MUZARELLA LACTOLANDA KG,Gs   66.450,https://www.stock.com.py/images/thumbs/0201720_500.jpeg,17/12/24
Semi-Blandos/Sandwich,QUESO DAMBO LACTOLANDA 1 KG,Gs   66.450,https://www.stock.com.py/images/thumbs/0201719_500.jpeg,17/12/24
Semi-Blandos/Sandwich,ILOLAY QUESO RALLADO 115 GR,Gs   25.600,https://www.stock.com.py/images/thumbs/0199773_500.jpeg,17/12/24
Semi-Blandos/Sandwich,QUESO CHEDDAR UNTABLE CONAPROLE 230GR,Gs   21.700,https://www.stock.com.py/images/thumbs/0198932_500.jpeg,17/12/24
Semi-Blandos/Sandwich,QUESO RALLADO REGGIANITO LA SERENISIMA 40GR,Gs   8.600,https://www.stock.com.py/images/thumbs/0198783_500.jpeg,17/12/24
Semi-Blandos/Sandwich,QUESO SANDWICH LA FORTUNA xKG,Gs   66.800,https://www.stock.com.py/images/thumbs/0197714_500.jpeg,17/12/24
Semi-Blandos/Sandwich,QUESO RALLADO 40 GR BON GUSTO,Gs   4.650,https://www.stock.com.py/images/thumbs/0196998_500.jpeg,17/12/24
Semi-Blandos/Sandwich,QUESO RALLADO SERENISIMA 120 GR,Gs   25.600,https://www.stock.com.py/images/thumbs/0196688_500.jpeg,17/12/24
Semi-Blandos/Sandwich,QUESO CREMOSO CULINARIO LACTOLANDA 250GR,Gs   17.350,https://www.stock.com.py/images/thumbs/0194941_500.jpeg,17/12/24
Adhesivos Varios,ADHESIVO PARA CALZADO 9GR ECCOLE BLIS ,Gs   34.800,https://www.stock.com.py/images/thumbs/0190770_500.jpeg,17/12/24
Adhesivos Varios,ADHESIVO INSTANTÁNEO LA GOTITA 2 ML,Gs   14.400,https://www.stock.com.py/images/thumbs/0186240_500.jpeg,17/12/24
Adhesivos Varios,CINTA ANTIDESLIZANTE P/PISO NEGRO AMARILLO 48MM X 5M POLO BLIS,Gs   44.400,https://www.stock.com.py/images/thumbs/0185198_500.jpeg,17/12/24
Adhesivos Varios,SILICONA AER X 400 CC JIMO,Gs   47.000,https://www.stock.com.py/images/thumbs/0155288_500.jpeg,17/12/24
Adhesivos Varios,CINTA AISLADORA 1 UN,Gs   11.300,https://www.stock.com.py/images/thumbs/0151751_500.jpeg,17/12/24
Adhesivos Varios,CINTA AISLADORA 1 UN 5 MTS,Gs   7.100,https://www.stock.com.py/images/thumbs/0151749_500.jpeg,17/12/24
Adhesivos Varios,ADHESIVO INSTANTANEO LA GOTITA GEL 3GR BLI ,Gs   17.100,https://www.stock.com.py/images/thumbs/0142904_500.jpeg,17/12/24
Adhesivos Varios,PEGAMENTO POXILINA BLIS 38 ML,Gs   36.300,https://www.stock.com.py/images/thumbs/0142903_500.jpeg,17/12/24
Adhesivos Varios,PEGAMENTO POXIPOL TRANSPARENTE BLIS 14 ML,Gs   36.300,https://www.stock.com.py/images/thumbs/0142902_500.jpeg,17/12/24
Adhesivos Varios,CINTA DOBLE FAZ 127MMX228M SCOTCH CAJA,Gs   19.200,https://www.stock.com.py/images/thumbs/noDefaultImage_stock_500.gif,17/12/24
Adhesivos Varios,CINTA RACING 48MMX5M BLANCO POLOS BLIS ,Gs   15.900,https://www.stock.com.py/images/thumbs/noDefaultImage_stock_500.gif,17/12/24
Lavado/Planchado,PINZA PARA ROPAS SUPERUTIL 2,Gs   18.000,https://www.stock.com.py/images/thumbs/0212766_500.jpeg,17/12/24
Lavado/Planchado,PALANGANA JAGUAR MINI 1 1/2 LITROS,Gs   3.900,https://www.stock.com.py/images/thumbs/0211561_500.jpeg,17/12/24
Lavado/Planchado,JABONERA JAGUAR,Gs   3.400,https://www.stock.com.py/images/thumbs/0209579_500.jpeg,17/12/24
Lavado/Planchado,JABONERA S/TAPA JAGUAR REF 1795,Gs   2.500,https://www.stock.com.py/images/thumbs/0209577_500.png,17/12/24
Lavado/Planchado,PINZA PARA ROPA DE MADERA GINA 12UN,Gs   8.500,https://www.stock.com.py/images/thumbs/0201226_500.jpeg,17/12/24
Lavado/Planchado,GINA PINZA PARA ROPA DE PLASTICO 12 UNIDADES,Gs   10.700,https://www.stock.com.py/images/thumbs/0200720_500.jpeg,17/12/24
Lavado/Planchado,ECO PINZAS GIGANTE MAD P/ROP THEOTO 12UN,Gs   8.100,https://www.stock.com.py/images/thumbs/0193363_500.jpeg,17/12/24
Lavado/Planchado,THEOTO ECO PINZAS DE MADERA PARA ROPA 12 UNIDADES,Gs   5.500,https://www.stock.com.py/images/thumbs/0193362_500.jpeg,17/12/24
Lavado/Planchado,THEOTO ECO PINZAS PARA ROPA 12 UNIDADES,Gs   8.500,https://www.stock.com.py/images/thumbs/0193361_500.jpeg,17/12/24
Lavado/Planchado,CUERDA PARA TENDER RO 15 MT,Gs   9.000,https://www.stock.com.py/images/thumbs/0183018_500.jpeg,17/12/24
Lavado/Planchado,SET DE CUERDA 15 M C/PINZA PLAST 24 PZ BROETTO BLIS,Gs   37.950,https://www.stock.com.py/images/thumbs/0182893_500.jpeg,17/12/24
Lavado/Planchado,SET DE CUERDA 15 M C/PINZA MADERA 24 PZ BROETTO BLIS,Gs   30.000,https://www.stock.com.py/images/thumbs/0182892_500.jpeg,17/12/24
Lavado/Planchado,SET DE CUERDAS SUPERUTIL 1 UN,Gs   25.800,https://www.stock.com.py/images/thumbs/0182891_500.jpeg,17/12/24
Lavado/Planchado,"Palangana SAN REMO 2,7lt. OBA 601/7E",Gs   10.600,https://www.stock.com.py/images/thumbs/0156000_500.jpeg,17/12/24
Lavado/Planchado,CUERDA PARA ROPA 4X15MTS,Gs   20.100,https://www.stock.com.py/images/thumbs/0151867_500.jpeg,17/12/24
Lavado/Planchado,CUERDA SUPERUTIL BLISTER 1 UN,Gs   12.500,https://www.stock.com.py/images/thumbs/0151848_500.jpeg,17/12/24
Lavado/Planchado,PINZAS P/ROPA 24 PZS SAN REMO REF SR900,Gs   10.350,https://www.stock.com.py/images/thumbs/noDefaultImage_stock_500.gif,17/12/24
Lavado/Planchado,TENDEDERO P/ROPA D/TECHO 1.40x0.56 MOR REF 6008,Gs   78.250,https://www.stock.com.py/images/thumbs/noDefaultImage_stock_500.gif,17/12/24
Lavado/Planchado,GANCHO EXTRA GRAND 1PZA COMMAND BLI 17004SP,Gs   21.300,https://www.stock.com.py/images/thumbs/noDefaultImage_stock_500.gif,17/12/24
Lavado/Planchado,PINZA PARA ROPA PLASTICO C/ GOMA 12 UN PARANA BLIS,Gs   19.600,https://www.stock.com.py/images/thumbs/noDefaultImage_stock_500.gif,17/12/24
Lavado/Planchado,TENDEDERO P/PARED  1M   MOR REF 006022,Gs   99.000,https://www.stock.com.py/images/thumbs/noDefaultImage_stock_500.gif,17/12/24
Lavado/Planchado,PALANGANA JAGUAR 15 L TRANSLUC,Gs   19.300,https://www.stock.com.py/images/thumbs/noDefaultImage_stock_500.gif,17/12/24
Lavado/Planchado,PERCHERO MULTIFUNCIONAL TODO X 8000 REF CH9,Gs   5.000,https://www.stock.com.py/images/thumbs/noDefaultImage_stock_500.gif,17/12/24
Lavado/Planchado,PINZAS D/MADERA DAYO REF.2472,Gs   6.500,https://www.stock.com.py/images/thumbs/noDefaultImage_stock_500.gif,17/12/24
Lavandinas,LAVANDINA EN GEL CITRICA AYUDIN 500ML,Gs   16.950,https://www.stock.com.py/images/thumbs/0207972_500.jpeg,17/12/24
Lavandinas,LAVANDINA FRAG PUREZA GLACIAR AYUDIN 2L,Gs   16.650,https://www.stock.com.py/images/thumbs/0203081_500.jpeg,17/12/24
Lavandinas,LAVANDINA MULTISUPERFICIES LAVANDA 2 L A,Gs   16.650,https://www.stock.com.py/images/thumbs/0203080_500.jpeg,17/12/24
Lavandinas,LAVANDINA LAVANDA AYUDIN TRIPLE PODER 1L,Gs   8.900,https://www.stock.com.py/images/thumbs/0203079_500.jpeg,17/12/24
Lavandinas,LAVANDINA P/ROPA BLANCA BASE BASE 2LTS.,Gs   22.900,https://www.stock.com.py/images/thumbs/0202260_500.jpeg,17/12/24
Lavandinas,AYUDIN CLASICA AGUA LAVANDINA COMUN 1 LITRO,Gs   7.500,https://www.stock.com.py/images/thumbs/0199862_500.jpeg,17/12/24
Lavandinas,LAVANDINA AL 2.5% LAVA 1000 500CC,Gs   3.850,https://www.stock.com.py/images/thumbs/0192344_500.jpeg,17/12/24
Lavandinas,LAVANDINA 4% LAVA 1000 500CC,Gs   3.200,https://www.stock.com.py/images/thumbs/0192339_500.jpeg,17/12/24
Lavandinas,LAVANDINA 4% LAVA 1000 DE 1000CC,Gs   5.300,https://www.stock.com.py/images/thumbs/0192338_500.jpeg,17/12/24
Lavandinas,LAVANDINA ANTI-SPALSH AYUDIN 2LT,Gs   18.600,https://www.stock.com.py/images/thumbs/0187164_500.jpeg,17/12/24
Lavandinas,LAVANDINA ANTI-SPLASH AYUDIN 1LT,Gs   10.100,https://www.stock.com.py/images/thumbs/0187163_500.jpeg,17/12/24
Lavandinas,LAVANDINA PUREZA GLACIAR TRIPLE PODER AYUDIN 1L,Gs   8.900,https://www.stock.com.py/images/thumbs/0186953_500.jpeg,17/12/24
Lavandinas,LAVANDINA P/ROPA BLANCA BASE BASE 500ML PET ,Gs   6.950,https://www.stock.com.py/images/thumbs/0176709_500.jpeg,17/12/24
Lavandinas,LAVANDINA BASE BASE FURIA SACHET 250C.C,Gs   1.050,https://www.stock.com.py/images/thumbs/0166643_500.png,17/12/24
Lavandinas,LAVANDINA BASE BASE LAVA-PINO TR. ACCION DE 1 LITRO,Gs   10.750,https://www.stock.com.py/images/thumbs/0166632_500.png,17/12/24
Lavandinas,"LAVANDINA BASE BASE 2,5% 500 CC",Gs   3.350,https://www.stock.com.py/images/thumbs/0166631_500.png,17/12/24
Lavandinas,LAVANDINA P/ROPA BLANCA BASE BASE 1LT PET,Gs   12.100,https://www.stock.com.py/images/thumbs/0166622_500.png,17/12/24
Lavandinas,LAVANDINA BASE BASE SACHET 250 CC,Gs   1.200,https://www.stock.com.py/images/thumbs/0166611_500.png,17/12/24
Lavandinas,LAVANDINA BASE BASE 4% DE 500 CC,Gs   3.700,https://www.stock.com.py/images/thumbs/0166605_500.png,17/12/24
Lavandinas,LAVANDINA BASE BASE 6% DE 1 LITRO,Gs   8.250,https://www.stock.com.py/images/thumbs/0166604_500.png,17/12/24
Lavandinas,LAVANDINA LAVA 1000 2LT,Gs   8.250,https://www.stock.com.py/images/thumbs/0152377_500.jpeg,17/12/24
Lavandinas,LAVANDINA LAVA 1000 500ML,Gs   2.900,https://www.stock.com.py/images/thumbs/0152374_500.jpeg,17/12/24
Lavandinas,"LAVANDINA BASE BASE 2,5% DE 2 LITROS",Gs   10.400,https://www.stock.com.py/images/thumbs/0150832_500.jpeg,17/12/24
Lavandinas,"LAVANDINA BASE BASE LAVANDINA 2,5% DE 1 LITRO",Gs   5.400,https://www.stock.com.py/images/thumbs/0150774_500.jpeg,17/12/24
Lavandinas,LAVANDINA BASE BASE 4% DE 1 LITRO,Gs   6.300,https://www.stock.com.py/images/thumbs/0150748_500.jpeg,17/12/24
Lavandinas,LAVANDINA BASE BASE 6% DE 5 LITROS,Gs   34.800,https://www.stock.com.py/images/thumbs/0150747_500.jpeg,17/12/24
Lavandinas,LAVANDINA BASE BASE 6% DE 500 CC,Gs   4.650,https://www.stock.com.py/images/thumbs/0150745_500.jpeg,17/12/24
Coquito/Palito/Rosq.,COQUITIN A LA MANTECA X KG PL,Gs   17.850,https://www.stock.com.py/images/thumbs/0212752_500.jpeg,17/12/24
Coquito/Palito/Rosq.,COQUITON INTREGAL A LA MANTECA XKG PL,Gs   17.850,https://www.stock.com.py/images/thumbs/0212745_500.jpeg,17/12/24
Coquito/Palito/Rosq.,COQUITON BLANCO A LA MANTECA XKG PL,Gs   17.850,https://www.stock.com.py/images/thumbs/0212744_500.jpeg,17/12/24
Coquito/Palito/Rosq.,COQUITOS A LA MANTECA X KG PL,Gs   17.850,https://www.stock.com.py/images/thumbs/0208348_500.jpeg,17/12/24
Coquito/Palito/Rosq.,SECOS CON QUESO STOCK X KG,Gs   23.500,https://www.stock.com.py/images/thumbs/0159451_500.jpeg,17/12/24
Coquito/Palito/Rosq.,PALITO C/ALBAHACA  XKG S/E,Gs   26.200,https://www.stock.com.py/images/thumbs/0158990_500.jpeg,17/12/24
Coquito/Palito/Rosq.,GRISSINES X KG,Gs   22.900,https://www.stock.com.py/images/thumbs/0158974_500.jpeg,17/12/24
Coquito/Palito/Rosq.,GRISSINES S6 X PQ PL,Gs   19.050,https://www.stock.com.py/images/thumbs/noDefaultImage_stock_500.gif,17/12/24
Coquito/Palito/Rosq.,COQUITOS INTEGRAL X KG PL,Gs   17.850,https://www.stock.com.py/images/thumbs/noDefaultImage_stock_500.gif,17/12/24
De Frutos,ZAPALLITO ITALIANO EN BANDEJA 1 KG,Gs   5.550,https://www.stock.com.py/images/thumbs/0208445_500.jpeg,17/12/24
De Frutos,TOMATES CHERRY BOMBS DON BERNARDINO 300GR POT,Gs   23.450,https://www.stock.com.py/images/thumbs/0207176_500.jpeg,17/12/24
De Frutos,LOCOTE ROJO IMPORTADO 1KG,Gs   23.300,https://www.stock.com.py/images/thumbs/0185564_500.jpeg,17/12/24
De Frutos,TOMATE SANTA CRUZ POR KILO,Gs   7.650,https://www.stock.com.py/images/thumbs/0167505_500.jpeg,17/12/24
De Frutos,ZAPALLITO DE TRONCO X KG,Gs   9.950,https://www.stock.com.py/images/thumbs/0167434_500.jpeg,17/12/24
De Frutos,CALABACITA 1 KG BRAZIL,Gs   10.650,https://www.stock.com.py/images/thumbs/0167432_500.jpeg,17/12/24
De Frutos,BERENJENA X KG,Gs   6.100,https://www.stock.com.py/images/thumbs/0167431_500.jpeg,17/12/24
De Frutos,ZAPALLITO 1 KG ITALIANO,Gs   4.550,https://www.stock.com.py/images/thumbs/0167427_500.jpeg,17/12/24
De Frutos,LOCOTE VERDE EXTRA EN BANDEJA,Gs   9.050,https://www.stock.com.py/images/thumbs/0167425_500.jpeg,17/12/24
De Frutos,LOCOTE 1 KG AMARILLO,Gs   30.400,https://www.stock.com.py/images/thumbs/0167423_500.jpeg,17/12/24
De Frutos,LOCOTE VERDE POR KILO,Gs   7.900,https://www.stock.com.py/images/thumbs/0167421_500.jpeg,17/12/24
De Frutos,TOMATE LISA 1 KG x 1,Gs   12.650,https://www.stock.com.py/images/thumbs/0167418_500.jpeg,17/12/24
De Frutos,AJI ROJO POR KILO,Gs   30.400,https://www.stock.com.py/images/thumbs/0163162_500.png,17/12/24
De Frutos,AJO A GRANEL,Gs   3.000,https://www.stock.com.py/images/thumbs/0163149_500.png,17/12/24
De Frutos,ZAPALLO BRASILERO POR KILO,Gs   5.050,https://www.stock.com.py/images/thumbs/0157663_500.jpeg,17/12/24
De Frutos,CALABAZA 1 KG,Gs   4.050,https://www.stock.com.py/images/thumbs/0138598_500.jpeg,17/12/24
De Frutos,TOMATE SANTA CRUZ EXTRA EN BANDEJA,Gs   10.050,https://www.stock.com.py/images/thumbs/0138381_500.jpeg,17/12/24
Diet/Bajas Calorias,QUESO CHEDDAR LIGHT PARA SANDWICH POLENGHI 144GR,Gs   19.400,https://www.stock.com.py/images/thumbs/0211508_500.jpeg,17/12/24
Diet/Bajas Calorias,QUESO REQUESON LIGHT POLENGHI 200GR,Gs   21.800,https://www.stock.com.py/images/thumbs/0211502_500.jpeg,17/12/24
Diet/Bajas Calorias,JUGO DE NARANJA BC LA CAMPAGNOLA 200 ML,Gs   3.850,https://www.stock.com.py/images/thumbs/0208233_500.jpeg,17/12/24
Diet/Bajas Calorias,JUGO DE MANZANA BC LA CAMPAGNOLA 200 ML,Gs   3.850,https://www.stock.com.py/images/thumbs/0207309_500.jpeg,17/12/24
Diet/Bajas Calorias,JUGO MULTIFRUTA BC LA CAMPAGNOLA 200 ML,Gs   3.850,https://www.stock.com.py/images/thumbs/0207308_500.jpeg,17/12/24
Diet/Bajas Calorias,HAMBURGUESA LIGHT GUARANI 12 UND,Gs   48.300,https://www.stock.com.py/images/thumbs/0206744_500.jpeg,17/12/24
Diet/Bajas Calorias,HAMBURGUESA LIGHT GUARANI 6 UND,Gs   24.600,https://www.stock.com.py/images/thumbs/0206743_500.jpeg,17/12/24
Diet/Bajas Calorias,EDULCORANTE POLVO HECODULC TRADICIONAL CAJA 100UN,Gs   24.900,https://www.stock.com.py/images/thumbs/0202084_500.jpeg,17/12/24
Diet/Bajas Calorias,EDULCORANTE POLVO HECODULC KAA HEE CAJA 100UN,Gs   38.500,https://www.stock.com.py/images/thumbs/0202082_500.jpeg,17/12/24
Diet/Bajas Calorias,MERMELADA DE CIRUELA LIGHT SABORES DE AREGUA 400G,Gs   14.900,https://www.stock.com.py/images/thumbs/0201729_500.jpeg,17/12/24
Diet/Bajas Calorias,MERMELADA DE DURAZNO LIGHT SABORES DE AREGUA 400G,Gs   14.900,https://www.stock.com.py/images/thumbs/0201728_500.jpeg,17/12/24
Diet/Bajas Calorias,YOGURT DIETETICO TREBOL VAINILLA POTE 350ML,Gs   4.900,https://www.stock.com.py/images/thumbs/0201036_500.png,17/12/24
Diet/Bajas Calorias,YOGURT DIETETICO TREBOL FRUTILLA POTE 350ML,Gs   4.900,https://www.stock.com.py/images/thumbs/0201035_500.png,17/12/24
Diet/Bajas Calorias,YOGURT DIETETICO TREBOL COCO POTE 350ML,Gs   4.900,https://www.stock.com.py/images/thumbs/0201034_500.png,17/12/24
Diet/Bajas Calorias,EDULCORANTE MIX CON STEVIA KADO 250ML,Gs   17.450,https://www.stock.com.py/images/thumbs/0198744_500.jpeg,17/12/24
Diet/Bajas Calorias,EDULCORANTE MIX CON STEVIA KADO 100ML,Gs   10.800,https://www.stock.com.py/images/thumbs/0198743_500.jpeg,17/12/24
Diet/Bajas Calorias,EDULCORANTE CLASICO DULKRE 100 SOBRES,Gs   25.350,https://www.stock.com.py/images/thumbs/0195414_500.jpeg,17/12/24
Diet/Bajas Calorias,EDULCORANTE CLASICO DULKRE 50 SOBRES,Gs   15.100,https://www.stock.com.py/images/thumbs/0195413_500.jpeg,17/12/24
Diet/Bajas Calorias,EDULCORANTE CLASICO DULKRE 500ML,Gs   25.350,https://www.stock.com.py/images/thumbs/0195412_500.jpeg,17/12/24
Diet/Bajas Calorias,EDULCORANTE CLASICO DULKRE 250ML,Gs   15.300,https://www.stock.com.py/images/thumbs/0195411_500.jpeg,17/12/24
Diet/Bajas Calorias,JUGO DE NARANJA DIETETICO 500ML BC CAMPAGNOLA TETRA ,Gs   8.000,https://www.stock.com.py/images/thumbs/0190863_500.jpeg,17/12/24
Diet/Bajas Calorias,JUGO SABOR MANZANA WATT'S LIGHT 1LT,Gs   10.500,https://www.stock.com.py/images/thumbs/0188132_500.jpeg,17/12/24
Diet/Bajas Calorias,JUGO SABOR DURAZNO WATT'S LIGHT 200ML,Gs   4.000,https://www.stock.com.py/images/thumbs/0188131_500.jpeg,17/12/24
Diet/Bajas Calorias,JUGO SABOR DURAZNO WATT'S LIGHT 1LT,Gs   10.500,https://www.stock.com.py/images/thumbs/0188130_500.jpeg,17/12/24
Diet/Bajas Calorias,JUGO SABOR NARANJA WATT'S LIGHT 1LT,Gs   10.500,https://www.stock.com.py/images/thumbs/0188127_500.jpeg,17/12/24
Diet/Bajas Calorias,GELATINA SABOR MANZANA VERDE DIETALAT PARMALAT 180GR,Gs   2.650,https://www.stock.com.py/images/thumbs/0187615_500.jpeg,17/12/24
Diet/Bajas Calorias,LECHE SEMIDESCREMADA LIGHT SACHET SAN LOREN 1LT,Gs   4.850,https://www.stock.com.py/images/thumbs/0187594_500.jpeg,17/12/24
Diet/Bajas Calorias,GELATINA SABOR NARANJA DIETALAT PARMALAT 180GR,Gs   2.650,https://www.stock.com.py/images/thumbs/0187591_500.jpeg,17/12/24
Alcohol,SANITIZANTE LIQ P/MAN ALCOH DAILY 350ML,Gs   16.900,https://www.stock.com.py/images/thumbs/0208982_500.png,17/12/24
Alcohol,SANITIZANTE P/MANOS ALCOHOL 70% GLICERIN,Gs   11.000,https://www.stock.com.py/images/thumbs/0208981_500.png,17/12/24
Alcohol,ALCOHOL RECTIFICADO AL 70PRC 1LT AMITA,Gs   21.550,https://www.stock.com.py/images/thumbs/0184442_500.jpeg,17/12/24
Alcohol,ALCOHOL DESINFECTANTE SPRAY P/MANOS MATHER PARMA 100ML FCO,Gs   6.550,https://www.stock.com.py/images/thumbs/0183767_500.jpeg,17/12/24
Alcohol,ALCOHOL RECTIFICADO AMITA BOTELLA,Gs   20.500,https://www.stock.com.py/images/thumbs/0172854_500.png,17/12/24
Alcohol,ALCOHOL RECTIFICADO AMITA BOTELLA,Gs   11.150,https://www.stock.com.py/images/thumbs/0150107_500.jpeg,17/12/24
Terere/Mate,BOMBILLA ALPACA BLANCA 16CM P1111 GARIBALDI BLIS,Gs   11.300,https://www.stock.com.py/images/thumbs/0211595_500.jpeg,17/12/24
Terere/Mate,SUPERUTIL BOMBILLA INOXIDABLE COLOR VIOL,Gs   16.200,https://www.stock.com.py/images/thumbs/0203224_500.jpeg,17/12/24
Terere/Mate,SUPERUTIL BOMBILLA INOXIDABLE COLOR ROJO,Gs   16.200,https://www.stock.com.py/images/thumbs/0203223_500.jpeg,17/12/24
Terere/Mate,PINNACLE TERMO PARA AGUA FRIA PLUTO 2.5 LITROS,Gs   52.900,https://www.stock.com.py/images/thumbs/0201018_500.jpeg,17/12/24
Terere/Mate,SUPERUTIL BOMBILLA ALPACA TORCIDA PUNTA DORADA,Gs   42.200,https://www.stock.com.py/images/thumbs/0200128_500.jpeg,17/12/24
Terere/Mate,SUPERUTIL BOMBILLA DE ALPACA TORCIDA PUNTA DORADA,Gs   42.000,https://www.stock.com.py/images/thumbs/0200127_500.jpeg,17/12/24
Terere/Mate,SUPERUTIL BOMBILLA DE ALPACA TORCIDA PICO LARGO DORADO,Gs   42.000,https://www.stock.com.py/images/thumbs/0200126_500.jpeg,17/12/24
Terere/Mate,SUPERUTIL BOMBILLA DE ALPACA PICO LARGO DORADO,Gs   42.000,https://www.stock.com.py/images/thumbs/0200125_500.jpeg,17/12/24
Terere/Mate,SUPERUTIL BOMBILLA DE ALPACA TORCIDA,Gs   40.300,https://www.stock.com.py/images/thumbs/0200124_500.jpeg,17/12/24
Terere/Mate,SUPERUTIL BOMBILLA DE ALPACA TORCIDA PICO LARGO,Gs   40.300,https://www.stock.com.py/images/thumbs/0200123_500.jpeg,17/12/24
Terere/Mate,SUPERUTIL BOMBILLA DE ALPACA PICO LARGO,Gs   40.300,https://www.stock.com.py/images/thumbs/0200122_500.jpeg,17/12/24
Terere/Mate,SUPERUTIL GUAMPA DE CUERINA GRANDE PARA MATE,Gs   23.300,https://www.stock.com.py/images/thumbs/0198130_500.jpeg,17/12/24
Terere/Mate,SUPERUTIL GUAMPA DE CUERO REVESTIDO PARA TERERE,Gs   36.000,https://www.stock.com.py/images/thumbs/0198126_500.jpeg,17/12/24
Terere/Mate,SUPERUTIL GUAMPA DE CUERO CON RELIEVE PARA TERERE,Gs   40.000,https://www.stock.com.py/images/thumbs/0198125_500.jpeg,17/12/24
Terere/Mate,SUPERUTIL GUAMPA DE CUERINA PARA TERERE,Gs   23.300,https://www.stock.com.py/images/thumbs/0198124_500.jpeg,17/12/24
Terere/Mate,SUPERUTIL GUAMPINKI DE CUERO ESTAMPADO PARA MATE,Gs   35.900,https://www.stock.com.py/images/thumbs/0198123_500.jpeg,17/12/24
Terere/Mate,SUPERUTIL GUAMPINKI DE CUERO PARA MATE,Gs   32.700,https://www.stock.com.py/images/thumbs/0198122_500.jpeg,17/12/24
Terere/Mate,SUPERUTIL GUAMPA DE CUERO ESTAMPADO CHICO PARA MATE,Gs   36.600,https://www.stock.com.py/images/thumbs/0198120_500.jpeg,17/12/24
Terere/Mate,SUPERUTIL GUAMPA DE CUERO ESTAMPADO PARA MATE,Gs   40.000,https://www.stock.com.py/images/thumbs/0198119_500.jpeg,17/12/24
Terere/Mate,SUPERUTIL GUAMPA DE CUERO REPUJADO PARA TERERE,Gs   36.000,https://www.stock.com.py/images/thumbs/0198118_500.jpeg,17/12/24
Terere/Mate,SUPERUTIL PORONGO DE CUERINA PARA MATE,Gs   23.300,https://www.stock.com.py/images/thumbs/0198117_500.jpeg,17/12/24
Terere/Mate,SUPERUTIL GUAMPINKI DE CUERINA PARA MATE,Gs   19.600,https://www.stock.com.py/images/thumbs/0198116_500.jpeg,17/12/24
Terere/Mate,SUPERUTIL GUAMPA DE CUERINA CHICO PARA MATE,Gs   20.000,https://www.stock.com.py/images/thumbs/0198115_500.jpeg,17/12/24
Terere/Mate,SUPERUTIL BOMBILLA INOXIDABLE COLOR BLANCO,Gs   15.700,https://www.stock.com.py/images/thumbs/0192262_500.jpeg,17/12/24
Terere/Mate,SUPERUTIL BOMBILLA INOXIDABLE COLOR NEGRO,Gs   16.200,https://www.stock.com.py/images/thumbs/0192261_500.jpeg,17/12/24
Terere/Mate,BOMBILLA D/ ACERO INOX. LARGA GOLD RING/ROSCA SUPERUTIL BLIS,Gs   30.400,https://www.stock.com.py/images/thumbs/0192260_500.jpeg,17/12/24
Terere/Mate,TERMO P/AGUA FRIA SOPRANO ATACAMA 2.5L AZUL,Gs   29.900,https://www.stock.com.py/images/thumbs/0183020_500.jpeg,17/12/24
Terere/Mate,BOMBILLA GARIBALDI ALPACA BLANCA 19CM P9000 BLIS,Gs   11.300,https://www.stock.com.py/images/thumbs/0183000_500.jpeg,17/12/24
Colonias,BODY SPLASH CALL ME TEENAGERS 125ml ,Gs   15.900,https://www.stock.com.py/images/thumbs/0201255_500.png,17/12/24
Colonias,BODY SPLASH SWEET ROSE TEENAGERS 125ml,Gs   15.900,https://www.stock.com.py/images/thumbs/0201254_500.png,17/12/24
Colonias,COLONIA CORPORAL RED KISS SWEET CARE 140ML,Gs   50.400,https://www.stock.com.py/images/thumbs/0198550_500.jpeg,17/12/24
Colonias,URBAN CARE 1 EAU DE TOILETTE UNLIMITED MEN 75 ML,Gs   65.950,https://www.stock.com.py/images/thumbs/0190700_500.jpeg,17/12/24
Colonias,COLONIA BLITZ SMART SWEET CARE 75ML,Gs   20.900,https://www.stock.com.py/images/thumbs/0187248_500.jpeg,17/12/24
Colonias,COLONIA BLITZ FUNNY SWEET CARE 75ML,Gs   20.900,https://www.stock.com.py/images/thumbs/0187246_500.jpeg,17/12/24
Colonias,COLONIA BLITZ BEAUTIFUL SWEET CARE 75ML,Gs   20.900,https://www.stock.com.py/images/thumbs/0187244_500.jpeg,17/12/24
Colonias,COLONIA BLITZ AMAZING SWEET CARE 75ML,Gs   20.900,https://www.stock.com.py/images/thumbs/0187243_500.jpeg,17/12/24
Colonias,BODY SPLASH TROPICAL 110ML LOLI CJA,Gs   17.500,https://www.stock.com.py/images/thumbs/0173393_500.jpeg,17/12/24
Colonias,BODY SPLASH TROPICAL 110ML LOLI FCO,Gs   15.900,https://www.stock.com.py/images/thumbs/0173392_500.jpeg,17/12/24
Colonias,BODY SPLASH VAINILLA 110ML LOLI CJA,Gs   17.500,https://www.stock.com.py/images/thumbs/0173391_500.jpeg,17/12/24
Colonias,BODY SPLASH VAINILLA 110ML LOLI FCO,Gs   15.900,https://www.stock.com.py/images/thumbs/0173390_500.jpeg,17/12/24
Colonias,COLONIA BODY SPLASH LOVE 110ML LOLI CJA ,Gs   16.800,https://www.stock.com.py/images/thumbs/0173389_500.jpeg,17/12/24
Colonias,COLONIA BODY SPLASH MERRY 110ML LOLI CJA,Gs   16.800,https://www.stock.com.py/images/thumbs/0173388_500.jpeg,17/12/24
Colonias,COLONIA BODY SPLASH MERRY 110ML LOLI PLA,Gs   15.900,https://www.stock.com.py/images/thumbs/0173375_500.jpeg,17/12/24
Colonias,COLONIA BODY SPLASH LOVE 110ML LOLI PLA,Gs   15.900,https://www.stock.com.py/images/thumbs/0173374_500.jpeg,17/12/24
Colonias,COLONIA AGROFIELD FRESCAPEL COTT 300CC,Gs   25.000,https://www.stock.com.py/images/thumbs/0158320_500.jpeg,17/12/24
Colonias,COLONIA ALGABO BABY SUAVE BRIS,Gs   17.850,https://www.stock.com.py/images/thumbs/0144701_500.jpeg,17/12/24
Colonias,AGUA COLONIA HENO DE PRAVIA EP 500ML,Gs   55.300,https://www.stock.com.py/images/thumbs/0143769_500.jpeg,17/12/24
Colonias,COLONIA HENO DE PRAVIA 140ML,Gs   22.250,https://www.stock.com.py/images/thumbs/0143767_500.jpeg,17/12/24
Mariscos,CAMARON CONG CRUDO GRANDE MARITIMA 500GR BSA,Gs   81.000,https://www.stock.com.py/images/thumbs/0176919_500.png,17/12/24
Mariscos,CAMARON CONG CRUDO CHICO MARITIMA 500GR BSA,Gs   59.700,https://www.stock.com.py/images/thumbs/0176918_500.png,17/12/24
Mariscos,SALMON KETA E/V X KG ,Gs   170.550,https://www.stock.com.py/images/thumbs/0173835_500.jpeg,17/12/24
Mariscos,MEJILLONES OCEANICA CON C,Gs   22.000,https://www.stock.com.py/images/thumbs/0165582_500.jpeg,17/12/24
Mariscos,CAMARON OCEANICA 500 GR 7,Gs   51.000,https://www.stock.com.py/images/thumbs/0165577_500.jpeg,17/12/24
Mariscos,PAELLA OCEANICA 800 GR DE,Gs   65.600,https://www.stock.com.py/images/thumbs/0151661_500.jpeg,17/12/24
Mariscos,COLA DE CAMARON OCEANICA 5,Gs   66.000,https://www.stock.com.py/images/thumbs/0151658_500.jpeg,17/12/24
Pizzas / Salchichas,PIZZA DE MOZZARELLA CONGELADA SADIA 440GR,Gs   41.000,https://www.stock.com.py/images/thumbs/0187740_500.jpeg,17/12/24
Pizzas / Salchichas,"PIZZA CON JAMON, MOZZARELLA Y CHAMPIGNON CONGELADA SADIA 460GR",Gs   34.850,https://www.stock.com.py/images/thumbs/0187739_500.jpeg,17/12/24
Pizzas / Salchichas,PIZZA A LA CALABRESA CONGELADA SADIA 460GR,Gs   34.850,https://www.stock.com.py/images/thumbs/0187738_500.jpeg,17/12/24
Pizzas / Salchichas,PIZZA MIX DE QUESOS CONGELADA SADIA 460GR,Gs   34.850,https://www.stock.com.py/images/thumbs/0187737_500.jpeg,17/12/24
Pizzas / Salchichas,PIZZA CHICA DE PEPERONI EL CUARTITO PIZZA X UN,Gs   22.900,https://www.stock.com.py/images/thumbs/0178062_500.jpeg,17/12/24
Lasagnas Frescas,TAPA PARA LASAGÑA QUIERO MAS 500GR.,Gs   8.950,https://www.stock.com.py/images/thumbs/0208144_500.jpeg,17/12/24
Lasagnas Frescas,TAPAS PARA LASAGÑAS EDWARD 500 GR.,Gs   8.500,https://www.stock.com.py/images/thumbs/0151032_500.jpeg,17/12/24
Premium,WHISKY 12 AÑOS CHIVAS REGAL 1LT,Gs   178.000,https://www.stock.com.py/images/thumbs/0198668_500.jpeg,17/12/24
Premium,WHISKY HONEY AND RAISISNS 750ML GLENFIDDICH 15 AÑOS BOT,Gs   501.000,https://www.stock.com.py/images/thumbs/0180130_500.jpeg,17/12/24
Premium,WHISKY BLACK & WHITE SIN CAJA 1LT,Gs   63.000,https://www.stock.com.py/images/thumbs/0178019_500.jpeg,17/12/24
Premium,WHISKY DOUBLE BLACK 750ML JOHNNIE WALKER BOT C/CAJA,Gs   221.300,https://www.stock.com.py/images/thumbs/0177987_500.jpeg,17/12/24
Premium,WHISKY JACK DANIELS 12 AÑOS 1LT GENTLEMAN JACK BOT,Gs   335.000,https://www.stock.com.py/images/thumbs/0176307_500.jpeg,17/12/24
Premium,WHISKY BALLANTINES FINEST SIN CAJA 1 LITRO,Gs   99.000,https://www.stock.com.py/images/thumbs/0170959_500.jpeg,17/12/24
Premium,WHISKY JACK DANIELS BOTELLA 1 LITRO,Gs   179.000,https://www.stock.com.py/images/thumbs/0157039_500.jpeg,17/12/24
Premium,WHISKY OLD PARR 12 AÑOS CON CAJA 1LT,Gs   222.300,https://www.stock.com.py/images/thumbs/0140634_500.jpeg,17/12/24
Pañales para Adultos,PAÑAL PARA ADULTO LARGE TENA 9UNID,Gs   79.000,https://www.stock.com.py/images/thumbs/0212399_500.jpeg,17/12/24
Pañales para Adultos,TENA SLIP PA?AL INCONTINENCIA SEVERA TAMA?O M 21 UNIDADES,Gs   169.950,https://www.stock.com.py/images/thumbs/0212398_500.jpeg,17/12/24
Pañales para Adultos,PAÑAL PARA ADULTO MEDIUM TENA 9UNID,Gs   79.000,https://www.stock.com.py/images/thumbs/0212397_500.jpeg,17/12/24
Pañales para Adultos,TOALLA FEMENINA MAXI TENA 10UNID,Gs   30.500,https://www.stock.com.py/images/thumbs/0212396_500.jpeg,17/12/24
Pañales para Adultos,TOALLA FEMENINA MEDIUM TENA 10UNID,Gs   20.000,https://www.stock.com.py/images/thumbs/0212395_500.jpeg,17/12/24
Pañales para Adultos,TOALLITA FEMENINA MINI CON ALAS TENA 10UNID,Gs   17.000,https://www.stock.com.py/images/thumbs/0212394_500.jpeg,17/12/24
Pañales para Adultos,PAÑAL DESECHABLE ADULTOS PROTECT TAMAÑO XG PLENITUD 8UNID,Gs   82.500,https://www.stock.com.py/images/thumbs/0206154_500.jpeg,17/12/24
Pañales para Adultos,PAÑAL DESECHABLE ADULTOS PROTECT TAMAÑO G PLENITUD 8UNID,Gs   82.500,https://www.stock.com.py/images/thumbs/0206153_500.jpeg,17/12/24
Pañales para Adultos,PAÑAL P/ADULTO CONFORT G 30UND FIT CARE PAQ,Gs   114.600,https://www.stock.com.py/images/thumbs/0177840_500.jpeg,17/12/24
Pañales para Adultos,PAÑAL P/ADULTO CONFORT M 30UND FIT CARE PAQ,Gs   96.600,https://www.stock.com.py/images/thumbs/0177839_500.jpeg,17/12/24
Pañales para Adultos,PAÑAL P/ADULTO EG 16UN SENSATY PREMIUM PAQ,Gs   98.200,https://www.stock.com.py/images/thumbs/0177838_500.jpeg,17/12/24
Pañales para Adultos,PAÑAL P/ADULTO G 20UN SENSATY PREMIUM PAQ,Gs   82.000,https://www.stock.com.py/images/thumbs/0177837_500.jpeg,17/12/24
Pañales para Adultos,PAÑAL P/ADULTO EG 7UN SENSATY PREMIUM PAQ,Gs   36.300,https://www.stock.com.py/images/thumbs/0177836_500.jpeg,17/12/24
Pañales para Adultos,PAÑAL P/ADULTO G X8UN SENSATY PREMIUM PAQ,Gs   36.300,https://www.stock.com.py/images/thumbs/0177835_500.jpeg,17/12/24
Pañales para Adultos,PAÑAL P/INCONTINENCIA EXTRA GRANDE 10UND BIO PAQ,Gs   39.400,https://www.stock.com.py/images/thumbs/0177800_500.jpeg,17/12/24
Pañales para Adultos,PAÑAL P/INCONTINENCIA EXTRA GRANDE 20UND BIO PAQ,Gs   75.450,https://www.stock.com.py/images/thumbs/0177798_500.jpeg,17/12/24
Pañales para Adultos,PAÑAL P/ADULTO CONFORT M 8UND FIT CARE PAQ,Gs   32.250,https://www.stock.com.py/images/thumbs/0177674_500.jpeg,17/12/24
Tempero,MISTURA TEMPERO SALADA X60GR F,Gs   4.700,https://www.stock.com.py/images/thumbs/0211768_500.png,17/12/24
Tempero,CONDIMENTO ZAELI AJO Y SAL POTE 300GR,Gs   6.650,https://www.stock.com.py/images/thumbs/0211754_500.png,17/12/24
Tempero,CONDIMENTO COMPLETO SIN PIMIENTA ZAELI 300GR,Gs   6.650,https://www.stock.com.py/images/thumbs/0211753_500.png,17/12/24
Tempero,CONDIMENTO AMACIANTE DE CARNE 30 GRS,Gs   13.400,https://www.stock.com.py/images/thumbs/0181691_500.jpeg,17/12/24
Tempero,CONDIMENTO NESTLE FRASCO 120 GR,Gs   13.400,https://www.stock.com.py/images/thumbs/0181690_500.jpeg,17/12/24
Tempero,CONDIMENTO NESTLE FRASCO 120 GR,Gs   13.400,https://www.stock.com.py/images/thumbs/0181689_500.jpeg,17/12/24
Tempero,TEMPERO SAZON X 60 GR.,Gs   7.550,https://www.stock.com.py/images/thumbs/0178691_500.jpeg,17/12/24
Tempero,TEMPERO EN POLVO SAZON AMARILLO 60G,Gs   7.550,https://www.stock.com.py/images/thumbs/0178662_500.jpeg,17/12/24
Tempero,TEMPERO COMPLETO S/PIMIENTA,Gs   26.250,https://www.stock.com.py/images/thumbs/0175259_500.jpeg,17/12/24
Guantes,GUANTES SUPERIOR PEQUEÑO TAMAÑO S VIRUTEX 1PAR,Gs   13.400,https://www.stock.com.py/images/thumbs/0198617_500.jpeg,17/12/24
Guantes,GUANTES SUPERIOR GIGANTE TAMAÑO L VIRUTEX 1PAR,Gs   14.100,https://www.stock.com.py/images/thumbs/0198616_500.jpeg,17/12/24
Guantes,ESPONJA TININDO MULTIUSO 1 UN,Gs   2.100,https://www.stock.com.py/images/thumbs/0198215_500.jpeg,17/12/24
Guantes,GUANTES DE LATEX TAMAÑO L PULOIL ,Gs   13.100,https://www.stock.com.py/images/thumbs/0195165_500.jpeg,17/12/24
Guantes,GUANTES DE LATEX TAMAÑO M PULOIL ,Gs   13.100,https://www.stock.com.py/images/thumbs/0195164_500.jpeg,17/12/24
Guantes,GUANTE DE LATEX ROJO JASPE,Gs   20.600,https://www.stock.com.py/images/thumbs/0186094_500.jpeg,17/12/24
Guantes,GUANTE ROSADO L AFELPADO JASPE PAQ/GRANDE,Gs   20.600,https://www.stock.com.py/images/thumbs/0176850_500.jpeg,17/12/24
Guantes,GUANTE SCOTCH BRITE TAREAS PESADAS P,Gs   13.600,https://www.stock.com.py/images/thumbs/0176578_500.jpeg,17/12/24
Guantes,GUANTES DE GOMA Nª7,Gs   13.800,https://www.stock.com.py/images/thumbs/0176512_500.jpeg,17/12/24
Guantes,GUANTES DE LATEX TAMAÑO S PULOIL,Gs   13.100,https://www.stock.com.py/images/thumbs/0175025_500.jpeg,17/12/24
Guantes,GUANTE DE GOMA CONDOR TAMAÑO MEDIANO,Gs   16.100,https://www.stock.com.py/images/thumbs/0174002_500.jpeg,17/12/24
Guantes,GUANTE SCOTCH BRITE MULTIUSO GRANDE,Gs   15.500,https://www.stock.com.py/images/thumbs/0165246_500.png,17/12/24
Guantes,TRAPO P/PISO 45X50CM GREEN COTTON GREEN,Gs   6.500,https://www.stock.com.py/images/thumbs/0158305_500.jpeg,17/12/24
Guantes,GUANTE PLUMITA GRANDE,Gs   9.900,https://www.stock.com.py/images/thumbs/0146476_500.jpeg,17/12/24
Guantes,GUANTE PLUMITA MEDIANO,Gs   9.900,https://www.stock.com.py/images/thumbs/0146475_500.jpeg,17/12/24
Guantes,GUANTE PLUMITA CHICO,Gs   9.900,https://www.stock.com.py/images/thumbs/0146474_500.jpeg,17/12/24
Guantes,GUANTE VIRULANA MULTIUSO GRANDE,Gs   14.300,https://www.stock.com.py/images/thumbs/0146473_500.jpeg,17/12/24
Guantes,GUANTE VIRULANA MULTIUSO MEDIANO,Gs   14.300,https://www.stock.com.py/images/thumbs/0146472_500.jpeg,17/12/24
Guantes,GUANTE VIRULANA MULTIUSO PEQUEÑO VIRULANA,Gs   14.300,https://www.stock.com.py/images/thumbs/0146471_500.jpeg,17/12/24
Guantes,GUANTE SCOTCH BRITE TAREAS DELICADAS M,Gs   17.900,https://www.stock.com.py/images/thumbs/0138819_500.jpeg,17/12/24
Guantes,GUANTE SCOTCH BRITE TAREAS DELICADAS P,Gs   18.500,https://www.stock.com.py/images/thumbs/0138818_500.jpeg,17/12/24
Guantes,GUANTE DE GOMA GRANDE,Gs   14.950,https://www.stock.com.py/images/thumbs/noDefaultImage_stock_500.gif,17/12/24
Guantes,GUANTE DE GOMA PEQUEN?O,Gs   14.950,https://www.stock.com.py/images/thumbs/noDefaultImage_stock_500.gif,17/12/24
Decoración,VELA PALITO BLANCO BLIS 10 UNID CORINTER,Gs   6.100,https://www.stock.com.py/images/thumbs/0212747_500.jpeg,17/12/24
Decoración,VELA BENGALA 2 UNI CORINTER BLIS,Gs   6.400,https://www.stock.com.py/images/thumbs/0212746_500.jpeg,17/12/24
Decoración,VELA  AZUL BLISTER 1 UNID. CORINTER,Gs   6.300,https://www.stock.com.py/images/thumbs/0212719_500.png,17/12/24
Decoración,JUG. NARIZ DE PAYASO 5 UNID,Gs   6.150,https://www.stock.com.py/images/thumbs/0212718_500.png,17/12/24
Decoración,JUG. LENGUA DE SUEGRA 10 UNID,Gs   5.800,https://www.stock.com.py/images/thumbs/0212717_500.jpeg,17/12/24
Decoración,PIÑATA MAXI AZUL 350X1UN PIC PIC BLIS,Gs   20.700,https://www.stock.com.py/images/thumbs/0212716_500.jpeg,17/12/24
Decoración,PAPEL ALUMINIO WYDA 30CM X 7M,Gs   11.100,https://www.stock.com.py/images/thumbs/0207520_500.jpeg,17/12/24
Decoración,PAPEL FILM WYDA 30 METROS,Gs   11.600,https://www.stock.com.py/images/thumbs/0207518_500.jpeg,17/12/24
Decoración,"GLOBO PRO PARTY ROJO 9"" CORINTER 25 UN",Gs   13.800,https://www.stock.com.py/images/thumbs/0206849_500.jpeg,17/12/24
Decoración,"GLOBO PRO PARTY VER/LIM 9"" CORINTER 25UN",Gs   13.800,https://www.stock.com.py/images/thumbs/0206848_500.jpeg,17/12/24
Decoración,"GLOBO PRO PARTY SURT 9"" CORINTER 25 UN",Gs   13.800,https://www.stock.com.py/images/thumbs/0206847_500.jpeg,17/12/24
Decoración,"GLOBO PRO PARTY ROSA 9"" CORINTER 25 UN",Gs   13.800,https://www.stock.com.py/images/thumbs/0206846_500.jpeg,17/12/24
Decoración,"GLOBO PRO PARTY ROS BABY 9"" CORINTER 25U",Gs   13.800,https://www.stock.com.py/images/thumbs/0206845_500.jpeg,17/12/24
Decoración,"GLOBO PRO PARTY NEGRO 9"" CORINTER 25 UN",Gs   13.800,https://www.stock.com.py/images/thumbs/0206844_500.jpeg,17/12/24
Decoración,"GLOBO PRO PARTY NARANJA 9"" CORINTER 25UN",Gs   13.800,https://www.stock.com.py/images/thumbs/0206843_500.jpeg,17/12/24
Decoración,"GLOBO PRO PARTY BLANCO 9"" CORINTER 25 UN",Gs   13.800,https://www.stock.com.py/images/thumbs/0206842_500.jpeg,17/12/24
Decoración,"GLOBO PRO PARTY CELESTE 9"" CORINTER 25UN",Gs   13.800,https://www.stock.com.py/images/thumbs/0206841_500.jpeg,17/12/24
Decoración,"GLOBO PRO PARTY AMAR 9"" CORINTER 25 UN",Gs   13.800,https://www.stock.com.py/images/thumbs/0206840_500.jpeg,17/12/24
Decoración,PIROTINES ROJO P/CUPCAKE CONFESTA 100 UN,Gs   11.600,https://www.stock.com.py/images/thumbs/0206839_500.jpeg,17/12/24
Decoración,PLATO DESCARTABLES TRANSP CORINTER 10 UN,Gs   3.500,https://www.stock.com.py/images/thumbs/0206838_500.jpeg,17/12/24
Decoración,PLATO DESCARTABLES NEGRO CORINTER 10 UN,Gs   3.500,https://www.stock.com.py/images/thumbs/0206837_500.jpeg,17/12/24
Decoración,VELA TUBULAR PLATA CORINTER SIMBOLO,Gs   8.600,https://www.stock.com.py/images/thumbs/0206836_500.jpeg,17/12/24
Decoración,VELA TUBULAR PLATA CORINTER N°0,Gs   8.600,https://www.stock.com.py/images/thumbs/0206835_500.jpeg,17/12/24
Decoración,VELA TUBULAR PLATA CORINTER N°9,Gs   8.600,https://www.stock.com.py/images/thumbs/0206834_500.jpeg,17/12/24
Decoración,VELA TUBULAR PLATA CORINTER N°8,Gs   8.600,https://www.stock.com.py/images/thumbs/0206833_500.jpeg,17/12/24
Decoración,VELA TUBULAR PLATA CORINTER N°7,Gs   8.600,https://www.stock.com.py/images/thumbs/0206832_500.jpeg,17/12/24
Decoración,VELA TUBULAR PLATA CORINTER N°6,Gs   8.600,https://www.stock.com.py/images/thumbs/0206831_500.jpeg,17/12/24
Decoración,VELA TUBULAR PLATA CORINTER N°5,Gs   8.600,https://www.stock.com.py/images/thumbs/0206830_500.jpeg,17/12/24
Pollos,CROQUETAS D/POLLO C/QUESO PECHUGON 500GR,Gs   21.600,https://www.stock.com.py/images/thumbs/0211602_500.jpeg,17/12/24
Pollos,CORAZON DE POLLO CONG.10KG,Gs   32.500,https://www.stock.com.py/images/thumbs/0211600_500.jpeg,17/12/24
Pollos,MUSLO PECHUGON PAQ INDIV CONG XKL,Gs   13.750,https://www.stock.com.py/images/thumbs/0208350_500.jpeg,17/12/24
Pollos,ALA DE POLLO CONGELADO EN PAQUETE KZERO POR KILO,Gs   20.250,https://www.stock.com.py/images/thumbs/0208187_500.png,17/12/24
Pollos,MUSLO PARRILLERO EN PAQUETE KZERO POR KILO,Gs   19.950,https://www.stock.com.py/images/thumbs/0208186_500.png,17/12/24
Pollos,PECHUGA CON HUESO CONGELADA EN PAQUETE KZERO POR KILO,Gs   17.750,https://www.stock.com.py/images/thumbs/0208185_500.png,17/12/24
Pollos,NUGGETS DE PECHUGA DE POLLO KZERO 800GR,Gs   32.500,https://www.stock.com.py/images/thumbs/0208184_500.jpeg,17/12/24
Pollos,CORAZON DE POLLO FRESCO KZERO 1 KG BANDEJA,Gs   42.350,https://www.stock.com.py/images/thumbs/0207234_500.png,17/12/24
Pollos,PECHUGA PECHUGON PAQ INDIV CONG XKG,Gs   14.900,https://www.stock.com.py/images/thumbs/0207189_500.jpeg,17/12/24
Pollos,MUSLO DE POLLO PARRILLERO FRESCO KZERO EN BANDEJA POR KILO,Gs   27.900,https://www.stock.com.py/images/thumbs/0207005_500.png,17/12/24
Pollos,FILET DE PECHUGA FRESCA KZERO XKG,Gs   34.100,https://www.stock.com.py/images/thumbs/0202033_500.png,17/12/24
Pollos,MUSLO DE POLLO PARRILLERO KZERO FRESCO POR KILO,Gs   23.250,https://www.stock.com.py/images/thumbs/0202032_500.png,17/12/24
Pollos,PECHUGA DE POLLO DESHUESADA SIN PIEL KZERO POR KILO,Gs   34.350,https://www.stock.com.py/images/thumbs/0202031_500.png,17/12/24
Pollos,MUSLITO DE ALA FRESCO KZERO GRANEL X KG .,Gs   30.900,https://www.stock.com.py/images/thumbs/0202030_500.png,17/12/24
Pollos,PECHUGA DE POLLO FRESCA CON HUESO KZERO POR KILO,Gs   20.700,https://www.stock.com.py/images/thumbs/0202029_500.png,17/12/24
Pollos,MUSLO DE POLLO FRESCO KZERO POR KILO,Gs   24.900,https://www.stock.com.py/images/thumbs/0202028_500.png,17/12/24
Pollos,ALA DE POLLO FRESCA KZERO POR KILO,Gs   27.100,https://www.stock.com.py/images/thumbs/0202027_500.png,17/12/24
Pollos,PECHUGA FRESCA CON HUESO KZERO EN BANDEJA,Gs   24.800,https://www.stock.com.py/images/thumbs/0201912_500.jpeg,17/12/24
Pollos,MUSLITO ALA FRESCO KZERO BANDEJA X KG,Gs   37.050,https://www.stock.com.py/images/thumbs/0201910_500.jpeg,17/12/24
Pollos,MOLLEJA FRESCA KZERO 1 KG,Gs   20.550,https://www.stock.com.py/images/thumbs/0201909_500.jpeg,17/12/24
Pollos,ALA DE POLLO FRESCA KZERO BJA,Gs   32.500,https://www.stock.com.py/images/thumbs/0201907_500.jpeg,17/12/24
Pollos,POLLO SIN MENUDENCIAS KZERO POR KILO,Gs   18.600,https://www.stock.com.py/images/thumbs/0201793_500.png,17/12/24
Pollos,POLLO FRESCO CON MENUDENCIAS KZERO POR KILO,Gs   14.550,https://www.stock.com.py/images/thumbs/0201792_500.png,17/12/24
Pollos,POLLO CONGELADO KZERO CON M 1 KG,Gs   12.000,https://www.stock.com.py/images/thumbs/0201790_500.png,17/12/24
Pollos,PECHUGA DE POLLO CON HUESO CONGELADO KZERO,Gs   16.200,https://www.stock.com.py/images/thumbs/0201789_500.png,17/12/24
Pollos,MUSLO DE POLLO CON CADERA PARRILLERO CONGELADO KZERO POR KILO,Gs   14.950,https://www.stock.com.py/images/thumbs/0201787_500.png,17/12/24
Pollos,MUSLO CONGELADO KZERO 1 KG,Gs   17.900,https://www.stock.com.py/images/thumbs/0201786_500.png,17/12/24
Pollos,MORTADELA D/POLLO C/TOCINO KZERO XKG,Gs   15.000,https://www.stock.com.py/images/thumbs/0201785_500.png,17/12/24
Papeles,PAPEL HIGIE/ELEGANT H/SIMPLE 4X30MT DAYO,Gs   7.300,https://www.stock.com.py/images/thumbs/0211870_500.png,17/12/24
Papeles,PAPEL HIGIENICOPERSONAL NEUTRO DH 4UN,Gs   18.450,https://www.stock.com.py/images/thumbs/0209794_500.jpeg,17/12/24
Papeles,PAN?O E/ROLLO REUTILIZ SCOTT DURAMAX 52UN,Gs   19.300,https://www.stock.com.py/images/thumbs/0209217_500.png,17/12/24
Papeles,PAPEL HIGIENICO HIGIENOL DOB/HOJ 4R D/30,Gs   17.250,https://www.stock.com.py/images/thumbs/0208268_500.jpeg,17/12/24
Papeles,PAPEL HIGIENICO DOB/HOJA 4 ROLL ELITE 30,Gs   17.750,https://www.stock.com.py/images/thumbs/0208142_500.jpeg,17/12/24
Papeles,PAPEL HIGIENICO HIGIENOL MAX 4R DE 90M,Gs   36.400,https://www.stock.com.py/images/thumbs/0208116_500.jpeg,17/12/24
Papeles,PAPEL HIGIENICO HIGIENOL DOB/HOJ 4R D/30,Gs   17.250,https://www.stock.com.py/images/thumbs/0208115_500.jpeg,17/12/24
Papeles,PAPEL HIGIE/NEUTRO H/SIMPLE 4X30MTS DAYO,Gs   5.500,https://www.stock.com.py/images/thumbs/0207640_500.png,17/12/24
Papeles,TOALLAS DE PAPEL 2 ROLLOS SNOB 120 UN,Gs   23.850,https://www.stock.com.py/images/thumbs/0206533_500.jpeg,17/12/24
Papeles,TOALLAS DE PAPEL 2ROLL SNOB DECORA 60UN,Gs   12.450,https://www.stock.com.py/images/thumbs/0206532_500.jpeg,17/12/24
Papeles,TOALLAS DE PAPEL 2 ROLLOS SNOB 60UN,Gs   12.450,https://www.stock.com.py/images/thumbs/0206531_500.jpeg,17/12/24
Papeles,PAPEL HIG CLASICO 4 ROLLOS ELITE 30 MT,Gs   8.300,https://www.stock.com.py/images/thumbs/0206448_500.jpeg,17/12/24
Papeles,TOALLAS D/PAPEL MULT 2 ROLLOS LIRIO 50UN,Gs   8.950,https://www.stock.com.py/images/thumbs/0206029_500.jpeg,17/12/24
Papeles,PAPEL HIGIENICO 4 ROLLOS LIRIO D/ 30 MTR,Gs   5.850,https://www.stock.com.py/images/thumbs/0206028_500.jpeg,17/12/24
Papeles,PAPEL HIGIENICO 8 ROLLOS LIRIO X 30MTR,Gs   10.800,https://www.stock.com.py/images/thumbs/0206027_500.png,17/12/24
Papeles,SERVILLETAS 50 UNIDADES X 30CM,Gs   4.150,https://www.stock.com.py/images/thumbs/0202986_500.jpeg,17/12/24
Papeles,SERVILLETAS LIRIO 50 UN,Gs   2.500,https://www.stock.com.py/images/thumbs/0202985_500.jpeg,17/12/24
Papeles,SERVILLETAS LIRIO 100 UN,Gs   4.500,https://www.stock.com.py/images/thumbs/0202984_500.jpeg,17/12/24
Papeles,PAPEL HIGIENICO DOBLE HOJA FOFINHO 30M P,Gs   20.400,https://www.stock.com.py/images/thumbs/0202277_500.jpeg,17/12/24
Papeles,PAPEL HIGIENI PALOMA CAMOMILA 8UN X30M,Gs   15.800,https://www.stock.com.py/images/thumbs/0201943_500.png,17/12/24
Papeles,"SERVILLETA ""MAXIM"" 30 X 31CM 50UN. MAXIM",Gs   4.800,https://www.stock.com.py/images/thumbs/0201941_500.png,17/12/24
Papeles,PAPEL D/COC MULTIUSO FELPITA MAXIROLLO 200UN,Gs   13.900,https://www.stock.com.py/images/thumbs/0201640_500.png,17/12/24
Papeles,ROLLO COCINA DOBLE HOJA 3X30CM CARTABELL,Gs   10.000,https://www.stock.com.py/images/thumbs/0201637_500.png,17/12/24
Papeles,PAPEL HIGIENICO HOJA SIMPLE 4X30CM FELPI,Gs   10.900,https://www.stock.com.py/images/thumbs/0201634_500.png,17/12/24
Papeles,ELITE DUALETTE PAPEL HIGIENICO HOJA ULTRA DOBLE 16 UNIDADES,Gs   67.000,https://www.stock.com.py/images/thumbs/0201234_500.jpeg,17/12/24
Papeles,ELITE MAXI ROLLO TRIPLE HOJA DOS ROLLOS DE 20 METROS CON 100 HOJAS,Gs   35.300,https://www.stock.com.py/images/thumbs/0201172_500.jpeg,17/12/24
Papeles,PAPEL HIEG DUETTO VELVET DOBLE HOJA 12UN,Gs   51.250,https://www.stock.com.py/images/thumbs/0200717_500.jpeg,17/12/24
Papeles,PAPEL HIGIENICO HOJA SIMPLE 1x30MTS DAYO,Gs   1.300,https://www.stock.com.py/images/thumbs/0200224_500.jpeg,17/12/24
Otras Frutas,CEREZA ROJA FALCON X KG,Gs   154.900,https://www.stock.com.py/images/thumbs/0139714_500.jpeg,17/12/24
Otras Frutas,PASAS DE UVA GRA 1 KG,Gs   34.400,https://www.stock.com.py/images/thumbs/0138499_500.jpeg,17/12/24
Otras Frutas,ALMENDRA GRA 1 KG,Gs   163.950,https://www.stock.com.py/images/thumbs/0138497_500.jpeg,17/12/24
Otras Frutas,CIRUELA SECA CON CAROZO SANTA ANA .,Gs   60.750,https://www.stock.com.py/images/thumbs/0138370_500.jpeg,17/12/24
Menudencia Vacuna,LENGUA X KG,Gs   21.950,https://www.stock.com.py/images/thumbs/0209871_500.jpeg,17/12/24
Menudencia Vacuna,LIBRILLO 1KL,Gs   18.250,https://www.stock.com.py/images/thumbs/0206782_500.jpeg,17/12/24
Menudencia Vacuna,MONDONGO CONGELADO X KG,Gs   19.950,https://www.stock.com.py/images/thumbs/0202331_500.jpeg,17/12/24
Menudencia Vacuna,CHINCHULIN NEULAND E/V XKG,Gs   19.200,https://www.stock.com.py/images/thumbs/0173730_500.jpeg,17/12/24
Menudencia Vacuna,TRIPA GORDA NEULAND E/V XKG,Gs   8.150,https://www.stock.com.py/images/thumbs/0173723_500.jpeg,17/12/24
Menudencia Vacuna,RIÑONCITO VACUNO ENV. AL VACIO NEULAND X KG ,Gs   9.500,https://www.stock.com.py/images/thumbs/0173719_500.jpeg,17/12/24
Menudencia Vacuna,LENGUA ESPECIAL CONGELADA NEULAND X KG,Gs   33.700,https://www.stock.com.py/images/thumbs/0173713_500.jpeg,17/12/24
Menudencia Vacuna,HIGADO VACUNO X KG,Gs   13.950,https://www.stock.com.py/images/thumbs/0167598_500.png,17/12/24
Menudencia Vacuna,ENTRAÑA GRUESA X KL,Gs   37.000,https://www.stock.com.py/images/thumbs/0163777_500.jpeg,17/12/24
Tomatados,PURE DE TOMATE ARCOR 530GR,Gs   6.300,https://www.stock.com.py/images/thumbs/0212055_500.jpeg,17/12/24
Tomatados,EXTRACTO DE TOMATE SABORES DE AREGUA 140GR DOYPACK,Gs   1.300,https://www.stock.com.py/images/thumbs/0211714_500.jpeg,17/12/24
Tomatados,EXTRACTO DE TOMATE BIANCA 70 GR,Gs   1.550,https://www.stock.com.py/images/thumbs/0209873_500.png,17/12/24
Tomatados,EXTRACTO DE TOMATE BIANCA 140 GR,Gs   2.550,https://www.stock.com.py/images/thumbs/0209784_500.jpeg,17/12/24
Tomatados,PULPA DE TOMATE ARCOR 520 GR,Gs   6.000,https://www.stock.com.py/images/thumbs/0206454_500.jpeg,17/12/24
Tomatados,ARCOR SALSA LISTA POMAROLA 340 GR,Gs   8.200,https://www.stock.com.py/images/thumbs/0204413_500.jpeg,17/12/24
Tomatados,NORTE EXTRACTO DE TOMATE 220 GR,Gs   3.700,https://www.stock.com.py/images/thumbs/0201966_500.png,17/12/24
Tomatados,EXTRACTO DE TOMATE SABORES DE AREGUA 60GR,Gs   1.000,https://www.stock.com.py/images/thumbs/0201808_500.jpeg,17/12/24
Tomatados,DO?A PUPA SALSA LISTA POMAROLA 340 GR,Gs   8.200,https://www.stock.com.py/images/thumbs/0199941_500.jpeg,17/12/24
Tomatados,DO?A PUPA SALSA LISTA PIZZA 340 GR,Gs   8.200,https://www.stock.com.py/images/thumbs/0199940_500.jpeg,17/12/24
Tomatados,SALSA PARA PIZZA A BASE DE TOMATE ARCOR 340 GR,Gs   8.200,https://www.stock.com.py/images/thumbs/0199159_500.png,17/12/24
Tomatados,PURE DE TOMATES NORTE 210GR,Gs   2.550,https://www.stock.com.py/images/thumbs/0197923_500.jpeg,17/12/24
Tomatados,EXTRACTO DE TOMATE NORTE 140GR,Gs   2.650,https://www.stock.com.py/images/thumbs/0197917_500.jpeg,17/12/24
Tomatados,EXTRACTO DE TOMATE NORTE 70GR,Gs   1.750,https://www.stock.com.py/images/thumbs/0197916_500.jpeg,17/12/24
Tomatados,EXTRACTO DE TOMATE PLUS NORTE 140GR,Gs   5.500,https://www.stock.com.py/images/thumbs/0197893_500.jpeg,17/12/24
Tomatados,EXTRACTO DE TOMATE PLUS NORTE 70GR,Gs   3.500,https://www.stock.com.py/images/thumbs/0197892_500.jpeg,17/12/24
Tomatados,ARCOR PURE DE TOMATE 210 GR,Gs   4.000,https://www.stock.com.py/images/thumbs/0196665_500.jpeg,17/12/24
Tomatados,EXTRACTO DE TOMATE BON GUSTO 140GR,Gs   2.250,https://www.stock.com.py/images/thumbs/0195060_500.jpeg,17/12/24
Tomatados,EXTRACTO DE TOMATE BON GUSTO 70GR,Gs   1.450,https://www.stock.com.py/images/thumbs/0195059_500.jpeg,17/12/24
Tomatados,PURE DE TOMATE DE LA HUERTA 530GR,Gs   6.900,https://www.stock.com.py/images/thumbs/0188458_500.jpeg,17/12/24
Tomatados,SALSA POMAROLA PONTEVADRA DOY 340GR,Gs   7.000,https://www.stock.com.py/images/thumbs/0179147_500.jpeg,17/12/24
Tomatados,SALSA POMAROLA PONTEVEDRA DOY 200GR,Gs   4.500,https://www.stock.com.py/images/thumbs/0179145_500.png,17/12/24
Tomatados,PULPA DE TOMATE PONTEVEDRA TAMIZADA 1.020GR TETRA,Gs   10.500,https://www.stock.com.py/images/thumbs/0179138_500.png,17/12/24
Tomatados,EXTRACTO D/TOMATE 140GR PONTEVEDRA DOYPACK,Gs   2.650,https://www.stock.com.py/images/thumbs/0179137_500.png,17/12/24
Tomatados,EXTRACTO DE TOMATE PONTEVEDRA DOY 60GR,Gs   1.500,https://www.stock.com.py/images/thumbs/0179136_500.jpeg,17/12/24
Tomatados,PURE DE TOMATES 1030 GR DE LA HUERTA TETRA,Gs   14.600,https://www.stock.com.py/images/thumbs/0179011_500.jpeg,17/12/24
Tomatados,TOM.PEL.LA CAMPAGN LATA 400 GR,Gs   10.000,https://www.stock.com.py/images/thumbs/0178358_500.jpeg,17/12/24
Jabones,JABON INTIMO HERBAL NOSOTRAS 200ML,Gs   49.900,https://www.stock.com.py/images/thumbs/0212355_500.jpeg,17/12/24
Jabones,JABON TOCADOR SENSACION HUMECTANTE PALMOLIVE 150gr,Gs   7.850,https://www.stock.com.py/images/thumbs/0209833_500.jpeg,17/12/24
Jabones,JABÓN LIQUIDO DAILY INTIMO CUIDADO SUAVE 350ML ,Gs   30.900,https://www.stock.com.py/images/thumbs/0208700_500.png,17/12/24
Jabones,JABON FACIAL ANTIACNE TEENAGERS 120ML,Gs   16.500,https://www.stock.com.py/images/thumbs/0208698_500.png,17/12/24
Jabones,JABON ANTIBACT PROTEX AVEN/PROBIOT 270GR,Gs   19.250,https://www.stock.com.py/images/thumbs/0207626_500.jpeg,17/12/24
Jabones,JABON TOC MAR VANILLA TOUCH 3UN DE 125GR,Gs   16.900,https://www.stock.com.py/images/thumbs/0206478_500.jpeg,17/12/24
Jabones,JABON TOC MAR SWEET TEMPTATION 3UN 125GR,Gs   16.900,https://www.stock.com.py/images/thumbs/0206080_500.jpeg,17/12/24
Jabones,MAR JABON DE TOCADOR ROSAS Y CERAMIDAS 3 UNIDADES 125 GR,Gs   16.900,https://www.stock.com.py/images/thumbs/0203701_500.jpeg,17/12/24
Jabones,JABON DE TOCADOR C2 MAGICA ENERGIA 130 G,Gs   5.450,https://www.stock.com.py/images/thumbs/0203204_500.jpeg,17/12/24
Jabones,JABON TOC FLORES AMAR/MIEL SUSI 80GR,Gs   3.100,https://www.stock.com.py/images/thumbs/0203167_500.jpeg,17/12/24
Jabones,JABON TOC FLORES/ROSAS/CEREZAS SUSI 80GR,Gs   3.100,https://www.stock.com.py/images/thumbs/0203166_500.jpeg,17/12/24
Jabones,JABON TOC FLORES D/ALG Y LECHE SUSI 80GR,Gs   3.100,https://www.stock.com.py/images/thumbs/0203165_500.jpeg,17/12/24
Jabones,JABON LIQUIDO CORPORAL NUTRICION INDULGENTE DOVE 250ML,Gs   21.800,https://www.stock.com.py/images/thumbs/0201886_500.jpeg,17/12/24
Jabones,PLUSBELLE ENERGIA JABON DE TOCADOR GUARANA Y FLOR CAPUCHINA 120 GR,Gs   6.500,https://www.stock.com.py/images/thumbs/0201817_500.jpeg,17/12/24
Jabones,JABON LIQ HIG/ORQ PALMOLIVE LUM OILS 250,Gs   20.000,https://www.stock.com.py/images/thumbs/0201686_500.jpeg,17/12/24
Jabones,JABÓN LIQUIDO DAILY PINK ROSE CON DOSIFICADOR 1LT,Gs   30.000,https://www.stock.com.py/images/thumbs/0201253_500.jpeg,17/12/24
Jabones,JABÓN LIQUIDO DAILY CITRUS SUN CON DOSIFICADOR 1LT,Gs   30.000,https://www.stock.com.py/images/thumbs/0201252_500.jpeg,17/12/24
Jabones,JABÓN LIQUIDO DAILY BLUE OCEAN CON DOSIFICADOR 1LT,Gs   30.000,https://www.stock.com.py/images/thumbs/0201251_500.jpeg,17/12/24
Jabones,JABÓN LIQUIDO DAILY CITRUS SUN CON DOSIFICADOR 350ML,Gs   16.500,https://www.stock.com.py/images/thumbs/0201247_500.jpeg,17/12/24
Jabones,JABÓN LIQUIDO DAILY PINK ROSE CON DOSIFICADOR 350ml,Gs   16.500,https://www.stock.com.py/images/thumbs/0201243_500.jpeg,17/12/24
Jabones,COCO CAVALLARO JABON DE TOCADOR FLORAL 270 GR 3 UNIDADES,Gs   13.600,https://www.stock.com.py/images/thumbs/0200060_500.jpeg,17/12/24
Jabones,COCO CAVALLARO JABON DE TOCADOR MARINA 270 GR 3 UNIDADES,Gs   13.600,https://www.stock.com.py/images/thumbs/0200059_500.jpeg,17/12/24
Jabones,COCO CAVALLARO JABON DE TOCADOR VERBENA 270 GR 3 UNIDADES,Gs   13.600,https://www.stock.com.py/images/thumbs/0200058_500.jpeg,17/12/24
Jabones,MAR ANTIBAC CHEF JABON LIQUIDO ANTIBACTERIAL CON CARBON ACTIVADO 300 ML,Gs   18.200,https://www.stock.com.py/images/thumbs/0199995_500.jpeg,17/12/24
Jabones,PLUSBELLE RELAJACION PACK JABON DE TOCADOR MIEL DE LAVANDA Y MACA 3 X 120 GR,Gs   16.900,https://www.stock.com.py/images/thumbs/0199787_500.jpeg,17/12/24
Jabones,JABON D/TOC FRUT SILVEST PLUSBELLE 120GR,Gs   6.500,https://www.stock.com.py/images/thumbs/0199785_500.jpeg,17/12/24
Jabones,JABON D/TOC OLEO/ARGAN PLUSBELLE 120GR,Gs   6.500,https://www.stock.com.py/images/thumbs/0199784_500.jpeg,17/12/24
Jabones,PALMOLIVE JABON DE TOCADOR ALGA Y ACEITE DE ALMENDRAS DULCE 3 UNIDADES DE 90 GR C/U,Gs   13.150,https://www.stock.com.py/images/thumbs/0199522_500.jpeg,17/12/24
A Granel,JAMONADA GRANDE KG.,Gs   18.900,https://www.stock.com.py/images/thumbs/0211711_500.jpeg,17/12/24
A Granel,SALAME LA CASONA TIPO MILAN X KG,Gs   117.100,https://www.stock.com.py/images/thumbs/0211528_500.jpeg,17/12/24
A Granel,SALAME LA CASONA PEPPERONI X KG,Gs   121.400,https://www.stock.com.py/images/thumbs/0211517_500.jpeg,17/12/24
A Granel,FIAMBRE UPISA CERVECERO X KG,Gs   34.900,https://www.stock.com.py/images/thumbs/0208304_500.jpeg,17/12/24
A Granel,PANCETA AHUMADA X KG UPISA,Gs   59.500,https://www.stock.com.py/images/thumbs/0207018_500.jpeg,17/12/24
A Granel,COSTELETA AHUMADA OCHSI X KG,Gs   49.900,https://www.stock.com.py/images/thumbs/0206982_500.png,17/12/24
A Granel,SALAME TIPO MILAN CHACRA xKG,Gs   89.900,https://www.stock.com.py/images/thumbs/0198472_500.jpeg,17/12/24
A Granel,SALAME TIPO MILAN CAGNOLI XKG S/E,Gs   118.900,https://www.stock.com.py/images/thumbs/0198471_500.png,17/12/24
A Granel,JAMONADA FRIMESA xKG,Gs   36.900,https://www.stock.com.py/images/thumbs/0187848_500.jpeg,17/12/24
A Granel,CHORIZO PARRILLERO SIN PICANTE FRANZ xKG,Gs   29.900,https://www.stock.com.py/images/thumbs/0185562_500.jpeg,17/12/24
A Granel,JAMONADA SADIA X KG,Gs   37.200,https://www.stock.com.py/images/thumbs/0173834_500.jpeg,17/12/24
A Granel,PECHUGA DE PAVO SADIA X KG,Gs   132.900,https://www.stock.com.py/images/thumbs/0173751_500.jpeg,17/12/24
A Granel,PALETA COCIDA DE JAMON CERDO SADIA ,Gs   57.800,https://www.stock.com.py/images/thumbs/0173750_500.jpeg,17/12/24
A Granel,JAMON COCIDO FRANZ X KG,Gs   67.900,https://www.stock.com.py/images/thumbs/0166602_500.png,17/12/24
A Granel,CHORIZO DE VIENA FRANZ X KG,Gs   29.900,https://www.stock.com.py/images/thumbs/0161471_500.jpeg,17/12/24
A Granel,PANCHO FRANZ X KG,Gs   31.900,https://www.stock.com.py/images/thumbs/0161470_500.jpeg,17/12/24
A Granel,SALAMITOS PAQUETE 4 UN,Gs   78.900,https://www.stock.com.py/images/thumbs/0159372_500.png,17/12/24
A Granel,FIAMBRE SURTIDO OCHSI X KG,Gs   39.900,https://www.stock.com.py/images/thumbs/0157732_500.jpeg,17/12/24
A Granel,BALA DE CERV 1KG FIAMBRE OCHSI 1 KG,Gs   49.900,https://www.stock.com.py/images/thumbs/0157731_500.jpeg,17/12/24
A Granel,PANCETA AHUMADA OCHSI X KG,Gs   67.900,https://www.stock.com.py/images/thumbs/0157729_500.jpeg,17/12/24
A Granel,JAMON CRUDO OCHSI 1 KG,Gs   73.900,https://www.stock.com.py/images/thumbs/0157723_500.jpeg,17/12/24
A Granel,MORTADELA ESPECIAL FRANZ X KG,Gs   34.900,https://www.stock.com.py/images/thumbs/0140385_500.jpeg,17/12/24
A Granel,FIAMBRE SURTIDOS FRANZ X KG ,Gs   34.900,https://www.stock.com.py/images/thumbs/0140368_500.jpeg,17/12/24
A Granel,JAMONADA FRANZ X KG,Gs   31.900,https://www.stock.com.py/images/thumbs/0140366_500.jpeg,17/12/24
A Granel,SALAME CHORTI TIPO PEPERONI X KL,Gs   79.900,https://www.stock.com.py/images/thumbs/0140346_500.jpeg,17/12/24
A Granel,PANCETA AHUMADA CHORTI X KG,Gs   60.900,https://www.stock.com.py/images/thumbs/0139530_500.jpeg,17/12/24
A Granel,FIAMBRE SURTIDO GRANDE X KG . GRANDE,Gs   25.900,https://www.stock.com.py/images/thumbs/0139409_500.jpeg,17/12/24
Mochilas/Bolsos,MOCHILA EL MEJOR REF VE5558,Gs   79.500,https://www.stock.com.py/images/thumbs/noDefaultImage_stock_500.gif,17/12/24
Mochilas/Bolsos,MOCHILA EL MEJOR REF B637,Gs   91.500,https://www.stock.com.py/images/thumbs/noDefaultImage_stock_500.gif,17/12/24
Mochilas/Bolsos,MOCHILA EL MEJOR REF T3-06,Gs   50.000,https://www.stock.com.py/images/thumbs/noDefaultImage_stock_500.gif,17/12/24
Mochilas/Bolsos,MOCHILA EL MEJOR REF T3-20,Gs   68.900,https://www.stock.com.py/images/thumbs/noDefaultImage_stock_500.gif,17/12/24
Mochilas/Bolsos,BOLSO D/TELADAYOREF 27513/14/15/16/17/20,Gs   99.200,https://www.stock.com.py/images/thumbs/noDefaultImage_stock_500.gif,17/12/24
Mochilas/Bolsos,MOCHILA C/DIS ESTRELLAS 9114,Gs   85.500,https://www.stock.com.py/images/thumbs/noDefaultImage_stock_500.gif,17/12/24
Mochilas/Bolsos,CARTERA ESC C/DIS DAYO REF 27177/178,Gs   46.750,https://www.stock.com.py/images/thumbs/noDefaultImage_stock_500.gif,17/12/24
Mochilas/Bolsos,CARTUCHERA ESC DAYO REF 27175,Gs   33.850,https://www.stock.com.py/images/thumbs/noDefaultImage_stock_500.gif,17/12/24
Mochilas/Bolsos,CARTUCHERA ESC DAYO REF 27509/28509,Gs   31.500,https://www.stock.com.py/images/thumbs/noDefaultImage_stock_500.gif,17/12/24
Mochilas/Bolsos,CARTUCHERA ESC C/DIS DAYO REF 27179/184,Gs   22.900,https://www.stock.com.py/images/thumbs/noDefaultImage_stock_500.gif,17/12/24
Mochilas/Bolsos,BOLSO D/TELA VR COL DAYO REF 27524/25/26,Gs   79.850,https://www.stock.com.py/images/thumbs/noDefaultImage_stock_500.gif,17/12/24
Mochilas/Bolsos,CARTUCHERA ESC C/DIS DAYO REF 27109/10,Gs   11.000,https://www.stock.com.py/images/thumbs/noDefaultImage_stock_500.gif,17/12/24
Mochilas/Bolsos,CARTU C/PLANEADOR MENSUAL DY REF.3042213,Gs   38.300,https://www.stock.com.py/images/thumbs/noDefaultImage_stock_500.gif,17/12/24
Mochilas/Bolsos,REGLA D/ 20CM C/ FORMAS DY REF.3042202,Gs   6.500,https://www.stock.com.py/images/thumbs/noDefaultImage_stock_500.gif,17/12/24
Regalos,PAPEL DE REGALO METALIZADO,Gs   1.700,https://www.stock.com.py/images/thumbs/0166346_500.png,17/12/24
Regalos,"BOLSA P/REGALO 32X41,5X12CM DY REF 06474",Gs   19.900,https://www.stock.com.py/images/thumbs/noDefaultImage_stock_500.gif,17/12/24
Regalos,"BOLSA P/REGALO 30X41X11,2CM DY REF1097",Gs   14.900,https://www.stock.com.py/images/thumbs/noDefaultImage_stock_500.gif,17/12/24
Espumantes,VINO CELLA BOTELLA 750 CC TINTO,Gs   69.750,https://www.stock.com.py/images/thumbs/0180670_500.jpeg,17/12/24
Envasados,FIAMBRE SURT FET.A/VACIO UPISA,Gs   36.900,https://www.stock.com.py/images/thumbs/0212755_500.jpeg,17/12/24
Envasados,SALAMIN LA CASONA PICADO FINO X KG,Gs   114.600,https://www.stock.com.py/images/thumbs/0211527_500.jpeg,17/12/24
Envasados,SALAME COCIDO EL RANCHO KG,Gs   25.700,https://www.stock.com.py/images/thumbs/0207015_500.jpeg,17/12/24
Envasados,JAMONADA EN FETAS ENVASADO X KG GUARANI PLA,Gs   46.900,https://www.stock.com.py/images/thumbs/0206717_500.jpeg,17/12/24
Envasados,MORTADELA RANCHO 500GR UPISA S/E,Gs   24.900,https://www.stock.com.py/images/thumbs/0206265_500.jpeg,17/12/24
Envasados,SALAME RANCHO PICANTE XKG UPISA S/E,Gs   25.700,https://www.stock.com.py/images/thumbs/0206264_500.jpeg,17/12/24
Envasados,JAMONADA AL VACIO 205GR FRANZ S/E,Gs   9.500,https://www.stock.com.py/images/thumbs/0205961_500.jpeg,17/12/24
Envasados,JAMON COCIDO REDUC EN SODIO FRANZ 205GR,Gs   18.500,https://www.stock.com.py/images/thumbs/0180482_500.jpeg,17/12/24
Envasados,JAMON COCIDO AL VACIO 205GR FRANZ S/E,Gs   15.500,https://www.stock.com.py/images/thumbs/0179984_500.jpeg,17/12/24
Envasados,MORTADELA SADILAR SADIA XKG,Gs   19.350,https://www.stock.com.py/images/thumbs/0173583_500.jpeg,17/12/24
Envasados,PANCETA OCHSI EN V 1 KG,Gs   89.600,https://www.stock.com.py/images/thumbs/0157730_500.jpeg,17/12/24
Envasados,JAMON COCIDO OCHSI EN V 1 KG,Gs   98.900,https://www.stock.com.py/images/thumbs/0157727_500.jpeg,17/12/24
Envasados,JAMON CRUDO OCHSI EN V 1 KG,Gs   98.900,https://www.stock.com.py/images/thumbs/0157724_500.jpeg,17/12/24
Envasados,CHORIZO UPISA TIPO CALABREZA EV. AL VACIO,Gs   35.900,https://www.stock.com.py/images/thumbs/0139396_500.jpeg,17/12/24
Envasados,MORTADELA RANCHO KG.,Gs   24.900,https://www.stock.com.py/images/thumbs/0138650_500.jpeg,17/12/24
Envasados,FIAMBRES OCHSI EN V 1 KG SURTIDOS,Gs   53.900,https://www.stock.com.py/images/thumbs/0138555_500.jpeg,17/12/24
Envasados,MORTADELA MINI CHORTI X KG,Gs   34.900,https://www.stock.com.py/images/thumbs/noDefaultImage_stock_500.gif,17/12/24
Envasados,PANCETA ENVASADO X KG CHORTI x 1,Gs   72.900,https://www.stock.com.py/images/thumbs/noDefaultImage_stock_500.gif,17/12/24
Envasados,SALAME PEPERONI FETEADO PAQUETE CHORTI x 1,Gs   129.900,https://www.stock.com.py/images/thumbs/noDefaultImage_stock_500.gif,17/12/24
Envasados,PANCETA ENTERA FRIMESA XKG S/E ,Gs   86.950,https://www.stock.com.py/images/thumbs/noDefaultImage_stock_500.gif,17/12/24
Envasados,JAMON COCIDO FETEADO AL VACI,Gs   59.500,https://www.stock.com.py/images/thumbs/noDefaultImage_stock_500.gif,17/12/24
Envasados,JAMONADA CUADRADA EN FETA AL VACIO UPISA,Gs   43.900,https://www.stock.com.py/images/thumbs/noDefaultImage_stock_500.gif,17/12/24
Jabones,JABON INTIMO HERBAL NOSOTRAS 200ML,Gs   49.900,https://www.stock.com.py/images/thumbs/0212355_500.jpeg,17/12/24
Jabones,JABON TOCADOR SENSACION HUMECTANTE PALMOLIVE 150gr,Gs   7.850,https://www.stock.com.py/images/thumbs/0209833_500.jpeg,17/12/24
Jabones,JABÓN LIQUIDO DAILY INTIMO CUIDADO SUAVE 350ML ,Gs   30.900,https://www.stock.com.py/images/thumbs/0208700_500.png,17/12/24
Jabones,JABON FACIAL ANTIACNE TEENAGERS 120ML,Gs   16.500,https://www.stock.com.py/images/thumbs/0208698_500.png,17/12/24
Jabones,JABON ANTIBACT PROTEX AVEN/PROBIOT 270GR,Gs   19.250,https://www.stock.com.py/images/thumbs/0207626_500.jpeg,17/12/24
Jabones,JABON TOC MAR VANILLA TOUCH 3UN DE 125GR,Gs   16.900,https://www.stock.com.py/images/thumbs/0206478_500.jpeg,17/12/24
Jabones,JABON TOC MAR SWEET TEMPTATION 3UN 125GR,Gs   16.900,https://www.stock.com.py/images/thumbs/0206080_500.jpeg,17/12/24
Jabones,MAR JABON DE TOCADOR ROSAS Y CERAMIDAS 3 UNIDADES 125 GR,Gs   16.900,https://www.stock.com.py/images/thumbs/0203701_500.jpeg,17/12/24
Jabones,JABON DE TOCADOR C2 MAGICA ENERGIA 130 G,Gs   5.450,https://www.stock.com.py/images/thumbs/0203204_500.jpeg,17/12/24
Jabones,JABON TOC FLORES AMAR/MIEL SUSI 80GR,Gs   3.100,https://www.stock.com.py/images/thumbs/0203167_500.jpeg,17/12/24
Jabones,JABON TOC FLORES/ROSAS/CEREZAS SUSI 80GR,Gs   3.100,https://www.stock.com.py/images/thumbs/0203166_500.jpeg,17/12/24
Jabones,JABON TOC FLORES D/ALG Y LECHE SUSI 80GR,Gs   3.100,https://www.stock.com.py/images/thumbs/0203165_500.jpeg,17/12/24
Jabones,JABON LIQUIDO CORPORAL NUTRICION INDULGENTE DOVE 250ML,Gs   21.800,https://www.stock.com.py/images/thumbs/0201886_500.jpeg,17/12/24
Jabones,PLUSBELLE ENERGIA JABON DE TOCADOR GUARANA Y FLOR CAPUCHINA 120 GR,Gs   6.500,https://www.stock.com.py/images/thumbs/0201817_500.jpeg,17/12/24
Jabones,JABON LIQ HIG/ORQ PALMOLIVE LUM OILS 250,Gs   20.000,https://www.stock.com.py/images/thumbs/0201686_500.jpeg,17/12/24
Jabones,JABÓN LIQUIDO DAILY PINK ROSE CON DOSIFICADOR 1LT,Gs   30.000,https://www.stock.com.py/images/thumbs/0201253_500.jpeg,17/12/24
Jabones,JABÓN LIQUIDO DAILY CITRUS SUN CON DOSIFICADOR 1LT,Gs   30.000,https://www.stock.com.py/images/thumbs/0201252_500.jpeg,17/12/24
Jabones,JABÓN LIQUIDO DAILY BLUE OCEAN CON DOSIFICADOR 1LT,Gs   30.000,https://www.stock.com.py/images/thumbs/0201251_500.jpeg,17/12/24
Jabones,JABÓN LIQUIDO DAILY CITRUS SUN CON DOSIFICADOR 350ML,Gs   16.500,https://www.stock.com.py/images/thumbs/0201247_500.jpeg,17/12/24
Jabones,JABÓN LIQUIDO DAILY PINK ROSE CON DOSIFICADOR 350ml,Gs   16.500,https://www.stock.com.py/images/thumbs/0201243_500.jpeg,17/12/24
Jabones,COCO CAVALLARO JABON DE TOCADOR FLORAL 270 GR 3 UNIDADES,Gs   13.600,https://www.stock.com.py/images/thumbs/0200060_500.jpeg,17/12/24
Jabones,COCO CAVALLARO JABON DE TOCADOR MARINA 270 GR 3 UNIDADES,Gs   13.600,https://www.stock.com.py/images/thumbs/0200059_500.jpeg,17/12/24
Jabones,COCO CAVALLARO JABON DE TOCADOR VERBENA 270 GR 3 UNIDADES,Gs   13.600,https://www.stock.com.py/images/thumbs/0200058_500.jpeg,17/12/24
Jabones,MAR ANTIBAC CHEF JABON LIQUIDO ANTIBACTERIAL CON CARBON ACTIVADO 300 ML,Gs   18.200,https://www.stock.com.py/images/thumbs/0199995_500.jpeg,17/12/24
Jabones,PLUSBELLE RELAJACION PACK JABON DE TOCADOR MIEL DE LAVANDA Y MACA 3 X 120 GR,Gs   16.900,https://www.stock.com.py/images/thumbs/0199787_500.jpeg,17/12/24
Jabones,JABON D/TOC FRUT SILVEST PLUSBELLE 120GR,Gs   6.500,https://www.stock.com.py/images/thumbs/0199785_500.jpeg,17/12/24
Jabones,JABON D/TOC OLEO/ARGAN PLUSBELLE 120GR,Gs   6.500,https://www.stock.com.py/images/thumbs/0199784_500.jpeg,17/12/24
Jabones,PALMOLIVE JABON DE TOCADOR ALGA Y ACEITE DE ALMENDRAS DULCE 3 UNIDADES DE 90 GR C/U,Gs   13.150,https://www.stock.com.py/images/thumbs/0199522_500.jpeg,17/12/24
Ron/Cachasa/Caña,FORTIN RON BLANCO 475 ML,Gs   11.000,https://www.stock.com.py/images/thumbs/0209515_500.png,17/12/24
Ron/Cachasa/Caña,TRES LEONES RON ORIGINAL COCTEL SABOR FRUTOS ROJOS 420 ML,Gs   14.500,https://www.stock.com.py/images/thumbs/0209216_500.jpeg,17/12/24
Ron/Cachasa/Caña,RON AN?EJO 9 AN?OS DIAZ DE VIVAR 750ML,Gs   100.000,https://www.stock.com.py/images/thumbs/0207990_500.jpeg,17/12/24
Ron/Cachasa/Caña,AGUARDIENTE JAMEL FCO 1000 ML,Gs   26.900,https://www.stock.com.py/images/thumbs/0206889_500.jpeg,17/12/24
Ron/Cachasa/Caña,TRES LEONES RON ORIGINAL COCTEL SABOR COCO 420 ML,Gs   14.500,https://www.stock.com.py/images/thumbs/0201570_500.jpeg,17/12/24
Ron/Cachasa/Caña,TRES LEONES RON ORIGINAL COCTEL SABOR LIMON 420 ML,Gs   14.500,https://www.stock.com.py/images/thumbs/0201569_500.jpeg,17/12/24
Ron/Cachasa/Caña,RON EDICION ESPECIAL 720ML TRES LEONES BOT,Gs   35.100,https://www.stock.com.py/images/thumbs/0201567_500.jpeg,17/12/24
Ron/Cachasa/Caña,RON BLANCO 750ML TRES LEONES BOT,Gs   19.000,https://www.stock.com.py/images/thumbs/0201566_500.jpeg,17/12/24
Ron/Cachasa/Caña,CAÑA TRES LEONES BOTELLA 920 CC,Gs   8.000,https://www.stock.com.py/images/thumbs/0201563_500.jpeg,17/12/24
Ron/Cachasa/Caña,CAÑA TRES LEONES BOTELLA 450 CC,Gs   4.550,https://www.stock.com.py/images/thumbs/0201562_500.jpeg,17/12/24
Ron/Cachasa/Caña,CAÑA ESPECIAL 190 ML TRES LEONES BOT,Gs   2.400,https://www.stock.com.py/images/thumbs/0201555_500.jpeg,17/12/24
Ron/Cachasa/Caña,CAÑA TRES LEONES BOTELLA 750 CC,Gs   18.750,https://www.stock.com.py/images/thumbs/0201554_500.jpeg,17/12/24
Ron/Cachasa/Caña,CAÑA TRES LEONES PET 450 CC,Gs   15.000,https://www.stock.com.py/images/thumbs/0201553_500.jpeg,17/12/24
Ron/Cachasa/Caña,CAÑA TRES LEONES CAJA,Gs   51.400,https://www.stock.com.py/images/thumbs/0201552_500.jpeg,17/12/24
Ron/Cachasa/Caña,TRES LEONES ETIQUETA NEGRA CA?A A?EJADA 8 A?OS 750 ML,Gs   36.550,https://www.stock.com.py/images/thumbs/0201549_500.jpeg,17/12/24
Ron/Cachasa/Caña,RON SABOR CANELA FORTIN 750ML,Gs   16.900,https://www.stock.com.py/images/thumbs/0201544_500.jpeg,17/12/24
Ron/Cachasa/Caña,RON SUAVE ETIQUETA NEGRA EDICION ESPECIAL FORTIN 750ML,Gs   28.000,https://www.stock.com.py/images/thumbs/0201543_500.png,17/12/24
Ron/Cachasa/Caña,CAÑA ETIQUETA NEGRA RESERVA 8 ESPECIAL FORTIN 750ML,Gs   37.000,https://www.stock.com.py/images/thumbs/0201542_500.jpeg,17/12/24
Ron/Cachasa/Caña,CAÑA ETIQUETA NEGRA FORTIN 750ML,Gs   13.050,https://www.stock.com.py/images/thumbs/0201541_500.jpeg,17/12/24
Ron/Cachasa/Caña,CAÑA ETIQUETA NEGRA FORTIN 750ML,Gs   18.100,https://www.stock.com.py/images/thumbs/0201540_500.jpeg,17/12/24
Ron/Cachasa/Caña,CAÑA AÑEJADA FORTIN  450CC,Gs   4.000,https://www.stock.com.py/images/thumbs/0199102_500.jpeg,17/12/24
Ron/Cachasa/Caña,CAÑA AÑEJADA ESPECIAL FORTIN 930ML,Gs   7.050,https://www.stock.com.py/images/thumbs/0198527_500.jpeg,17/12/24
Ron/Cachasa/Caña,RON SABOR FRUTOS ROJOS FORTIN 750ML,Gs   18.700,https://www.stock.com.py/images/thumbs/0198526_500.jpeg,17/12/24
Ron/Cachasa/Caña,RON SABOR COCO FORTIN 750ML,Gs   16.900,https://www.stock.com.py/images/thumbs/0198514_500.jpeg,17/12/24
Ron/Cachasa/Caña,RON BLANCO FORTIN 750ML,Gs   16.900,https://www.stock.com.py/images/thumbs/0198513_500.jpeg,17/12/24
Ron/Cachasa/Caña,CACHAZA LIMON 910ML VELHO BARREIRO BOT,Gs   39.550,https://www.stock.com.py/images/thumbs/0193617_500.jpeg,17/12/24
Ron/Cachasa/Caña,HEROICA RON AÑEJADO EN CUBAS FORTIN D/ROBLE 700ML BOT,Gs   200.000,https://www.stock.com.py/images/thumbs/0192094_500.jpeg,17/12/24
Ron/Cachasa/Caña,RON 750 ML FORTIN BOT EDICION ESPECIAL ,Gs   23.000,https://www.stock.com.py/images/thumbs/0192092_500.jpeg,17/12/24
Colonias,BODY SPLASH CALL ME TEENAGERS 125ml ,Gs   15.900,https://www.stock.com.py/images/thumbs/0201255_500.png,17/12/24
Colonias,BODY SPLASH SWEET ROSE TEENAGERS 125ml,Gs   15.900,https://www.stock.com.py/images/thumbs/0201254_500.png,17/12/24
Colonias,COLONIA CORPORAL RED KISS SWEET CARE 140ML,Gs   50.400,https://www.stock.com.py/images/thumbs/0198550_500.jpeg,17/12/24
Colonias,URBAN CARE 1 EAU DE TOILETTE UNLIMITED MEN 75 ML,Gs   65.950,https://www.stock.com.py/images/thumbs/0190700_500.jpeg,17/12/24
Colonias,COLONIA BLITZ SMART SWEET CARE 75ML,Gs   20.900,https://www.stock.com.py/images/thumbs/0187248_500.jpeg,17/12/24
Colonias,COLONIA BLITZ FUNNY SWEET CARE 75ML,Gs   20.900,https://www.stock.com.py/images/thumbs/0187246_500.jpeg,17/12/24
Colonias,COLONIA BLITZ BEAUTIFUL SWEET CARE 75ML,Gs   20.900,https://www.stock.com.py/images/thumbs/0187244_500.jpeg,17/12/24
Colonias,COLONIA BLITZ AMAZING SWEET CARE 75ML,Gs   20.900,https://www.stock.com.py/images/thumbs/0187243_500.jpeg,17/12/24
Colonias,BODY SPLASH TROPICAL 110ML LOLI CJA,Gs   17.500,https://www.stock.com.py/images/thumbs/0173393_500.jpeg,17/12/24
Colonias,BODY SPLASH TROPICAL 110ML LOLI FCO,Gs   15.900,https://www.stock.com.py/images/thumbs/0173392_500.jpeg,17/12/24
Colonias,BODY SPLASH VAINILLA 110ML LOLI CJA,Gs   17.500,https://www.stock.com.py/images/thumbs/0173391_500.jpeg,17/12/24
Colonias,BODY SPLASH VAINILLA 110ML LOLI FCO,Gs   15.900,https://www.stock.com.py/images/thumbs/0173390_500.jpeg,17/12/24
Colonias,COLONIA BODY SPLASH LOVE 110ML LOLI CJA ,Gs   16.800,https://www.stock.com.py/images/thumbs/0173389_500.jpeg,17/12/24
Colonias,COLONIA BODY SPLASH MERRY 110ML LOLI CJA,Gs   16.800,https://www.stock.com.py/images/thumbs/0173388_500.jpeg,17/12/24
Colonias,COLONIA BODY SPLASH MERRY 110ML LOLI PLA,Gs   15.900,https://www.stock.com.py/images/thumbs/0173375_500.jpeg,17/12/24
Colonias,COLONIA BODY SPLASH LOVE 110ML LOLI PLA,Gs   15.900,https://www.stock.com.py/images/thumbs/0173374_500.jpeg,17/12/24
Colonias,COLONIA AGROFIELD FRESCAPEL COTT 300CC,Gs   25.000,https://www.stock.com.py/images/thumbs/0158320_500.jpeg,17/12/24
Colonias,COLONIA ALGABO BABY SUAVE BRIS,Gs   17.850,https://www.stock.com.py/images/thumbs/0144701_500.jpeg,17/12/24
Colonias,AGUA COLONIA HENO DE PRAVIA EP 500ML,Gs   55.300,https://www.stock.com.py/images/thumbs/0143769_500.jpeg,17/12/24
Colonias,COLONIA HENO DE PRAVIA 140ML,Gs   22.250,https://www.stock.com.py/images/thumbs/0143767_500.jpeg,17/12/24
Verduras,CHOCLO E/GRANOS 500GR FRUTOS DEL MAIPO PAQ,Gs   20.300,https://www.stock.com.py/images/thumbs/0179805_500.jpeg,17/12/24
Verduras,CHOCLO E/GRANOS 200GR FRUTOS DEL MAIPO PAQ,Gs   9.950,https://www.stock.com.py/images/thumbs/0179804_500.jpeg,17/12/24
Verduras,PRIMAVERA 200GR FRUTOS DEL MAIPO PAQ,Gs   8.700,https://www.stock.com.py/images/thumbs/0179803_500.jpeg,17/12/24
Verduras,ENSALADA RUSA 450GR FRUTOS DEL MAIPO PAQ,Gs   23.350,https://www.stock.com.py/images/thumbs/0179802_500.jpeg,17/12/24
Verduras,MIX DE FRUTAS TROPICAL 400GR FRUTOS DEL MAIPO PAQ,Gs   38.550,https://www.stock.com.py/images/thumbs/0179797_500.jpeg,17/12/24
Verduras,MIX D/BERRIES 400GR FRUTOS DEL MAIPO PAQ,Gs   45.950,https://www.stock.com.py/images/thumbs/0179795_500.jpeg,17/12/24
Verduras,SALTEADO D/THAI WOK 500GR FRUTOS DEL MAIPO PAQ,Gs   25.150,https://www.stock.com.py/images/thumbs/0179794_500.jpeg,17/12/24
Verduras,SALTEADO D/CHAP 500GR SUI WOK FRUTOS DEL MAIPO PAQ,Gs   26.000,https://www.stock.com.py/images/thumbs/0179793_500.jpeg,17/12/24
Verduras,FRAMBUESAS 250GR FRUTOS DEL MAIPO PAQ,Gs   35.850,https://www.stock.com.py/images/thumbs/0179790_500.jpeg,17/12/24
Verduras,FRUTILLAS 450GRA FRUTOS DEL MAIPO PAQ,Gs   32.750,https://www.stock.com.py/images/thumbs/0179789_500.jpeg,17/12/24
Verduras,ENSALADA PRIMAVERA 500GR FRUTOS DEL MAIPO PAQ,Gs   20.700,https://www.stock.com.py/images/thumbs/0179787_500.jpeg,17/12/24
Verduras,CHAMPIÑON LAMINADO IV BSA,Gs   67.000,https://www.stock.com.py/images/thumbs/0174150_500.jpeg,17/12/24
Verduras,ZANAHORIA BABY 1KG JV PQTE,Gs   40.900,https://www.stock.com.py/images/thumbs/0174148_500.jpeg,17/12/24
Verduras,COLIFLOR IV BSA,Gs   40.450,https://www.stock.com.py/images/thumbs/0174141_500.jpeg,17/12/24
Verduras,ARVEJAS 200GR FRUTOS DEL MAIPO PAQ,Gs   9.350,https://www.stock.com.py/images/thumbs/0173005_500.jpeg,17/12/24
Verduras,ESPARRAGOS MINUTO VERDE 350GR,Gs   26.600,https://www.stock.com.py/images/thumbs/0165484_500.jpeg,17/12/24
Verduras,MAIZ EN GRANO MINUTO VERDE,Gs   14.000,https://www.stock.com.py/images/thumbs/0147368_500.jpeg,17/12/24
Verduras,CHAUCHA MINUTO VERDE 350GR,Gs   13.950,https://www.stock.com.py/images/thumbs/0147366_500.jpeg,17/12/24
Verduras,ZANAHORIA CONGELADA TODOGRANJA,Gs   24.100,https://www.stock.com.py/images/thumbs/noDefaultImage_stock_500.gif,17/12/24
Vajillas Descartables,PLATO ROSA CLARO 15 CM X10 UNID. CORINTER,Gs   3.400,https://www.stock.com.py/images/thumbs/0208805_500.jpeg,17/12/24
Vajillas Descartables,BANDEJA DE ALUMINIO PAR/HOR GIOPACK 500M,Gs   13.900,https://www.stock.com.py/images/thumbs/0207435_500.jpeg,17/12/24
Vajillas Descartables,BANDEJA DE ALUM/P/HOR GIOPACK 220ML 4UN,Gs   9.900,https://www.stock.com.py/images/thumbs/0207434_500.jpeg,17/12/24
Vajillas Descartables,BANDEJA DE ALUMINIO DESC/P/HOR GIOPACK 3,Gs   16.800,https://www.stock.com.py/images/thumbs/0207433_500.jpeg,17/12/24
Vajillas Descartables,BANDEJA DE ALUMINIO DESC/P/HOR GIOPACK 4,Gs   17.600,https://www.stock.com.py/images/thumbs/0207432_500.jpeg,17/12/24
Vajillas Descartables,BANDEJA DE ALUM. 1.5L WYDA PRATICA 10UN,Gs   36.400,https://www.stock.com.py/images/thumbs/0206779_500.jpeg,17/12/24
Vajillas Descartables,VASO DESCARTABLE TRANS 200ML ASIPLAST BSA,Gs   9.100,https://www.stock.com.py/images/thumbs/0206348_500.jpeg,17/12/24
Vajillas Descartables,VASO DESCARTABLE BLANCO 200 ML ASIPLAST BSA,Gs   19.800,https://www.stock.com.py/images/thumbs/0206347_500.jpeg,17/12/24
Vajillas Descartables,VASO DESCARTABLE TRANS 250 ML ASIPLAST BSA,Gs   17.300,https://www.stock.com.py/images/thumbs/0206346_500.jpeg,17/12/24
Vajillas Descartables,VASO DESCARTABLE TRANSP 200 ML ASIPLAST BSA,Gs   13.100,https://www.stock.com.py/images/thumbs/0206345_500.jpeg,17/12/24
Vajillas Descartables,VASO DESCARTABLE TRANS 180 ML ASIPLAST BSA,Gs   12.200,https://www.stock.com.py/images/thumbs/0206344_500.jpeg,17/12/24
Vajillas Descartables,PLATO AZUL 15 CM X 10UN CORINTER,Gs   3.500,https://www.stock.com.py/images/thumbs/0206324_500.jpeg,17/12/24
Vajillas Descartables,PLATO BLANCO 15 CM 10 UN CORINTER,Gs   3.400,https://www.stock.com.py/images/thumbs/0206323_500.jpeg,17/12/24
Vajillas Descartables,VASO DESC CHOPP 400ML 10UN SERT PLAST,Gs   25.100,https://www.stock.com.py/images/thumbs/0204082_500.jpeg,17/12/24
Vajillas Descartables,VASO DESEC AMERICANO 200ML 10UN SERT PLA,Gs   17.700,https://www.stock.com.py/images/thumbs/0204081_500.jpeg,17/12/24
Vajillas Descartables,DISNEY MINNIE MOUSE VASO DE COTILLON 6 UNIDADES,Gs   14.450,https://www.stock.com.py/images/thumbs/0203332_500.jpeg,17/12/24
Vajillas Descartables,DISNEY MICKEY VASO DE COTILLON 6 UNIDADES,Gs   14.450,https://www.stock.com.py/images/thumbs/0203331_500.jpeg,17/12/24
Vajillas Descartables,MARVEL AVENGERS VASO DE COTILLON 6 UNIDADES,Gs   14.450,https://www.stock.com.py/images/thumbs/0203327_500.jpeg,17/12/24
Vajillas Descartables,GUANTES DESECHABLES ANTIBACTERIAL 50UN,Gs   11.900,https://www.stock.com.py/images/thumbs/0202796_500.jpeg,17/12/24
Vajillas Descartables,BOLSAS CAMISILLA BIODEG 40CM X 50CM 90UN,Gs   15.700,https://www.stock.com.py/images/thumbs/0202791_500.jpeg,17/12/24
Vajillas Descartables,BANDEJA DE ALUM. 500ML WYDA PRATICA 10UN,Gs   22.800,https://www.stock.com.py/images/thumbs/0202282_500.jpeg,17/12/24
Vajillas Descartables,ALTACOPPO VASOS DESCARTABLES 500 ML 50 UNIDADES,Gs   34.600,https://www.stock.com.py/images/thumbs/0200822_500.jpeg,17/12/24
Vajillas Descartables,CORINTER VASOS BIODEGRADABLES 350 ML ROSADO 10 UNIDADES,Gs   18.400,https://www.stock.com.py/images/thumbs/0200144_500.jpeg,17/12/24
Vajillas Descartables,CORINTER VASOS BIODEGRADABLES 350 ML ROJO 10 UNIDADES,Gs   18.400,https://www.stock.com.py/images/thumbs/0200143_500.jpeg,17/12/24
Vajillas Descartables,CORINTER VASOS BIODEGRADABLES 350 ML AZUL 10 UNIDADES,Gs   18.400,https://www.stock.com.py/images/thumbs/0200142_500.jpeg,17/12/24
Vajillas Descartables,CORINTER VASOS BIODEGRADABLES 350 ML TURQUESA 10 UNIDADES,Gs   18.400,https://www.stock.com.py/images/thumbs/0200141_500.jpeg,17/12/24
Vajillas Descartables,CORINTER VASOS BIODEGRADABLES 350 ML BLANCO 10 UNIDADES,Gs   18.400,https://www.stock.com.py/images/thumbs/0200140_500.jpeg,17/12/24
Vajillas Descartables,CORINTER PLATOS BIODEGRADABLES 23 CM ROJO 5 UNIDADES,Gs   18.700,https://www.stock.com.py/images/thumbs/0200139_500.jpeg,17/12/24
A Granel,JAMONADA GRANDE KG.,Gs   18.900,https://www.stock.com.py/images/thumbs/0211711_500.jpeg,17/12/24
A Granel,SALAME LA CASONA TIPO MILAN X KG,Gs   117.100,https://www.stock.com.py/images/thumbs/0211528_500.jpeg,17/12/24
A Granel,SALAME LA CASONA PEPPERONI X KG,Gs   121.400,https://www.stock.com.py/images/thumbs/0211517_500.jpeg,17/12/24
A Granel,FIAMBRE UPISA CERVECERO X KG,Gs   34.900,https://www.stock.com.py/images/thumbs/0208304_500.jpeg,17/12/24
A Granel,PANCETA AHUMADA X KG UPISA,Gs   59.500,https://www.stock.com.py/images/thumbs/0207018_500.jpeg,17/12/24
A Granel,COSTELETA AHUMADA OCHSI X KG,Gs   49.900,https://www.stock.com.py/images/thumbs/0206982_500.png,17/12/24
A Granel,SALAME TIPO MILAN CHACRA xKG,Gs   89.900,https://www.stock.com.py/images/thumbs/0198472_500.jpeg,17/12/24
A Granel,SALAME TIPO MILAN CAGNOLI XKG S/E,Gs   118.900,https://www.stock.com.py/images/thumbs/0198471_500.png,17/12/24
A Granel,JAMONADA FRIMESA xKG,Gs   36.900,https://www.stock.com.py/images/thumbs/0187848_500.jpeg,17/12/24
A Granel,CHORIZO PARRILLERO SIN PICANTE FRANZ xKG,Gs   29.900,https://www.stock.com.py/images/thumbs/0185562_500.jpeg,17/12/24
A Granel,JAMONADA SADIA X KG,Gs   37.200,https://www.stock.com.py/images/thumbs/0173834_500.jpeg,17/12/24
A Granel,PECHUGA DE PAVO SADIA X KG,Gs   132.900,https://www.stock.com.py/images/thumbs/0173751_500.jpeg,17/12/24
A Granel,PALETA COCIDA DE JAMON CERDO SADIA ,Gs   57.800,https://www.stock.com.py/images/thumbs/0173750_500.jpeg,17/12/24
A Granel,JAMON COCIDO FRANZ X KG,Gs   67.900,https://www.stock.com.py/images/thumbs/0166602_500.png,17/12/24
A Granel,CHORIZO DE VIENA FRANZ X KG,Gs   29.900,https://www.stock.com.py/images/thumbs/0161471_500.jpeg,17/12/24
A Granel,PANCHO FRANZ X KG,Gs   31.900,https://www.stock.com.py/images/thumbs/0161470_500.jpeg,17/12/24
A Granel,SALAMITOS PAQUETE 4 UN,Gs   78.900,https://www.stock.com.py/images/thumbs/0159372_500.png,17/12/24
A Granel,FIAMBRE SURTIDO OCHSI X KG,Gs   39.900,https://www.stock.com.py/images/thumbs/0157732_500.jpeg,17/12/24
A Granel,BALA DE CERV 1KG FIAMBRE OCHSI 1 KG,Gs   49.900,https://www.stock.com.py/images/thumbs/0157731_500.jpeg,17/12/24
A Granel,PANCETA AHUMADA OCHSI X KG,Gs   67.900,https://www.stock.com.py/images/thumbs/0157729_500.jpeg,17/12/24
A Granel,JAMON CRUDO OCHSI 1 KG,Gs   73.900,https://www.stock.com.py/images/thumbs/0157723_500.jpeg,17/12/24
A Granel,MORTADELA ESPECIAL FRANZ X KG,Gs   34.900,https://www.stock.com.py/images/thumbs/0140385_500.jpeg,17/12/24
A Granel,FIAMBRE SURTIDOS FRANZ X KG ,Gs   34.900,https://www.stock.com.py/images/thumbs/0140368_500.jpeg,17/12/24
A Granel,JAMONADA FRANZ X KG,Gs   31.900,https://www.stock.com.py/images/thumbs/0140366_500.jpeg,17/12/24
A Granel,SALAME CHORTI TIPO PEPERONI X KL,Gs   79.900,https://www.stock.com.py/images/thumbs/0140346_500.jpeg,17/12/24
A Granel,PANCETA AHUMADA CHORTI X KG,Gs   60.900,https://www.stock.com.py/images/thumbs/0139530_500.jpeg,17/12/24
A Granel,FIAMBRE SURTIDO GRANDE X KG . GRANDE,Gs   25.900,https://www.stock.com.py/images/thumbs/0139409_500.jpeg,17/12/24
Mayonesa,MAYONESA SABOR ALIOLI HELLMANN'S 940 GR,Gs   34.050,https://www.stock.com.py/images/thumbs/0207269_500.jpeg,17/12/24
Mayonesa,MAYONESA CON LIMON HELLMANN'S 500GR,Gs   15.000,https://www.stock.com.py/images/thumbs/0205159_500.jpeg,17/12/24
Mayonesa,MAYONESA 250CC/KETCHUP 250CC NATURA PACK,Gs   14.700,https://www.stock.com.py/images/thumbs/0204550_500.jpeg,17/12/24
Mayonesa,HELLMANN-S MAYONESA RECETA TIPO CASERA 445 GR,Gs   24.600,https://www.stock.com.py/images/thumbs/0199871_500.jpeg,17/12/24
Mayonesa,HELLMANN-S MAYONESA RECETA TIPO CASERA 320 GR,Gs   19.450,https://www.stock.com.py/images/thumbs/0199865_500.jpeg,17/12/24
Mayonesa,MAYONESA CLASICA HELLMANNS 475GR,Gs   18.100,https://www.stock.com.py/images/thumbs/0198664_500.jpeg,17/12/24
Mayonesa,MAYONESA CLASICA HELLMANNS 950GR,Gs   34.050,https://www.stock.com.py/images/thumbs/0198645_500.jpeg,17/12/24
Mayonesa,MAYONESA CASERA 232GR HELLMANNS,Gs   13.600,https://www.stock.com.py/images/thumbs/0196774_500.jpeg,17/12/24
Mayonesa,MAYONESA CLASICA HELLMANNS 237GR,Gs   9.650,https://www.stock.com.py/images/thumbs/0196182_500.jpeg,17/12/24
Mayonesa,MAYONESA CON ACEITE DE OLIVA MAYOLIVA 250GR,Gs   12.900,https://www.stock.com.py/images/thumbs/0195427_500.jpeg,17/12/24
Mayonesa,MAYONESA CON ACEITE DE OLIVA MAYOLIVA 125GR,Gs   6.700,https://www.stock.com.py/images/thumbs/0195425_500.jpeg,17/12/24
Mayonesa,MAYONESA CON ACEITE DE OLIVA MAYOLIVA 475GR,Gs   23.850,https://www.stock.com.py/images/thumbs/0195424_500.jpeg,17/12/24
Mayonesa,MAYONESA NATURA 500GR,Gs   15.400,https://www.stock.com.py/images/thumbs/0195423_500.jpeg,17/12/24
Mayonesa,MAYONESA NATURA 1KG,Gs   29.850,https://www.stock.com.py/images/thumbs/0195422_500.jpeg,17/12/24
Mayonesa,MAYONESA NATURA 250GR,Gs   8.300,https://www.stock.com.py/images/thumbs/0195421_500.jpeg,17/12/24
Mayonesa,MAYONESA NATURA 125GR,Gs   4.500,https://www.stock.com.py/images/thumbs/0195420_500.jpeg,17/12/24
Mayonesa,MAYONESA NATIVO 500GR,Gs   12.150,https://www.stock.com.py/images/thumbs/0188122_500.jpeg,17/12/24
Mayonesa,MAYONESA NATIVO 230GR,Gs   6.250,https://www.stock.com.py/images/thumbs/0188121_500.jpeg,17/12/24
Mayonesa,MAYONESA NATIVO 125GR,Gs   3.100,https://www.stock.com.py/images/thumbs/0188120_500.jpeg,17/12/24
Mayonesa,MAYONESA BIANCA 125gr,Gs   2.850,https://www.stock.com.py/images/thumbs/0186453_500.jpeg,17/12/24
Mayonesa,MAYONESA 500GR BIANCA DOY,Gs   10.700,https://www.stock.com.py/images/thumbs/0169670_500.jpeg,17/12/24
Mayonesa,MAYONESA 250GR BIANCA DOY,Gs   4.200,https://www.stock.com.py/images/thumbs/0169668_500.jpeg,17/12/24
Mayonesa, PACK HELLMANNS  MAY LIGHT SACH X 475GR  GALLETITA CRACKERS CON SEMILLA DE CHIA X 62GR,Gs   54.900,https://www.stock.com.py/images/thumbs/noDefaultImage_stock_500.gif,17/12/24
Cuidado y Limpieza,LIMPIA VIDRIOS ANTIEMPAN?ANTE 200 ML C/G,Gs   27.100,https://www.stock.com.py/images/thumbs/0212714_500.png,17/12/24
Cuidado y Limpieza,AROMATIZANTE MINI GEL LAVANDA CAR 70GR GLADE LATA,Gs   13.900,https://www.stock.com.py/images/thumbs/0212444_500.jpeg,17/12/24
Cuidado y Limpieza,LIMPIA NEUMATICOS CLASSIC 500 ML PROAUTO,Gs   25.100,https://www.stock.com.py/images/thumbs/0202771_500.jpeg,17/12/24
Cuidado y Limpieza,PROTECTOR P/ CUERO C/ GATILLO 200ML PROA,Gs   29.350,https://www.stock.com.py/images/thumbs/0202769_500.jpeg,17/12/24
Cuidado y Limpieza,LIMPIA VIDRIOS PERFUMADO AUTOCRAFT 500 M,Gs   17.500,https://www.stock.com.py/images/thumbs/0202727_500.jpeg,17/12/24
Cuidado y Limpieza,LIMPIA NEUMATICOS AUTOCRAFT 500 ML PROAU,Gs   20.200,https://www.stock.com.py/images/thumbs/0202726_500.jpeg,17/12/24
Cuidado y Limpieza,SILICONA DE SECADO RAPIDO PERFUMADO 120,Gs   18.200,https://www.stock.com.py/images/thumbs/0202725_500.jpeg,17/12/24
Cuidado y Limpieza,CERA EN PASTA TRADICIONAL 200 GR PROAUTO,Gs   30.350,https://www.stock.com.py/images/thumbs/0202724_500.jpeg,17/12/24
Cuidado y Limpieza,LAVA AUTOS CON CERA 500 ML PROAUTO PET,Gs   27.300,https://www.stock.com.py/images/thumbs/0202723_500.jpeg,17/12/24
Cuidado y Limpieza,SILICONA EN AEROSOL AQUA SPORT REVIGAL 440cm3,Gs   43.500,https://www.stock.com.py/images/thumbs/0198474_500.jpeg,17/12/24
Cuidado y Limpieza,REVIVIDOR DE COLOR NEGRO REVIGAL 490cm3,Gs   31.350,https://www.stock.com.py/images/thumbs/0198473_500.jpeg,17/12/24
Cuidado y Limpieza,AROMATIZANTE GEL FRESA 60 GR PROAUTO FCO,Gs   13.650,https://www.stock.com.py/images/thumbs/0193881_500.jpeg,17/12/24
Cuidado y Limpieza,CARFRESH EROTIC AROMATIZANTE PARA AUTO DE MARACUYA 75 CC,Gs   15.000,https://www.stock.com.py/images/thumbs/0192611_500.jpeg,17/12/24
Cuidado y Limpieza,CARFRESH AROMATIZANTE PARA AUTO VERDES AFRUTADOS 75 ML,Gs   15.000,https://www.stock.com.py/images/thumbs/0192609_500.jpeg,17/12/24
Cuidado y Limpieza,CARFRESH AROMATIZANTE PARA AUTO BERGAMOTA ROSA 75 ML,Gs   15.000,https://www.stock.com.py/images/thumbs/0192608_500.jpeg,17/12/24
Cuidado y Limpieza,CARFRESH AROMATIZANTE PARA AUTO CUERO CHOCOLATE 75 ML,Gs   15.000,https://www.stock.com.py/images/thumbs/0192607_500.jpeg,17/12/24
Cuidado y Limpieza,SILICONA PERFUMADA AMERICA PARA AUTO CENTRALSUL 400ML,Gs   28.900,https://www.stock.com.py/images/thumbs/0186732_500.jpeg,17/12/24
Cuidado y Limpieza,SILICONA PERFUMADA PARA AUTO EN AEROSOL CENTRALSUL 400ML,Gs   38.650,https://www.stock.com.py/images/thumbs/0186728_500.jpeg,17/12/24
Cuidado y Limpieza,SILICONA JIMO GEL 200 GR,Gs   21.000,https://www.stock.com.py/images/thumbs/0185139_500.jpeg,17/12/24
Cuidado y Limpieza,SILICONA GEL PERFUMADO 150 GR PROAUTO PET,Gs   20.200,https://www.stock.com.py/images/thumbs/0185128_500.jpeg,17/12/24
Cuidado y Limpieza,ESPONJA DE LIMPIEZA PROAUTO BLIS,Gs   28.350,https://www.stock.com.py/images/thumbs/0185123_500.jpeg,17/12/24
Cuidado y Limpieza,LIMPIA NEUMATICOS ACTIVA GLOSS 500 ML PROAUTO,Gs   31.550,https://www.stock.com.py/images/thumbs/0185119_500.jpeg,17/12/24
Cuidado y Limpieza,AROMATIZANTE GEL TALCO 60 GR PROAUTO FCO,Gs   13.650,https://www.stock.com.py/images/thumbs/0185039_500.jpeg,17/12/24
Cuidado y Limpieza,AROMATIZANTE GEL NUEVO 60 GR PROAUTO FCO,Gs   13.650,https://www.stock.com.py/images/thumbs/0185037_500.jpeg,17/12/24
Cuidado y Limpieza,AROMATIZANTE BREEZE CAR FRESH 6.5 GR PROAUTO BLIS,Gs   19.200,https://www.stock.com.py/images/thumbs/0185035_500.jpeg,17/12/24
Paraguay/Ricota,QUESO PARAGUAY LA FORTUNA xKG,Gs   51.950,https://www.stock.com.py/images/thumbs/0197715_500.jpeg,23/12/24
Paraguay/Ricota,QUESO PARAGUAY TREBOL 1 KG,Gs   55.850,https://www.stock.com.py/images/thumbs/0161854_500.jpeg,23/12/24
Paraguay/Ricota,QUESO RICOTTA LA PRADERA 1,Gs   32.700,https://www.stock.com.py/images/thumbs/0161782_500.jpeg,23/12/24
Paraguay/Ricota,QUESO PARAGUAY X KG LACTOLANDA S/E,Gs   50.850,https://www.stock.com.py/images/thumbs/0161584_500.jpeg,23/12/24
Paraguay/Ricota,QUESO RICOTA TREBOL GRA 1 KG R,Gs   37.350,https://www.stock.com.py/images/thumbs/0138042_500.jpeg,23/12/24
Paraguay/Ricota,QUESO PARAGUAY LA PRADERA 1 KG x 1,Gs   57.800,https://www.stock.com.py/images/thumbs/0117053_500.jpeg,23/12/24
Paraguay/Ricota,QUESO TCHE PARAGUAY KG,Gs   48.800,https://www.stock.com.py/images/thumbs/noDefaultImage_stock_500.gif,23/12/24
Cuidado para Calzados,POMADA LIQ AUTOBRILLO MARRON 60ML WASSINGTON FCO,Gs   16.950,https://www.stock.com.py/images/thumbs/0176029_500.jpeg,23/12/24
Cuidado para Calzados,POMADA LIQ AUTOBRILLO NEGRO 60GR WASSINGTON FCO,Gs   16.950,https://www.stock.com.py/images/thumbs/0176028_500.jpeg,23/12/24
Cuidado para Calzados,POMADA LIQUIDA CUERO/CUERINA BLANCO 60CM WASSINGTON PLAS,Gs   15.950,https://www.stock.com.py/images/thumbs/0176022_500.jpeg,23/12/24
Cuidado para Calzados,ESPONJA PARA ZAPATOS WASSINGTON MARRON,Gs   25.950,https://www.stock.com.py/images/thumbs/0176021_500.jpeg,23/12/24
Cuidado para Calzados,ESPONJA PARA ZAPATOS WASSINGTON NEGRO,Gs   25.950,https://www.stock.com.py/images/thumbs/0176020_500.jpeg,23/12/24
Cuidado para Calzados,ESPONJA BRILLO PARA CALZADO WASSI,Gs   25.950,https://www.stock.com.py/images/thumbs/0176019_500.jpeg,23/12/24
Cuidado para Calzados,POMADA PARA CALZADO NEGRO 30GR WASSINTON,Gs   8.700,https://www.stock.com.py/images/thumbs/0176017_500.jpeg,23/12/24
Pastas Sin Relleno,DISCOS P/EMPANADAS SEMI HOJALDRADA P/HORNEAR 12UN EDWARD PAQ,Gs   5.650,https://www.stock.com.py/images/thumbs/0212452_500.jpeg,23/12/24
Pastas Sin Relleno,HILDEBRAND DISCOS PARA EMPANADA CHICO PARA FREIR 12 UNIDADES,Gs   2.950,https://www.stock.com.py/images/thumbs/0203806_500.jpeg,23/12/24
Pastas Sin Relleno,ÑOQUIS FRESCOS HILDEBRAND 1KG,Gs   14.450,https://www.stock.com.py/images/thumbs/0201237_500.jpeg,23/12/24
Pastas Sin Relleno,HILDEBRAND DISCOS PARA EMPANADAS PARA HORNO GRANDE 440 GR 12 UNIDADES,Gs   9.600,https://www.stock.com.py/images/thumbs/0200171_500.jpeg,23/12/24
Pastas Sin Relleno,HILDEBRAND DISCOS PARA EMPANADAS PARA FREIR GRANDE 440 GR 12 UNIDADES,Gs   5.750,https://www.stock.com.py/images/thumbs/0200170_500.jpeg,23/12/24
Pastas Sin Relleno,HILDEBRAND DISCOS PARA EMPANADAS PARA FREIR MEDIANO 320 GR 12 UNIDADES,Gs   4.700,https://www.stock.com.py/images/thumbs/0200169_500.jpeg,23/12/24
Pastas Sin Relleno,FIDEOS FRESCOS TALLARINES 1KG EDWARD PAQ,Gs   16.650,https://www.stock.com.py/images/thumbs/0192121_500.jpeg,23/12/24
Pastas Sin Relleno,TAGLIATELLE QUIERO MAS 500GR,Gs   9.900,https://www.stock.com.py/images/thumbs/0191939_500.jpeg,23/12/24
Pastas Sin Relleno,FETTUCCINE QUIERO MAS 500GR,Gs   9.900,https://www.stock.com.py/images/thumbs/0191938_500.jpeg,23/12/24
Pastas Sin Relleno,SPAGHETTI QUIERO MAS 500GR,Gs   9.900,https://www.stock.com.py/images/thumbs/0191937_500.jpeg,23/12/24
Pastas Sin Relleno,ÑOQUIS QUIERO MAS 1KG,Gs   16.400,https://www.stock.com.py/images/thumbs/0191929_500.jpeg,23/12/24
Pastas Sin Relleno,ÑOQUIS QUIERO MAS 500GR,Gs   8.250,https://www.stock.com.py/images/thumbs/0191928_500.jpeg,23/12/24
Pastas Sin Relleno,ÑOQUIS CON PAPA 1KG EDWARD PAQUETE,Gs   14.900,https://www.stock.com.py/images/thumbs/0158162_500.jpeg,23/12/24
Pastas Sin Relleno,ÑOQUIS STOCK X 500 GR PAPA,Gs   7.000,https://www.stock.com.py/images/thumbs/0138447_500.jpeg,23/12/24
Pastas Sin Relleno,FIDEOS AL HUEVO STOCK 500 GR,Gs   7.900,https://www.stock.com.py/images/thumbs/0138446_500.jpeg,23/12/24
Sidras,SIDRA SABOR ANANA BIANCA 710ML,Gs   19.900,https://www.stock.com.py/images/thumbs/0207406_500.jpeg,23/12/24
Sidras,SIDRA SABOR MANZANA BIANCA 910ML,Gs   17.900,https://www.stock.com.py/images/thumbs/0207405_500.jpeg,23/12/24
Sidras,SIDRA SABOR FRESA BIANCA 710ML,Gs   19.900,https://www.stock.com.py/images/thumbs/0207404_500.jpeg,23/12/24
Sidras,SIDRA ESPUMANTE PREFERIDA 910ML,Gs   18.000,https://www.stock.com.py/images/thumbs/0197884_500.jpeg,23/12/24
Sidras,SIDRA ESPUMANTE UVA 660ML CERESER BOT,Gs   19.750,https://www.stock.com.py/images/thumbs/0176302_500.jpeg,23/12/24
Sidras,SIDRA ESPUMANTE MORANGO 660ML CERESER BOTELLA,Gs   19.750,https://www.stock.com.py/images/thumbs/0169734_500.jpeg,23/12/24
Sidras,SIDRA SABOR DURAZNO CERESER 660ML,Gs   19.750,https://www.stock.com.py/images/thumbs/0169733_500.png,23/12/24
Sidras,SIDRA SIN ALCOHOL CERESER UVA BOTELLA 660ML,Gs   20.950,https://www.stock.com.py/images/thumbs/0155568_500.jpeg,23/12/24
Sidras,SIDRA SIN ALCOHOL CERESER FRUTILLA BOTELLA 660ML,Gs   20.950,https://www.stock.com.py/images/thumbs/0155567_500.jpeg,23/12/24
Sidras,SIDRA SIN ALCOHOL CERESER DURAZNO BOTELLA 660ML,Gs   20.950,https://www.stock.com.py/images/thumbs/0155566_500.jpeg,23/12/24
Sidras,SIDRA SIN ALCOHOL CERESER MANZANA BOTELLA 660ML,Gs   20.950,https://www.stock.com.py/images/thumbs/0155565_500.jpeg,23/12/24
Inflamables,ALCOHOL GEL PARA QUEMAR MARAVILLA 450 ML,Gs   16.950,https://www.stock.com.py/images/thumbs/0188790_500.jpeg,23/12/24
Inflamables,ALCOHOL DE QUEMAR MARAVILLA 1LT,Gs   16.950,https://www.stock.com.py/images/thumbs/0188789_500.jpeg,23/12/24
Inflamables,DESODORANTE PARA PISO BASE BASE BOTROSA 750 CC,Gs   5.300,https://www.stock.com.py/images/thumbs/0172467_500.jpeg,23/12/24
Inflamables,ALCOHOL DE QUEMAR BASE BASE EP 350 CC,Gs   7.100,https://www.stock.com.py/images/thumbs/0150814_500.jpeg,23/12/24
Inflamables,KEROSENE BASE BASE BOTELLA 750 CC,Gs   20.100,https://www.stock.com.py/images/thumbs/0150785_500.jpeg,23/12/24
Inflamables,ALCOHOL BASE BASE BOTELLA PLA. 1 LITRO,Gs   17.200,https://www.stock.com.py/images/thumbs/0150784_500.jpeg,23/12/24
Inflamables,ALCOHOL DE QUEMAR BASE BASE BOTELLA 500 CC,Gs   9.800,https://www.stock.com.py/images/thumbs/0150783_500.jpeg,23/12/24
Inflamables,KEROSENE BASE BASE BOTELLA 350 CC,Gs   10.200,https://www.stock.com.py/images/thumbs/0150764_500.jpeg,23/12/24
Inflamables,ALCOHOL DE QUEMAR AMITA EP 500,Gs   9.000,https://www.stock.com.py/images/thumbs/0150105_500.jpeg,23/12/24
Inflamables,ALCOHOL DE QUEMAR AMITA EP 1 L,Gs   16.700,https://www.stock.com.py/images/thumbs/0150104_500.jpeg,23/12/24
Elementos de Pintura,TEMPERA GUACHE 6COLORES 15ML TOQUE MAGIC,Gs   9.600,https://www.stock.com.py/images/thumbs/0207937_500.jpeg,23/12/24
Elementos de Pintura,ESTUCHE ACRILEX EST 6 UN CUADR,Gs   10.900,https://www.stock.com.py/images/thumbs/0166324_500.png,23/12/24
Elementos de Pintura,PINCEL 815 NRO 24 ALE ART JR TIGRE BLIS,Gs   17.800,https://www.stock.com.py/images/thumbs/noDefaultImage_stock_500.gif,23/12/24
Elementos de Pintura,MALETA SET PINCELES DE 86PCS 9050,Gs   55.000,https://www.stock.com.py/images/thumbs/noDefaultImage_stock_500.gif,23/12/24
Pollos,CROQUETAS D/POLLO C/QUESO PECHUGON 500GR,Gs   21.600,https://www.stock.com.py/images/thumbs/0211602_500.jpeg,23/12/24
Pollos,CORAZON DE POLLO CONG.10KG,Gs   32.500,https://www.stock.com.py/images/thumbs/0211600_500.jpeg,23/12/24
Pollos,MUSLO PECHUGON PAQ INDIV CONG XKL,Gs   13.750,https://www.stock.com.py/images/thumbs/0208350_500.jpeg,23/12/24
Pollos,ALA DE POLLO CONGELADO EN PAQUETE KZERO POR KILO,Gs   20.250,https://www.stock.com.py/images/thumbs/0208187_500.png,23/12/24
Pollos,MUSLO PARRILLERO EN PAQUETE KZERO POR KILO,Gs   19.950,https://www.stock.com.py/images/thumbs/0208186_500.png,23/12/24
Pollos,PECHUGA CON HUESO CONGELADA EN PAQUETE KZERO POR KILO,Gs   17.750,https://www.stock.com.py/images/thumbs/0208185_500.png,23/12/24
Pollos,NUGGETS DE PECHUGA DE POLLO KZERO 800GR,Gs   32.500,https://www.stock.com.py/images/thumbs/0208184_500.jpeg,23/12/24
Pollos,CORAZON DE POLLO FRESCO KZERO 1 KG BANDEJA,Gs   42.350,https://www.stock.com.py/images/thumbs/0207234_500.png,23/12/24
Pollos,PECHUGA PECHUGON PAQ INDIV CONG XKG,Gs   14.900,https://www.stock.com.py/images/thumbs/0207189_500.jpeg,23/12/24
Pollos,MUSLO DE POLLO PARRILLERO FRESCO KZERO EN BANDEJA POR KILO,Gs   27.900,https://www.stock.com.py/images/thumbs/0207005_500.png,23/12/24
Pollos,FILET DE PECHUGA FRESCA KZERO XKG,Gs   34.100,https://www.stock.com.py/images/thumbs/0202033_500.png,23/12/24
Pollos,MUSLO DE POLLO PARRILLERO KZERO FRESCO POR KILO,Gs   23.250,https://www.stock.com.py/images/thumbs/0202032_500.png,23/12/24
Pollos,PECHUGA DE POLLO DESHUESADA SIN PIEL KZERO POR KILO,Gs   34.350,https://www.stock.com.py/images/thumbs/0202031_500.png,23/12/24
Pollos,MUSLITO DE ALA FRESCO KZERO GRANEL X KG .,Gs   30.900,https://www.stock.com.py/images/thumbs/0202030_500.png,23/12/24
Pollos,PECHUGA DE POLLO FRESCA CON HUESO KZERO POR KILO,Gs   20.700,https://www.stock.com.py/images/thumbs/0202029_500.png,23/12/24
Pollos,MUSLO DE POLLO FRESCO KZERO POR KILO,Gs   24.900,https://www.stock.com.py/images/thumbs/0202028_500.png,23/12/24
Pollos,ALA DE POLLO FRESCA KZERO POR KILO,Gs   27.100,https://www.stock.com.py/images/thumbs/0202027_500.png,23/12/24
Pollos,POLLO CONDIMENTADO FINAS HIERBAS FRESCO PECHUGON,Gs   16.100,https://www.stock.com.py/images/thumbs/0202013_500.png,23/12/24
Pollos,PECHUGA FRESCA CON HUESO KZERO EN BANDEJA,Gs   24.800,https://www.stock.com.py/images/thumbs/0201912_500.jpeg,23/12/24
Pollos,MUSLITO ALA FRESCO KZERO BANDEJA X KG,Gs   37.050,https://www.stock.com.py/images/thumbs/0201910_500.jpeg,23/12/24
Pollos,MOLLEJA FRESCA KZERO 1 KG,Gs   20.550,https://www.stock.com.py/images/thumbs/0201909_500.jpeg,23/12/24
Pollos,ALA DE POLLO FRESCA KZERO BJA,Gs   32.500,https://www.stock.com.py/images/thumbs/0201907_500.jpeg,23/12/24
Pollos,POLLO SIN MENUDENCIAS KZERO POR KILO,Gs   18.600,https://www.stock.com.py/images/thumbs/0201793_500.png,23/12/24
Pollos,POLLO FRESCO CON MENUDENCIAS KZERO POR KILO,Gs   14.550,https://www.stock.com.py/images/thumbs/0201792_500.png,23/12/24
Pollos,POLLO CONGELADO KZERO CON M 1 KG,Gs   12.000,https://www.stock.com.py/images/thumbs/0201790_500.png,23/12/24
Pollos,PECHUGA DE POLLO CON HUESO CONGELADO KZERO,Gs   16.200,https://www.stock.com.py/images/thumbs/0201789_500.png,23/12/24
Pollos,MUSLO DE POLLO CON CADERA PARRILLERO CONGELADO KZERO POR KILO,Gs   14.950,https://www.stock.com.py/images/thumbs/0201787_500.png,23/12/24
Pollos,MUSLO CONGELADO KZERO 1 KG,Gs   17.900,https://www.stock.com.py/images/thumbs/0201786_500.png,23/12/24
Borradores,CORRECTOR AL AGUA 18ML BIC BLI,Gs   5.050,https://www.stock.com.py/images/thumbs/0212685_500.png,23/12/24
Borradores,H-TONE CINTA CORRECTIVA 5MM X 6 METROS,Gs   7.500,https://www.stock.com.py/images/thumbs/0206042_500.jpeg,23/12/24
Borradores,H-TONE LAPIZ CORRECTOR 8 ML,Gs   10.950,https://www.stock.com.py/images/thumbs/0203299_500.jpeg,23/12/24
Borradores,BORRADOR DISEÑO TIPO CUTTER MAPED 1UNID,Gs   18.250,https://www.stock.com.py/images/thumbs/0199004_500.jpeg,23/12/24
Borradores,CORRECTOR BIC SHAVE`N SQUEEZE,Gs   25.850,https://www.stock.com.py/images/thumbs/0166403_500.png,23/12/24
Borradores,BORRADOR SMIRK 1UN DUSON BLIS,Gs   9.100,https://www.stock.com.py/images/thumbs/noDefaultImage_stock_500.gif,23/12/24
Chocolatadas/Batidos,CHOCOLATE EN POLVO MAZZEI AVENTURA BSA 200 GR ,Gs   5.500,https://www.stock.com.py/images/thumbs/0212248_500.jpeg,23/12/24
Chocolatadas/Batidos,CHOCOLATADA ENERGIA 400GR ZAELI PLA,Gs   11.300,https://www.stock.com.py/images/thumbs/0211757_500.png,23/12/24
Chocolatadas/Batidos,CHOCOLATADA EN POLVO NESCAU 370 GR,Gs   22.100,https://www.stock.com.py/images/thumbs/0207229_500.png,23/12/24
Chocolatadas/Batidos,CHOCOLATADA EN POLVO NESCAU 200 GR,Gs   8.500,https://www.stock.com.py/images/thumbs/0207228_500.jpeg,23/12/24
Chocolatadas/Batidos,GHIRARDI FERRO CACAO 50% CHOCOLATE EN POLVO 200 GR,Gs   25.200,https://www.stock.com.py/images/thumbs/0203907_500.jpeg,23/12/24
Chocolatadas/Batidos,CHOCOLATADA EN POLVO TODDY 370GR,Gs   18.500,https://www.stock.com.py/images/thumbs/0198644_500.jpeg,23/12/24
Chocolatadas/Batidos,CHOCOLATE EN POLVO 50% CACAO EL MONGE NESTLE 200GR,Gs   34.000,https://www.stock.com.py/images/thumbs/0198573_500.jpeg,23/12/24
Chocolatadas/Batidos,CHOCOLATE EN POLVO 100% CACAO EL MONGE NESTLE 200GR,Gs   36.200,https://www.stock.com.py/images/thumbs/0198572_500.jpeg,23/12/24
Chocolatadas/Batidos,TODDY ORIGINAL CHOCOLATADA EN POLVO 750 GR,Gs   33.000,https://www.stock.com.py/images/thumbs/0197311_500.jpeg,23/12/24
Chocolatadas/Batidos,GHIRARDI FERRO CACAO EN POLVO 200 GR,Gs   24.000,https://www.stock.com.py/images/thumbs/0197119_500.jpeg,23/12/24
Chocolatadas/Batidos,CHOCOLATE EN POLVO NESCAU 175GR,Gs   8.350,https://www.stock.com.py/images/thumbs/0195222_500.jpeg,23/12/24
Chocolatadas/Batidos,CHOCOLATADA EN POLVO CHOCOCHOCO PRIMICIA 400GR,Gs   12.800,https://www.stock.com.py/images/thumbs/0188457_500.jpeg,23/12/24
Chocolatadas/Batidos,CHOCOLATE EN POLVO NESCAU 730GR,Gs   37.500,https://www.stock.com.py/images/thumbs/0188387_500.jpeg,23/12/24
Chocolatadas/Batidos,CHOCOLATE EN POLVO BIANCA 400GR,Gs   8.200,https://www.stock.com.py/images/thumbs/0187890_500.jpeg,23/12/24
Chocolatadas/Batidos,CHOCOLATE EN POLVO BIANCA 800GR,Gs   19.900,https://www.stock.com.py/images/thumbs/0187889_500.jpeg,23/12/24
Chocolatadas/Batidos,CHOCOLATE INSTANTANEO EN POLVO MICKEY 500GR,Gs   37.600,https://www.stock.com.py/images/thumbs/0186600_500.jpeg,23/12/24
Chocolatadas/Batidos,CHOCOLATE EN POLVO MUKY 200GR,Gs   8.200,https://www.stock.com.py/images/thumbs/0184227_500.jpeg,23/12/24
Chocolatadas/Batidos,CACAO EN POLVO 200GR COPALSA,Gs   23.700,https://www.stock.com.py/images/thumbs/0182309_500.jpeg,23/12/24
Chocolatadas/Batidos,CHOCOLATE EN POLVO NESQUIK 400GR,Gs   23.500,https://www.stock.com.py/images/thumbs/0180951_500.jpeg,23/12/24
Chocolatadas/Batidos,CHOCOLATE EN POLVO TODDY POTE 2,Gs   9.500,https://www.stock.com.py/images/thumbs/0179161_500.jpeg,23/12/24
Chocolatadas/Batidos,FRUTILLA EN POLVO MUKY BOLSA 200gr,Gs   9.700,https://www.stock.com.py/images/thumbs/0175779_500.png,23/12/24
Chocolatadas/Batidos,CHOCOLATE EN POLVO 1010GR MUKY BSA,Gs   27.350,https://www.stock.com.py/images/thumbs/0175778_500.png,23/12/24
Chocolatadas/Batidos,CHOCOLATE EN POLVO MUKY BOLSA 700gr,Gs   20.300,https://www.stock.com.py/images/thumbs/0175777_500.png,23/12/24
Chocolatadas/Batidos,CHOCOLATE MUKY 400 GR,Gs   12.800,https://www.stock.com.py/images/thumbs/0175776_500.png,23/12/24
Chocolatadas/Batidos,CHOCOLATE EN POLVO BOLSA MUKY 200gr,Gs   6.950,https://www.stock.com.py/images/thumbs/0175775_500.png,23/12/24
Chocolatadas/Batidos,CHOCOLATE EN POLVO POTE MUKY 400gr ,Gs   15.850,https://www.stock.com.py/images/thumbs/0175774_500.png,23/12/24
Herramientas/Acces.,"BORNERA ""SUPERUTIL"" N.4/6/10",Gs   13.750,https://www.stock.com.py/images/thumbs/0192255_500.jpeg,23/12/24
Herramientas/Acces.,MARTILLO 1 UN PARA CARNE,Gs   39.700,https://www.stock.com.py/images/thumbs/0192251_500.jpeg,23/12/24
Herramientas/Acces.,LLAVE COMBINADA 24MM LIFE Y LVING REFST/060219 ,Gs   18.500,https://www.stock.com.py/images/thumbs/0189507_500.jpeg,23/12/24
Herramientas/Acces.,LLAVE COMBINADA 23MM LIFE Y LIVING REFST/060218,Gs   24.800,https://www.stock.com.py/images/thumbs/0189506_500.jpeg,23/12/24
Herramientas/Acces.,LLAVE COMBINADA 22MM LIFE Y LIVING REFST/060217 ,Gs   15.000,https://www.stock.com.py/images/thumbs/0189505_500.jpeg,23/12/24
Herramientas/Acces.,LLAVE COMBINADA 21MM LIFE Y LIVING REFST/060216 ,Gs   14.500,https://www.stock.com.py/images/thumbs/0189504_500.jpeg,23/12/24
Herramientas/Acces.,LLAVE COMBINADA 18MM LIFE Y LIVING REFST/060213 ,Gs   9.700,https://www.stock.com.py/images/thumbs/0189502_500.jpeg,23/12/24
Herramientas/Acces.,PINZA PELACABLE 7 STANFORD S/E REF ST-020528,Gs   43.200,https://www.stock.com.py/images/thumbs/0189450_500.jpeg,23/12/24
Herramientas/Acces.,TENAZA CARPINTERO 8  STANFORD S/E REF ST-020516,Gs   27.300,https://www.stock.com.py/images/thumbs/0189449_500.jpeg,23/12/24
Herramientas/Acces.,MARTILLO PATA DE CABRA STANFORD S/E REF ST-080101,Gs   30.900,https://www.stock.com.py/images/thumbs/0189446_500.jpeg,23/12/24
Herramientas/Acces.,SERRUCHO 18 STANFORD S/E REF ST-040101,Gs   23.900,https://www.stock.com.py/images/thumbs/0189443_500.jpeg,23/12/24
Herramientas/Acces.,LLAVE COMBINADA 11MM DAYO,Gs   30.000,https://www.stock.com.py/images/thumbs/0182092_500.jpeg,23/12/24
Herramientas/Acces.,LLAVE COMBINADA 16MM DAYO,Gs   23.800,https://www.stock.com.py/images/thumbs/0182086_500.jpeg,23/12/24
Herramientas/Acces.,DESTORNILLADOR PLANO PUNTA MAGNETICA STANFORD,Gs   20.500,https://www.stock.com.py/images/thumbs/0182084_500.jpeg,23/12/24
Herramientas/Acces.,JUEGO DE DESTORNILLADORES 6 PIEZAS PUNTA MAGNETICA STANFORD,Gs   45.400,https://www.stock.com.py/images/thumbs/0182082_500.jpeg,23/12/24
Herramientas/Acces.,PINZA PICO DE LORO 10 STANFORD S/E REF ST020212,Gs   79.900,https://www.stock.com.py/images/thumbs/0159950_500.jpeg,23/12/24
Herramientas/Acces.,DESTORNILLADOR PLANO  PUNTA MAGNETICA STANFORD S/E REF ST-010403,Gs   11.600,https://www.stock.com.py/images/thumbs/noDefaultImage_stock_500.gif,23/12/24
